id,date_time,address,lon,lat,Weather,road_surface,traffic_control_device,intersection_type,traffic_way_desc,collision_manner,num_involved_vehicles,vehicle1_configuration,driver1_contrib1,driver1_contrib2,vehicle2_configuration,driver2_contrib1,driver2_contrib2,vehicle3_configuration,driver3_contrib1,driver3_contrib2,vehicle4_configuration,driver4_contrib1,driver4_contrib2,vehicle5_configuration,driver5_contrib1,driver5_contrib2,vehicle6_configuration,driver6_contrib1,driver6_contrib2,vehicle7_configuration,driver7_contrib1,driver7_contrib2,Bicycle,Pedestrian,non_mv,non_motorist_location,non_motorist_action,non_motorist_type,manner_of_non_motorist_collision,Injury,Multiple,Gender1,Age1,Severity1,Hospital1,Gender2,Age2,Severity2,Hospital2,Gender3,Age3,Severity3,Hospital3,Gender4,Age4,Severity4,Hospital4,Gender5,Age5,Severity5,Hospital5,city_vehicle,Notes
215,05/24/2010 01:58:00 PM," PEARL STREET and JASPER STREET, Somerville, MA",-71.0921846,42.3870577,,,,,,,NA,NA,NA,NA,,,,NA,NA,NA,NA,NA,NA,NA,NA,NA,NA,NA,NA,NA,NA,NA,0,0,0,NA,,,,0,NA,,,,,,,NA,NA,NA,NA,NA,NA,NA,NA,NA,NA,NA,NA,NA,NA,0,
216,05/24/2010 05:31:00 PM," BROADWAY and MARSHALL STREET, Somerville, MA",-71.0929412,42.3924648,,,,,,,NA,NA,NA,NA,,,,NA,NA,NA,NA,NA,NA,NA,NA,NA,NA,NA,NA,NA,NA,NA,0,0,0,NA,,,,0,NA,,,,,,,NA,NA,NA,NA,NA,NA,NA,NA,NA,NA,NA,NA,NA,NA,0,
217,05/25/2010 03:51:00 PM," BROADWAY and MEDFORD STREET, Somerville, MA",-71.1043116,42.3973445,,,,,,,NA,NA,NA,NA,,,,NA,NA,NA,NA,NA,NA,NA,NA,NA,NA,NA,NA,NA,NA,NA,0,0,0,NA,,,,0,NA,,,,,,,NA,NA,NA,NA,NA,NA,NA,NA,NA,NA,NA,NA,NA,NA,0,
218,05/26/2010 01:51:00 PM," BROADWAY and HOLLAND STREET, Somerville, MA",-71.1271468,42.4032411,,,,,,,NA,NA,NA,NA,,,,NA,NA,NA,NA,NA,NA,NA,NA,NA,NA,NA,NA,NA,NA,NA,0,0,0,NA,,,,1,NA,,,,,,,NA,NA,NA,NA,NA,NA,NA,NA,NA,NA,NA,NA,NA,NA,0,
219,05/26/2010 06:33:00 PM," BEACON STREET and SACRAMENTO STREET, Somerville, MA",-71.1126424,42.3833749,,,,,,,NA,NA,NA,NA,,,,NA,NA,NA,NA,NA,NA,NA,NA,NA,NA,NA,NA,NA,NA,NA,0,0,0,NA,,,,0,NA,,,,,,,NA,NA,NA,NA,NA,NA,NA,NA,NA,NA,NA,NA,NA,NA,0,
220,05/26/2010 08:30:00 AM,"214 SOMERVILLE AVENUE, Somerville, MA",-71.0912509,42.3778867,,,,,,,NA,NA,NA,NA,,,,NA,NA,NA,NA,NA,NA,NA,NA,NA,NA,NA,NA,NA,NA,NA,1,0,0,NA,,,,1,NA,,,,,,,NA,NA,NA,NA,NA,NA,NA,NA,NA,NA,NA,NA,NA,NA,0,
221,05/27/2010 01:45:00 PM," PEARL STREET and WIGGLESWORTH STREET, Somerville, MA",-71.0919931,42.3869988,,,,,,,NA,NA,NA,NA,,,,NA,NA,NA,NA,NA,NA,NA,NA,NA,NA,NA,NA,NA,NA,NA,0,0,0,NA,,,,1,NA,,,,,,,NA,NA,NA,NA,NA,NA,NA,NA,NA,NA,NA,NA,NA,NA,0,
222,05/28/2010 07:05:00 PM," BROADWAY and BOSTON STREET, Somerville, MA",-71.111491,42.399676,,,,,,,NA,NA,NA,NA,,,,NA,NA,NA,NA,NA,NA,NA,NA,NA,NA,NA,NA,NA,NA,NA,0,0,0,NA,,,,1,NA,,,,,,,NA,NA,NA,NA,NA,NA,NA,NA,NA,NA,NA,NA,NA,NA,0,
223,05/28/2010 07:43:00 PM,"118 HOLLAND STREET, Somerville, MA",-71.1251331,42.3993496,,,,,,,NA,NA,NA,NA,,,,NA,NA,NA,NA,NA,NA,NA,NA,NA,NA,NA,NA,NA,NA,NA,0,0,0,NA,,,,0,NA,,,,,,,NA,NA,NA,NA,NA,NA,NA,NA,NA,NA,NA,NA,NA,NA,0,
224,05/28/2010 10:02:00 PM,"1051 BROADWAY, Somerville, MA",-71.123965,42.402142,,,,,,,NA,NA,NA,NA,,,,NA,NA,NA,NA,NA,NA,NA,NA,NA,NA,NA,NA,NA,NA,NA,0,0,0,NA,,,,0,NA,,,,,,,NA,NA,NA,NA,NA,NA,NA,NA,NA,NA,NA,NA,NA,NA,0,
225,05/29/2010 04:15:00 PM," SUMMER STREET and SCHOOL STREET, Somerville, MA",-71.1003999,42.3843689,,,,,,,NA,NA,NA,NA,,,,NA,NA,NA,NA,NA,NA,NA,NA,NA,NA,NA,NA,NA,NA,NA,0,0,0,NA,,,,0,NA,,,,,,,NA,NA,NA,NA,NA,NA,NA,NA,NA,NA,NA,NA,NA,NA,0,
226,06/04/2010 01:53:00 AM," CENTRAL STREET and SUMMER STREET, Somerville, MA",-71.1050912,42.3860322,,,,,,,NA,NA,NA,NA,,,,NA,NA,NA,NA,NA,NA,NA,NA,NA,NA,NA,NA,NA,NA,NA,0,0,0,NA,,,,0,NA,,,,,,,NA,NA,NA,NA,NA,NA,NA,NA,NA,NA,NA,NA,NA,NA,0,
227,06/04/2010 03:30:00 PM," SOMERVILLE AVENUE and BEACON TERRACE, Somerville, MA",-71.1171674,42.387462,,,,,,,NA,NA,NA,NA,,,,NA,NA,NA,NA,NA,NA,NA,NA,NA,NA,NA,NA,NA,NA,NA,0,0,0,NA,,,,0,NA,,,,,,,NA,NA,NA,NA,NA,NA,NA,NA,NA,NA,NA,NA,NA,NA,0,
228,06/05/2010 05:44:00 PM," PEARL STREET and MCGRATH HIGHWAY, Somerville, MA",-71.0904563,42.3865189,,,,,,,NA,NA,NA,NA,,,,NA,NA,NA,NA,NA,NA,NA,NA,NA,NA,NA,NA,NA,NA,NA,0,0,0,NA,,,,1,NA,,,,,,,NA,NA,NA,NA,NA,NA,NA,NA,NA,NA,NA,NA,NA,NA,0,
229,06/07/2010 08:39:00 AM,"121 BEACON STREET, Somerville, MA",-71.1058273,42.3780818,,,,,,,NA,NA,NA,NA,,,,NA,NA,NA,NA,NA,NA,NA,NA,NA,NA,NA,NA,NA,NA,NA,0,0,0,NA,,,,0,NA,,,,,,,NA,NA,NA,NA,NA,NA,NA,NA,NA,NA,NA,NA,NA,NA,0,
230,06/07/2010 12:20:00 PM," SOUTH STREET and WINSOR STREET, Somerville, MA",-71.0928349,42.3752417,,,,,,,NA,NA,NA,NA,,,,NA,NA,NA,NA,NA,NA,NA,NA,NA,NA,NA,NA,NA,NA,NA,0,0,0,NA,,,,1,NA,,,,,,,NA,NA,NA,NA,NA,NA,NA,NA,NA,NA,NA,NA,NA,NA,0,
231,06/07/2010 10:16:00 PM,"69 TEMPLE STREET, Somerville, MA",-71.0916409,42.3948798,,,,,,,NA,NA,NA,NA,,,,NA,NA,NA,NA,NA,NA,NA,NA,NA,NA,NA,NA,NA,NA,NA,0,0,0,NA,,,,1,NA,,,,,,,NA,NA,NA,NA,NA,NA,NA,NA,NA,NA,NA,NA,NA,NA,0,
232,06/08/2010 07:52:00 PM," PEARL STREET and FRANKLIN STREET, Somerville, MA",-71.0841948,42.3845586,,,,,,,NA,NA,NA,NA,,,,NA,NA,NA,NA,NA,NA,NA,NA,NA,NA,NA,NA,NA,NA,NA,0,0,0,NA,,,,0,NA,,,,,,,NA,NA,NA,NA,NA,NA,NA,NA,NA,NA,NA,NA,NA,NA,0,
233,06/08/2010 09:15:00 PM," SOMERVILLE AVENUE and QUINCY STREET, Somerville, MA",-71.1012716,42.3817512,,,,,,,NA,NA,NA,NA,,,,NA,NA,NA,NA,NA,NA,NA,NA,NA,NA,NA,NA,NA,NA,NA,0,0,0,NA,,,,0,NA,,,,,,,NA,NA,NA,NA,NA,NA,NA,NA,NA,NA,NA,NA,NA,NA,0,
234,06/09/2010 04:13:00 PM,"714 BROADWAY, Somerville, MA",-71.112703,42.399859,,,,,,,NA,NA,NA,NA,,,,NA,NA,NA,NA,NA,NA,NA,NA,NA,NA,NA,NA,NA,NA,NA,0,0,0,NA,,,,1,NA,,,,,,,NA,NA,NA,NA,NA,NA,NA,NA,NA,NA,NA,NA,NA,NA,0,
235,06/09/2010 09:25:00 PM," MIDDLESEX AVENUE and FOLEY STREET, Somerville, MA",-71.0830133,42.3926273,,,,,,,NA,NA,NA,NA,,,,NA,NA,NA,NA,NA,NA,NA,NA,NA,NA,NA,NA,NA,NA,NA,0,1,0,NA,,,,1,NA,,,,,,,NA,NA,NA,NA,NA,NA,NA,NA,NA,NA,NA,NA,NA,NA,0,
236,06/10/2010 08:42:00 AM," BELMONT STREET and HIGHLAND AVENUE, Somerville, MA",-71.1072778,42.3898971,,,,,,,NA,NA,NA,NA,,,,NA,NA,NA,NA,NA,NA,NA,NA,NA,NA,NA,NA,NA,NA,NA,0,0,0,NA,,,,0,NA,,,,,,,NA,NA,NA,NA,NA,NA,NA,NA,NA,NA,NA,NA,NA,NA,0,
237,06/10/2010 06:10:00 PM,"56 PUTNAM AVENUE, Somerville, MA",-71.1133434,42.368403,,,,,,,NA,NA,NA,NA,,,,NA,NA,NA,NA,NA,NA,NA,NA,NA,NA,NA,NA,NA,NA,NA,0,0,0,NA,,,,1,NA,,,,,,,NA,NA,NA,NA,NA,NA,NA,NA,NA,NA,NA,NA,NA,NA,0,
238,06/11/2010 12:00:00 AM," SUMMER STREET and LOWELL STREET, Somerville, MA",-71.1096232,42.3877952,,,,,,,NA,NA,NA,NA,,,,NA,NA,NA,NA,NA,NA,NA,NA,NA,NA,NA,NA,NA,NA,NA,0,0,0,NA,,,,0,NA,,,,,,,NA,NA,NA,NA,NA,NA,NA,NA,NA,NA,NA,NA,NA,NA,0,
239,06/11/2010 07:25:00 AM,"15 WEBSTER AVENUE, Somerville, MA",-71.096472,42.378788,,,,,,,NA,NA,NA,NA,,,,NA,NA,NA,NA,NA,NA,NA,NA,NA,NA,NA,NA,NA,NA,NA,0,1,0,NA,,,,1,NA,,,,,,,NA,NA,NA,NA,NA,NA,NA,NA,NA,NA,NA,NA,NA,NA,0,
240,06/12/2010 07:50:00 PM," PROSPECT STREET and BENNETT STREET, Somerville, MA",-71.0948423,42.378024,,,,,,,NA,NA,NA,NA,,,,NA,NA,NA,NA,NA,NA,NA,NA,NA,NA,NA,NA,NA,NA,NA,0,0,0,NA,,,,1,NA,,,,,,,NA,NA,NA,NA,NA,NA,NA,NA,NA,NA,NA,NA,NA,NA,0,
241,06/13/2010 09:39:00 PM,"63 WASHINGTON STREET, Somerville, MA",-71.0837769,42.3816937,,,,,,,NA,NA,NA,NA,,,,NA,NA,NA,NA,NA,NA,NA,NA,NA,NA,NA,NA,NA,NA,NA,0,0,0,NA,,,,0,NA,,,,,,,NA,NA,NA,NA,NA,NA,NA,NA,NA,NA,NA,NA,NA,NA,0,
242,06/15/2010 01:28:00 PM," BROADWAY and CEDAR STREET, Somerville, MA",-71.1079685,42.3984992,,,,,,,NA,NA,NA,NA,,,,NA,NA,NA,NA,NA,NA,NA,NA,NA,NA,NA,NA,NA,NA,NA,0,0,0,NA,,,,1,NA,,,,,,,NA,NA,NA,NA,NA,NA,NA,NA,NA,NA,NA,NA,NA,NA,0,
243,06/15/2010 07:06:00 PM," CHERRY STREET and ELM STREET, Somerville, MA",-71.1166126,42.3892348,,,,,,,NA,NA,NA,NA,,,,NA,NA,NA,NA,NA,NA,NA,NA,NA,NA,NA,NA,NA,NA,NA,0,0,0,NA,,,,0,NA,,,,,,,NA,NA,NA,NA,NA,NA,NA,NA,NA,NA,NA,NA,NA,NA,0,
244,06/15/2010 08:57:00 PM," MEDFORD STREET and CENTRAL STREET, Somerville, MA",-71.1005865,42.392482,,,,,,,NA,NA,NA,NA,,,,NA,NA,NA,NA,NA,NA,NA,NA,NA,NA,NA,NA,NA,NA,NA,0,0,0,NA,,,,0,NA,,,,,,,NA,NA,NA,NA,NA,NA,NA,NA,NA,NA,NA,NA,NA,NA,0,
245,06/16/2010 08:00:00 AM," SPRING STREET and SOMERVILLE AVENUE, Somerville, MA",-71.109476,42.3839008,,,,,,,NA,NA,NA,NA,,,,NA,NA,NA,NA,NA,NA,NA,NA,NA,NA,NA,NA,NA,NA,NA,1,0,0,NA,,,,0,NA,,,,,,,NA,NA,NA,NA,NA,NA,NA,NA,NA,NA,NA,NA,NA,NA,0,
246,06/18/2010 05:42:00 PM,"421 SOMERVILLE AVENUE, Somerville, MA",-71.1015859,42.3820423,,,,,,,NA,NA,NA,NA,,,,NA,NA,NA,NA,NA,NA,NA,NA,NA,NA,NA,NA,NA,NA,NA,0,0,0,NA,,,,0,NA,,,,,,,NA,NA,NA,NA,NA,NA,NA,NA,NA,NA,NA,NA,NA,NA,0,
247,06/19/2010 08:08:00 PM," MEDFORD STREET and GLENWOOD ROAD, Somerville, MA",-71.1023059,42.3946886,,,,,,,NA,NA,NA,NA,,,,NA,NA,NA,NA,NA,NA,NA,NA,NA,NA,NA,NA,NA,NA,NA,0,0,0,NA,,,,1,NA,,,,,,,NA,NA,NA,NA,NA,NA,NA,NA,NA,NA,NA,NA,NA,NA,0,
248,06/20/2010 09:15:00 AM,"130 COLLEGE AVENUE, Somerville, MA",-71.1176951,42.4004869,,,,,,,NA,NA,NA,NA,,,,NA,NA,NA,NA,NA,NA,NA,NA,NA,NA,NA,NA,NA,NA,NA,0,0,0,NA,,,,0,NA,,,,,,,NA,NA,NA,NA,NA,NA,NA,NA,NA,NA,NA,NA,NA,NA,0,
249,06/20/2010 10:15:00 AM,"15 JOSEPHINE AVENUE, Somerville, MA",-71.1146215,42.3959977,,,,,,,NA,NA,NA,NA,,,,NA,NA,NA,NA,NA,NA,NA,NA,NA,NA,NA,NA,NA,NA,NA,0,0,0,NA,,,,0,NA,,,,,,,NA,NA,NA,NA,NA,NA,NA,NA,NA,NA,NA,NA,NA,NA,0,
250,06/20/2010 04:50:00 PM,"197 WASHINGTON STREET, Somerville, MA",-71.0915615,42.3799667,,,,,,,NA,NA,NA,NA,,,,NA,NA,NA,NA,NA,NA,NA,NA,NA,NA,NA,NA,NA,NA,NA,0,0,0,NA,,,,1,NA,,,,,,,NA,NA,NA,NA,NA,NA,NA,NA,NA,NA,NA,NA,NA,NA,0,
251,06/20/2010 12:48:00 PM,"59 CROSS STREET, Somerville, MA",-71.0880937,42.3862035,,,,,,,NA,NA,NA,NA,,,,NA,NA,NA,NA,NA,NA,NA,NA,NA,NA,NA,NA,NA,NA,NA,0,1,0,NA,,,,0,NA,,,,,,,NA,NA,NA,NA,NA,NA,NA,NA,NA,NA,NA,NA,NA,NA,0,
252,06/21/2010 12:19:00 PM," HIGHLAND AVENUE and BELMONT STREET, Somerville, MA",-71.1072778,42.3898971,,,,,,,NA,NA,NA,NA,,,,NA,NA,NA,NA,NA,NA,NA,NA,NA,NA,NA,NA,NA,NA,NA,0,0,0,NA,,,,0,NA,,,,,,,NA,NA,NA,NA,NA,NA,NA,NA,NA,NA,NA,NA,NA,NA,0,
253,06/22/2010 12:00:00 PM," TEMPLE STREET and SYDNEY STREET, Somerville, MA",-71.0905806,42.3953292,,,,,,,NA,NA,NA,NA,,,,NA,NA,NA,NA,NA,NA,NA,NA,NA,NA,NA,NA,NA,NA,NA,0,0,0,NA,,,,0,NA,,,,,,,NA,NA,NA,NA,NA,NA,NA,NA,NA,NA,NA,NA,NA,NA,0,
254,06/22/2010 07:24:00 PM," CAMERON AVENUE and SEVEN PINES AVENUE, Somerville, MA",-71.1286664,42.3988243,,,,,,,NA,NA,NA,NA,,,,NA,NA,NA,NA,NA,NA,NA,NA,NA,NA,NA,NA,NA,NA,NA,0,0,0,NA,,,,1,NA,,,,,,,NA,NA,NA,NA,NA,NA,NA,NA,NA,NA,NA,NA,NA,NA,0,
255,06/23/2010 12:14:00 PM," POWDER HOUSE BOULEVARD and CURTIS STREET, Somerville, MA",-71.1258479,42.4054336,,,,,,,NA,NA,NA,NA,,,,NA,NA,NA,NA,NA,NA,NA,NA,NA,NA,NA,NA,NA,NA,NA,0,0,0,NA,,,,1,NA,,,,,,,NA,NA,NA,NA,NA,NA,NA,NA,NA,NA,NA,NA,NA,NA,0,
256,06/23/2010 06:00:00 PM,"206 WASHINGTON STREET, Somerville, MA",-71.091701,42.379351,,,,,,,NA,NA,NA,NA,,,,NA,NA,NA,NA,NA,NA,NA,NA,NA,NA,NA,NA,NA,NA,NA,0,0,0,NA,,,,0,NA,,,,,,,NA,NA,NA,NA,NA,NA,NA,NA,NA,NA,NA,NA,NA,NA,0,
257,06/23/2010 06:30:00 PM," HOLLAND STREET and DOVER STREET, Somerville, MA",-71.1231672,42.397175,,,,,,,NA,NA,NA,NA,,,,NA,NA,NA,NA,NA,NA,NA,NA,NA,NA,NA,NA,NA,NA,NA,0,0,0,NA,,,,0,NA,,,,,,,NA,NA,NA,NA,NA,NA,NA,NA,NA,NA,NA,NA,NA,NA,0,
258,06/23/2010 10:32:00 PM,"241 SCHOOL STREET, Somerville, MA",-71.094845,42.392063,,,,,,,NA,NA,NA,NA,,,,NA,NA,NA,NA,NA,NA,NA,NA,NA,NA,NA,NA,NA,NA,NA,0,0,0,NA,,,,0,NA,,,,,,,NA,NA,NA,NA,NA,NA,NA,NA,NA,NA,NA,NA,NA,NA,0,
259,06/25/2010 03:02:00 PM," BOW STREET and WARREN AVENUE, Somerville, MA",-71.0967461,42.3803419,,,,,,,NA,NA,NA,NA,,,,NA,NA,NA,NA,NA,NA,NA,NA,NA,NA,NA,NA,NA,NA,NA,0,0,0,NA,,,,0,NA,,,,,,,NA,NA,NA,NA,NA,NA,NA,NA,NA,NA,NA,NA,NA,NA,0,
260,06/25/2010 08:57:00 PM,"100 WHEATLAND STREET, Somerville, MA",-71.087548,42.3938067,,,,,,,NA,NA,NA,NA,,,,NA,NA,NA,NA,NA,NA,NA,NA,NA,NA,NA,NA,NA,NA,NA,0,1,0,NA,,,,1,NA,,,,,,,NA,NA,NA,NA,NA,NA,NA,NA,NA,NA,NA,NA,NA,NA,0,
261,06/26/2010 12:10:00 PM,"138 ELM STREET, Somerville, MA",-71.1184328,42.390994,,,,,,,NA,NA,NA,NA,,,,NA,NA,NA,NA,NA,NA,NA,NA,NA,NA,NA,NA,NA,NA,NA,1,0,0,NA,,,,1,NA,,,,,,,NA,NA,NA,NA,NA,NA,NA,NA,NA,NA,NA,NA,NA,NA,0,
262,06/27/2010 02:07:00 AM,"257 ELM STREET, Somerville, MA",-71.121844,42.3957423,,,,,,,NA,NA,NA,NA,,,,NA,NA,NA,NA,NA,NA,NA,NA,NA,NA,NA,NA,NA,NA,NA,0,0,0,NA,,,,0,NA,,,,,,,NA,NA,NA,NA,NA,NA,NA,NA,NA,NA,NA,NA,NA,NA,0,
263,06/27/2010 11:58:00 AM,"14 BELMONT STREET, Somerville, MA",-71.110826,42.385164,,,,,,,NA,NA,NA,NA,,,,NA,NA,NA,NA,NA,NA,NA,NA,NA,NA,NA,NA,NA,NA,NA,0,0,0,NA,,,,0,NA,,,,,,,NA,NA,NA,NA,NA,NA,NA,NA,NA,NA,NA,NA,NA,NA,0,
264,06/27/2010 12:29:00 PM,"25 UNION SQUARE, Somerville, MA",-71.0968274,42.3799095,,,,,,,NA,NA,NA,NA,,,,NA,NA,NA,NA,NA,NA,NA,NA,NA,NA,NA,NA,NA,NA,NA,0,0,0,NA,,,,0,NA,,,,,,,NA,NA,NA,NA,NA,NA,NA,NA,NA,NA,NA,NA,NA,NA,0,
265,06/27/2010 01:38:00 PM," HIGHLAND AVENUE and LOWELL STREET, Somerville, MA",-71.1079523,42.3902029,,,,,,,NA,NA,NA,NA,,,,NA,NA,NA,NA,NA,NA,NA,NA,NA,NA,NA,NA,NA,NA,NA,0,0,0,NA,,,,0,NA,,,,,,,NA,NA,NA,NA,NA,NA,NA,NA,NA,NA,NA,NA,NA,NA,0,
266,06/27/2010 04:59:00 PM,"45 OLIVER STREET, Somerville, MA",-71.0878121,42.3840011,,,,,,,NA,NA,NA,NA,,,,NA,NA,NA,NA,NA,NA,NA,NA,NA,NA,NA,NA,NA,NA,NA,0,0,0,NA,,,,0,NA,,,,,,,NA,NA,NA,NA,NA,NA,NA,NA,NA,NA,NA,NA,NA,NA,0,
267,06/28/2010 12:00:00 AM,"74 JAQUES STREET, Somerville, MA",-71.0928758,42.3946448,,,,,,,NA,NA,NA,NA,,,,NA,NA,NA,NA,NA,NA,NA,NA,NA,NA,NA,NA,NA,NA,NA,0,0,0,NA,,,,0,NA,,,,,,,NA,NA,NA,NA,NA,NA,NA,NA,NA,NA,NA,NA,NA,NA,0,
268,06/29/2010 05:00:00 PM," MEDFORD STREET, Somerville, MA",-71.0984882,42.3904373,,,,,,,NA,NA,NA,NA,,,,NA,NA,NA,NA,NA,NA,NA,NA,NA,NA,NA,NA,NA,NA,NA,0,0,0,NA,,,,0,NA,,,,,,,NA,NA,NA,NA,NA,NA,NA,NA,NA,NA,NA,NA,NA,NA,0,
269,06/30/2010 04:45:00 PM,"5 CROSS STREET, Somerville, MA",-71.0863601,42.3883559,,,,,,,NA,NA,NA,NA,,,,NA,NA,NA,NA,NA,NA,NA,NA,NA,NA,NA,NA,NA,NA,NA,0,0,0,NA,,,,0,NA,,,,,,,NA,NA,NA,NA,NA,NA,NA,NA,NA,NA,NA,NA,NA,NA,0,
270,07/01/2010 09:59:00 AM,"118 SCHOOL STREET, Somerville, MA",-71.0990662,42.3865672,,,,,,,NA,NA,NA,NA,,,,NA,NA,NA,NA,NA,NA,NA,NA,NA,NA,NA,NA,NA,NA,NA,0,0,0,NA,,,,0,NA,,,,,,,NA,NA,NA,NA,NA,NA,NA,NA,NA,NA,NA,NA,NA,NA,0,
271,07/01/2010 10:26:00 AM," WASHINGTON STREET and KINGMAN ROAD, Somerville, MA",-71.0972515,42.3795522,,,,,,,NA,NA,NA,NA,,,,NA,NA,NA,NA,NA,NA,NA,NA,NA,NA,NA,NA,NA,NA,NA,0,0,0,NA,,,,0,NA,,,,,,,NA,NA,NA,NA,NA,NA,NA,NA,NA,NA,NA,NA,NA,NA,0,
272,07/01/2010 12:28:00 PM," WASHINGTON STREET and BONNER AVENUE, Somerville, MA",-71.0939847,42.3795851,,,,,,,NA,NA,NA,NA,,,,NA,NA,NA,NA,NA,NA,NA,NA,NA,NA,NA,NA,NA,NA,NA,1,0,0,NA,,,,1,NA,,,,,,,NA,NA,NA,NA,NA,NA,NA,NA,NA,NA,NA,NA,NA,NA,0,
273,07/02/2010 11:41:00 AM," BROADWAY and PAULINA STREET, Somerville, MA",-71.1237159,42.4018427,,,,,,,NA,NA,NA,NA,,,,NA,NA,NA,NA,NA,NA,NA,NA,NA,NA,NA,NA,NA,NA,NA,0,0,0,NA,,,,1,NA,,,,,,,NA,NA,NA,NA,NA,NA,NA,NA,NA,NA,NA,NA,NA,NA,0,
274,07/04/2010 12:45:00 PM," BROADWAY and MARSHALL STREET, Somerville, MA",-71.0929412,42.3924648,,,,,,,NA,NA,NA,NA,,,,NA,NA,NA,NA,NA,NA,NA,NA,NA,NA,NA,NA,NA,NA,NA,0,0,0,NA,,,,1,NA,,,,,,,NA,NA,NA,NA,NA,NA,NA,NA,NA,NA,NA,NA,NA,NA,0,
275,07/05/2010 09:45:00 AM," HIGHLAND AVENUE and ELLINGTON ROAD, Somerville, MA",-71.1194826,42.3952808,,,,,,,NA,NA,NA,NA,,,,NA,NA,NA,NA,NA,NA,NA,NA,NA,NA,NA,NA,NA,NA,NA,0,0,0,NA,,,,0,NA,,,,,,,NA,NA,NA,NA,NA,NA,NA,NA,NA,NA,NA,NA,NA,NA,0,
276,07/06/2010 07:32:00 AM,"50 BEACON STREET, Somerville, MA",-71.067821,42.356857,,,,,,,NA,NA,NA,NA,,,,NA,NA,NA,NA,NA,NA,NA,NA,NA,NA,NA,NA,NA,NA,NA,1,0,0,NA,,,,1,NA,,,,,,,NA,NA,NA,NA,NA,NA,NA,NA,NA,NA,NA,NA,NA,NA,0,
277,07/07/2010 09:06:00 AM," HIGHLAND AVENUE and DOVER STREET, Somerville, MA",-71.124137,42.3962397,,,,,,,NA,NA,NA,NA,,,,NA,NA,NA,NA,NA,NA,NA,NA,NA,NA,NA,NA,NA,NA,NA,0,0,0,NA,,,,1,NA,,,,,,,NA,NA,NA,NA,NA,NA,NA,NA,NA,NA,NA,NA,NA,NA,0,
278,07/07/2010 11:19:00 AM," WASHINGTON STREET and BEACON STREET, Somerville, MA",-71.106382,42.3782892,,,,,,,NA,NA,NA,NA,,,,NA,NA,NA,NA,NA,NA,NA,NA,NA,NA,NA,NA,NA,NA,NA,0,0,1,NA,,Skater,,1,NA,,,,,,,NA,NA,NA,NA,NA,NA,NA,NA,NA,NA,NA,NA,NA,NA,0,
279,07/07/2010 03:51:00 PM," BROADWAY and THURSTON STREET and FENWICK STREET, Somerville, MA",-71.0960659,42.3939409,,,,,,,NA,NA,NA,NA,,,,NA,NA,NA,NA,NA,NA,NA,NA,NA,NA,NA,NA,NA,NA,NA,0,0,0,NA,,,,0,NA,,,,,,,NA,NA,NA,NA,NA,NA,NA,NA,NA,NA,NA,NA,NA,NA,0,
280,07/07/2010 08:13:00 PM," RUSSELL STREET and COTTAGE AVENUE, Somerville, MA",-71.1214955,42.3933975,,,,,,,NA,NA,NA,NA,,,,NA,NA,NA,NA,NA,NA,NA,NA,NA,NA,NA,NA,NA,NA,NA,0,0,0,NA,,,,0,NA,,,,,,,NA,NA,NA,NA,NA,NA,NA,NA,NA,NA,NA,NA,NA,NA,0,
281,07/09/2010 04:24:00 PM," ROBINSON STREET and CENTRAL STREET, Somerville, MA",-71.1009478,42.3919439,,,,,,,NA,NA,NA,NA,,,,NA,NA,NA,NA,NA,NA,NA,NA,NA,NA,NA,NA,NA,NA,NA,0,0,0,NA,,,,0,NA,,,,,,,NA,NA,NA,NA,NA,NA,NA,NA,NA,NA,NA,NA,NA,NA,0,
282,07/09/2010 05:21:00 PM," MEDFORD STREET and PEARL STREET, Somerville, MA",-71.0962952,42.3882985,,,,,,,NA,NA,NA,NA,,,,NA,NA,NA,NA,NA,NA,NA,NA,NA,NA,NA,NA,NA,NA,NA,0,0,0,NA,,,,1,NA,,,,,,,NA,NA,NA,NA,NA,NA,NA,NA,NA,NA,NA,NA,NA,NA,0,
283,07/09/2010 08:39:00 AM," HOLLAND STREET and BUENA VISTA ROAD, Somerville, MA",-71.1239122,42.3982181,,,,,,,NA,NA,NA,NA,,,,NA,NA,NA,NA,NA,NA,NA,NA,NA,NA,NA,NA,NA,NA,NA,1,0,0,NA,,,,1,NA,,,,,,,NA,NA,NA,NA,NA,NA,NA,NA,NA,NA,NA,NA,NA,NA,0,
284,07/10/2010 02:21:00 PM," HOLLAND STREET and ELMWOOD STREET, Somerville, MA",-71.1257086,42.4004341,,,,,,,NA,NA,NA,NA,,,,NA,NA,NA,NA,NA,NA,NA,NA,NA,NA,NA,NA,NA,NA,NA,1,0,0,NA,,,,1,NA,,,,,,,NA,NA,NA,NA,NA,NA,NA,NA,NA,NA,NA,NA,NA,NA,0,
285,07/13/2010 04:30:00 PM," POWDER HOUSE SQUARE and COLLEGE AVENUE and WARNER STREET and, Somerville, MA",-71.0994968,42.3875968,,,,,,,NA,NA,NA,NA,,,,NA,NA,NA,NA,NA,NA,NA,NA,NA,NA,NA,NA,NA,NA,NA,0,0,0,NA,,,,0,NA,,,,,,,NA,NA,NA,NA,NA,NA,NA,NA,NA,NA,NA,NA,NA,NA,0,