id,date_time,address,lon,lat,Weather,road_surface,traffic_control_device,intersection_type,traffic_way_desc,collision_manner,num_involved_vehicles,vehicle1_configuration,driver1_contrib1,driver1_contrib2,vehicle2_configuration,driver2_contrib1,driver2_contrib2,vehicle3_configuration,driver3_contrib1,driver3_contrib2,vehicle4_configuration,driver4_contrib1,driver4_contrib2,vehicle5_configuration,driver5_contrib1,driver5_contrib2,vehicle6_configuration,driver6_contrib1,driver6_contrib2,vehicle7_configuration,driver7_contrib1,driver7_contrib2,Bicycle,Pedestrian,non_mv,non_motorist_location,non_motorist_action,non_motorist_type,manner_of_non_motorist_collision,Injury,Multiple,Gender1,Age1,Severity1,Hospital1,Gender2,Age2,Severity2,Hospital2,Gender3,Age3,Severity3,Hospital3,Gender4,Age4,Severity4,Hospital4,Gender5,Age5,Severity5,Hospital5,city_vehicle,Notes
286,07/13/2010 07:50:00 PM," BROADWAY and IRVING STREET, Somerville, MA",-71.1214566,42.4012708,,,,,,,NA,NA,NA,NA,,,,NA,NA,NA,NA,NA,NA,NA,NA,NA,NA,NA,NA,NA,NA,NA,0,0,0,NA,,,,0,NA,,,,,,,NA,NA,NA,NA,NA,NA,NA,NA,NA,NA,NA,NA,NA,NA,0,
287,07/13/2010 10:20:00 AM," ELM STREET and WHITE STREET, Somerville, MA",-71.1169921,42.3896347,,,,,,,NA,NA,NA,NA,,,,NA,NA,NA,NA,NA,NA,NA,NA,NA,NA,NA,NA,NA,NA,NA,1,0,0,NA,,,,0,NA,,,,,,,NA,NA,NA,NA,NA,NA,NA,NA,NA,NA,NA,NA,NA,NA,0,
288,07/14/2010 08:43:00 AM," WASHINGTON AVENUE and INNER BELT ROAD, Somerville, MA",-71.0815211,42.3820437,,,,,,,NA,NA,NA,NA,,,,NA,NA,NA,NA,NA,NA,NA,NA,NA,NA,NA,NA,NA,NA,NA,0,0,0,NA,,,,0,NA,,,,,,,NA,NA,NA,NA,NA,NA,NA,NA,NA,NA,NA,NA,NA,NA,0,
289,07/14/2010 10:58:00 AM," BROADWAY and BRISTOL ROAD, Somerville, MA",-71.1127004,42.4001,,,,,,,NA,NA,NA,NA,,,,NA,NA,NA,NA,NA,NA,NA,NA,NA,NA,NA,NA,NA,NA,NA,0,0,0,NA,,,,0,NA,,,,,,,NA,NA,NA,NA,NA,NA,NA,NA,NA,NA,NA,NA,NA,NA,0,
290,07/15/2010 08:18:00 AM," MARSHALL STREET and PEARL STREET, Somerville, MA",-71.0957494,42.3881671,,,,,,,NA,NA,NA,NA,,,,NA,NA,NA,NA,NA,NA,NA,NA,NA,NA,NA,NA,NA,NA,NA,0,0,0,NA,,,,0,NA,,,,,,,NA,NA,NA,NA,NA,NA,NA,NA,NA,NA,NA,NA,NA,NA,0,
291,07/15/2010 10:46:00 PM,"195 TREMONT STREET, Somerville, MA",-71.0646274,42.3521711,,,,,,,NA,NA,NA,NA,,,,NA,NA,NA,NA,NA,NA,NA,NA,NA,NA,NA,NA,NA,NA,NA,0,0,0,NA,,,,0,NA,,,,,,,NA,NA,NA,NA,NA,NA,NA,NA,NA,NA,NA,NA,NA,NA,0,
292,07/15/2010 06:18:00 PM," HIGHLAND AVENUE and GROVE STREET, Somerville, MA",-71.1204966,42.3957061,,,,,,,NA,NA,NA,NA,,,,NA,NA,NA,NA,NA,NA,NA,NA,NA,NA,NA,NA,NA,NA,NA,0,1,0,NA,,,,1,NA,,,,,,,NA,NA,NA,NA,NA,NA,NA,NA,NA,NA,NA,NA,NA,NA,0,
293,07/16/2010 04:52:00 PM," TEMPLE STREET and MEMORIAL ROAD, Somerville, MA",-71.0924564,42.3962118,,,,,,,NA,NA,NA,NA,,,,NA,NA,NA,NA,NA,NA,NA,NA,NA,NA,NA,NA,NA,NA,NA,0,0,0,NA,,,,0,NA,,,,,,,NA,NA,NA,NA,NA,NA,NA,NA,NA,NA,NA,NA,NA,NA,0,
294,07/16/2010 07:00:00 PM,"15 WEBSTER AVENUE, Somerville, MA",-71.096472,42.378788,,,,,,,NA,NA,NA,NA,,,,NA,NA,NA,NA,NA,NA,NA,NA,NA,NA,NA,NA,NA,NA,NA,0,0,0,NA,,,,1,NA,,,,,,,NA,NA,NA,NA,NA,NA,NA,NA,NA,NA,NA,NA,NA,NA,0,
295,07/17/2010 10:20:00 AM," WILLOW AVENUE and BROADWAY, Somerville, MA",-71.1127004,42.4001,,,,,,,NA,NA,NA,NA,,,,NA,NA,NA,NA,NA,NA,NA,NA,NA,NA,NA,NA,NA,NA,NA,0,0,0,NA,,,,0,NA,,,,,,,NA,NA,NA,NA,NA,NA,NA,NA,NA,NA,NA,NA,NA,NA,0,
296,07/17/2010 04:11:00 PM," LOWELL STREET and HUDSON STREET, Somerville, MA",-71.1075438,42.3908061,,,,,,,NA,NA,NA,NA,,,,NA,NA,NA,NA,NA,NA,NA,NA,NA,NA,NA,NA,NA,NA,NA,0,0,0,NA,,,,1,NA,,,,,,,NA,NA,NA,NA,NA,NA,NA,NA,NA,NA,NA,NA,NA,NA,0,
297,07/17/2010 01:07:00 PM,"75 WASHINGTON STREET, Somerville, MA",-71.084671,42.381824,,,,,,,NA,NA,NA,NA,,,,NA,NA,NA,NA,NA,NA,NA,NA,NA,NA,NA,NA,NA,NA,NA,1,0,0,NA,,,,0,NA,,,,,,,NA,NA,NA,NA,NA,NA,NA,NA,NA,NA,NA,NA,NA,NA,0,
298,07/19/2010 01:25:00 AM,"71 PROSPECT STREET, Somerville, MA",-71.0961499,42.3765251,,,,,,,NA,NA,NA,NA,,,,NA,NA,NA,NA,NA,NA,NA,NA,NA,NA,NA,NA,NA,NA,NA,0,0,0,NA,,,,0,NA,,,,,,,NA,NA,NA,NA,NA,NA,NA,NA,NA,NA,NA,NA,NA,NA,0,
299,07/19/2010 02:11:00 PM," NEW ROAD, Somerville, MA",-71.0431361,42.3715978,,,,,,,NA,NA,NA,NA,,,,NA,NA,NA,NA,NA,NA,NA,NA,NA,NA,NA,NA,NA,NA,NA,0,0,0,NA,,,,0,NA,,,,,,,NA,NA,NA,NA,NA,NA,NA,NA,NA,NA,NA,NA,NA,NA,0,
300,07/20/2010 10:56:00 AM," HIGHLAND AVENUE and WALNUT STREET, Somerville, MA",-71.0941672,42.3851419,,,,,,,NA,NA,NA,NA,,,,NA,NA,NA,NA,NA,NA,NA,NA,NA,NA,NA,NA,NA,NA,NA,0,0,0,NA,,,,1,NA,,,,,,,NA,NA,NA,NA,NA,NA,NA,NA,NA,NA,NA,NA,NA,NA,0,
301,07/20/2010 11:23:00 AM," WASHINGTON STREET and MANSFIELD STREET, Somerville, MA",-71.0906664,42.3798839,,,,,,,NA,NA,NA,NA,,,,NA,NA,NA,NA,NA,NA,NA,NA,NA,NA,NA,NA,NA,NA,NA,0,0,0,NA,,,,0,NA,,,,,,,NA,NA,NA,NA,NA,NA,NA,NA,NA,NA,NA,NA,NA,NA,0,
302,07/20/2010 03:26:00 PM,"414 MEDFORD STREET, Somerville, MA",-71.099758,42.391359,,,,,,,NA,NA,NA,NA,,,,NA,NA,NA,NA,NA,NA,NA,NA,NA,NA,NA,NA,NA,NA,NA,1,0,0,NA,,,,1,NA,,,,,,,NA,NA,NA,NA,NA,NA,NA,NA,NA,NA,NA,NA,NA,NA,0,
303,07/21/2010 03:40:00 PM," WARNER STREET, Somerville, MA",-71.1150872,42.4020669,,,,,,,NA,NA,NA,NA,,,,NA,NA,NA,NA,NA,NA,NA,NA,NA,NA,NA,NA,NA,NA,NA,0,0,0,NA,,,,1,NA,,,,,,,NA,NA,NA,NA,NA,NA,NA,NA,NA,NA,NA,NA,NA,NA,0,
304,07/22/2010 06:55:00 PM,"269 SOMERVILLE AVENUE, Somerville, MA",-71.0935398,42.3790753,,,,,,,NA,NA,NA,NA,,,,NA,NA,NA,NA,NA,NA,NA,NA,NA,NA,NA,NA,NA,NA,NA,0,0,0,NA,,,,0,NA,,,,,,,NA,NA,NA,NA,NA,NA,NA,NA,NA,NA,NA,NA,NA,NA,0,
305,07/22/2010 02:29:00 PM,"420 HIGHLAND AVENUE, Somerville, MA",-71.1218796,42.3961684,,,,,,,NA,NA,NA,NA,,,,NA,NA,NA,NA,NA,NA,NA,NA,NA,NA,NA,NA,NA,NA,NA,0,1,0,NA,,,,1,NA,,,,,,,NA,NA,NA,NA,NA,NA,NA,NA,NA,NA,NA,NA,NA,NA,0,
306,07/23/2010 11:00:00 AM," KNOWLTON STREET and TUFTS STREET, Somerville, MA",-71.0876256,42.3810935,,,,,,,NA,NA,NA,NA,,,,NA,NA,NA,NA,NA,NA,NA,NA,NA,NA,NA,NA,NA,NA,NA,0,0,0,NA,,,,0,NA,,,,,,,NA,NA,NA,NA,NA,NA,NA,NA,NA,NA,NA,NA,NA,NA,0,
307,07/23/2010 06:12:00 PM,"101 ELM STREET, Somerville, MA",-71.1169115,42.3897855,,,,,,,NA,NA,NA,NA,,,,NA,NA,NA,NA,NA,NA,NA,NA,NA,NA,NA,NA,NA,NA,NA,0,0,0,NA,,,,1,NA,,,,,,,NA,NA,NA,NA,NA,NA,NA,NA,NA,NA,NA,NA,NA,NA,0,
308,07/24/2010 10:22:00 AM,"122 HUDSON STREET, Somerville, MA",-71.109118,42.3912439,,,,,,,NA,NA,NA,NA,,,,NA,NA,NA,NA,NA,NA,NA,NA,NA,NA,NA,NA,NA,NA,NA,0,0,0,NA,,,,0,NA,,,,,,,NA,NA,NA,NA,NA,NA,NA,NA,NA,NA,NA,NA,NA,NA,0,
309,07/27/2010 01:52:00 PM,"114 POWDER HOUSE BOULEVARD, Somerville, MA",-71.1230505,42.4040955,,,,,,,NA,NA,NA,NA,,,,NA,NA,NA,NA,NA,NA,NA,NA,NA,NA,NA,NA,NA,NA,NA,0,0,0,NA,,,,0,NA,,,,,,,NA,NA,NA,NA,NA,NA,NA,NA,NA,NA,NA,NA,NA,NA,0,
310,07/27/2010 04:09:00 PM," CONWELL AVENUE and CURTIS STREET, Somerville, MA",-71.1249114,42.4068438,,,,,,,NA,NA,NA,NA,,,,NA,NA,NA,NA,NA,NA,NA,NA,NA,NA,NA,NA,NA,NA,NA,0,0,0,NA,,,,0,NA,,,,,,,NA,NA,NA,NA,NA,NA,NA,NA,NA,NA,NA,NA,NA,NA,0,
311,07/27/2010 04:52:00 PM,"18 BENTON ROAD, Somerville, MA",-71.106583,42.3874658,,,,,,,NA,NA,NA,NA,,,,NA,NA,NA,NA,NA,NA,NA,NA,NA,NA,NA,NA,NA,NA,NA,0,0,0,NA,,,,0,NA,,,,,,,NA,NA,NA,NA,NA,NA,NA,NA,NA,NA,NA,NA,NA,NA,0,
312,07/28/2010 07:15:00 AM," SOMERVILLE AVENUE and CARLTON STREET, Somerville, MA",-71.0998175,42.3812478,,,,,,,NA,NA,NA,NA,,,,NA,NA,NA,NA,NA,NA,NA,NA,NA,NA,NA,NA,NA,NA,NA,0,0,0,NA,,,,0,NA,,,,,,,NA,NA,NA,NA,NA,NA,NA,NA,NA,NA,NA,NA,NA,NA,0,
313,07/29/2010 09:30:00 AM," HOLLAND STREET and IRVING STREET, Somerville, MA",-71.1241606,42.3985257,,,,,,,NA,NA,NA,NA,,,,NA,NA,NA,NA,NA,NA,NA,NA,NA,NA,NA,NA,NA,NA,NA,0,0,0,NA,,,,0,NA,,,,,,,NA,NA,NA,NA,NA,NA,NA,NA,NA,NA,NA,NA,NA,NA,0,
314,07/29/2010 10:40:00 AM," MEDFORD STREET and TRULL STREET, Somerville, MA",-71.1031062,42.3957026,,,,,,,NA,NA,NA,NA,,,,NA,NA,NA,NA,NA,NA,NA,NA,NA,NA,NA,NA,NA,NA,NA,0,0,0,NA,,,,0,NA,,,,,,,NA,NA,NA,NA,NA,NA,NA,NA,NA,NA,NA,NA,NA,NA,0,
315,07/29/2010 12:00:00 PM," ELM STREET and MOSSLAND STREET, Somerville, MA",-71.115425,42.3879583,,,,,,,NA,NA,NA,NA,,,,NA,NA,NA,NA,NA,NA,NA,NA,NA,NA,NA,NA,NA,NA,NA,0,0,0,NA,,,,0,NA,,,,,,,NA,NA,NA,NA,NA,NA,NA,NA,NA,NA,NA,NA,NA,NA,0,
316,07/29/2010 08:18:00 PM,"146 BROADWAY, Somerville, MA",-71.085045,42.3880764,,,,,,,NA,NA,NA,NA,,,,NA,NA,NA,NA,NA,NA,NA,NA,NA,NA,NA,NA,NA,NA,NA,0,0,0,NA,,,,1,NA,,,,,,,NA,NA,NA,NA,NA,NA,NA,NA,NA,NA,NA,NA,NA,NA,0,
317,07/29/2010 10:00:00 PM," BROADWAY and POWDER HOUSE SQUARE and LOWELL STREET, Somerville, MA",-71.1079523,42.3902029,,,,,,,NA,NA,NA,NA,,,,NA,NA,NA,NA,NA,NA,NA,NA,NA,NA,NA,NA,NA,NA,NA,0,0,0,NA,,,,1,NA,,,,,,,NA,NA,NA,NA,NA,NA,NA,NA,NA,NA,NA,NA,NA,NA,0,
318,07/30/2010 11:18:00 AM,"175 FELLSWAY, Somerville, MA",-71.0844201,42.3954627,,,,,,,NA,NA,NA,NA,,,,NA,NA,NA,NA,NA,NA,NA,NA,NA,NA,NA,NA,NA,NA,NA,0,0,0,NA,,,,1,NA,,,,,,,NA,NA,NA,NA,NA,NA,NA,NA,NA,NA,NA,NA,NA,NA,0,
319,07/30/2010 11:55:00 AM," CEDAR STREET and FRANEY ROAD, Somerville, MA",-71.1085009,42.3977226,,,,,,,NA,NA,NA,NA,,,,NA,NA,NA,NA,NA,NA,NA,NA,NA,NA,NA,NA,NA,NA,NA,0,0,0,NA,,,,0,NA,,,,,,,NA,NA,NA,NA,NA,NA,NA,NA,NA,NA,NA,NA,NA,NA,0,
320,07/31/2010 09:23:00 PM,"231 HIGHLAND AVENUE, Somerville, MA",-71.108679,42.390774,,,,,,,NA,NA,NA,NA,,,,NA,NA,NA,NA,NA,NA,NA,NA,NA,NA,NA,NA,NA,NA,NA,0,0,0,NA,,,,0,NA,,,,,,,NA,NA,NA,NA,NA,NA,NA,NA,NA,NA,NA,NA,NA,NA,0,
321,08/01/2010 06:02:00 AM," WILLOW AVENUE and HIGHLAND AVENUE, Somerville, MA",-71.1168102,42.3941136,,,,,,,NA,NA,NA,NA,,,,NA,NA,NA,NA,NA,NA,NA,NA,NA,NA,NA,NA,NA,NA,NA,0,0,0,NA,,,,0,NA,,,,,,,NA,NA,NA,NA,NA,NA,NA,NA,NA,NA,NA,NA,NA,NA,0,
322,08/01/2010 07:40:00 AM,"7 HINCKLEY STREET, Somerville, MA",-71.1054555,42.3972233,,,,,,,NA,NA,NA,NA,,,,NA,NA,NA,NA,NA,NA,NA,NA,NA,NA,NA,NA,NA,NA,NA,0,0,0,NA,,,,0,NA,,,,,,,NA,NA,NA,NA,NA,NA,NA,NA,NA,NA,NA,NA,NA,NA,0,
323,08/03/2010 11:24:00 AM,"1087 BROADWAY, Somerville, MA",-71.125298,42.402683,,,,,,,NA,NA,NA,NA,,,,NA,NA,NA,NA,NA,NA,NA,NA,NA,NA,NA,NA,NA,NA,NA,0,0,0,NA,,,,1,NA,,,,,,,NA,NA,NA,NA,NA,NA,NA,NA,NA,NA,NA,NA,NA,NA,0,
324,08/04/2010 05:26:00 PM," WASHINGTON STREET and HAWKINS STREET, Somerville, MA",-71.0979887,42.3794877,,,,,,,NA,NA,NA,NA,,,,NA,NA,NA,NA,NA,NA,NA,NA,NA,NA,NA,NA,NA,NA,NA,0,0,0,NA,,,,1,NA,,,,,,,NA,NA,NA,NA,NA,NA,NA,NA,NA,NA,NA,NA,NA,NA,0,
325,08/04/2010 06:05:00 PM," WASHINGTON STREET and HAWKINS STREET, Somerville, MA",-71.0979887,42.3794877,,,,,,,NA,NA,NA,NA,,,,NA,NA,NA,NA,NA,NA,NA,NA,NA,NA,NA,NA,NA,NA,NA,0,0,0,NA,,,,1,NA,,,,,,,NA,NA,NA,NA,NA,NA,NA,NA,NA,NA,NA,NA,NA,NA,0,
326,08/06/2010 02:00:00 AM," PARK STREET and BEACON STREET, Somerville, MA",-71.0632255,42.3577002,,,,,,,NA,NA,NA,NA,,,,NA,NA,NA,NA,NA,NA,NA,NA,NA,NA,NA,NA,NA,NA,NA,0,0,0,NA,,,,0,NA,,,,,,,NA,NA,NA,NA,NA,NA,NA,NA,NA,NA,NA,NA,NA,NA,0,
327,08/06/2010 08:50:00 AM," WILLOW AVENUE and MORRISON AVENUE, Somerville, MA",-71.1157237,42.3956925,,,,,,,NA,NA,NA,NA,,,,NA,NA,NA,NA,NA,NA,NA,NA,NA,NA,NA,NA,NA,NA,NA,0,0,0,NA,,,,0,NA,,,,,,,NA,NA,NA,NA,NA,NA,NA,NA,NA,NA,NA,NA,NA,NA,0,
328,08/07/2010 01:37:00 PM,"10 WARREN AVENUE, Somerville, MA",-71.0963619,42.3806442,,,,,,,NA,NA,NA,NA,,,,NA,NA,NA,NA,NA,NA,NA,NA,NA,NA,NA,NA,NA,NA,NA,0,0,0,NA,,,,0,NA,,,,,,,NA,NA,NA,NA,NA,NA,NA,NA,NA,NA,NA,NA,NA,NA,0,
329,08/07/2010 02:59:00 PM,"52 UNION SQUARE, Somerville, MA",-71.0963369,42.3798994,,,,,,,NA,NA,NA,NA,,,,NA,NA,NA,NA,NA,NA,NA,NA,NA,NA,NA,NA,NA,NA,NA,0,0,0,NA,,,,0,NA,,,,,,,NA,NA,NA,NA,NA,NA,NA,NA,NA,NA,NA,NA,NA,NA,0,
330,08/07/2010 03:15:00 PM," BROADWAY and MEDFORD STREET, Somerville, MA",-71.1043116,42.3973445,,,,,,,NA,NA,NA,NA,,,,NA,NA,NA,NA,NA,NA,NA,NA,NA,NA,NA,NA,NA,NA,NA,0,0,0,NA,,,,0,NA,,,,,,,NA,NA,NA,NA,NA,NA,NA,NA,NA,NA,NA,NA,NA,NA,0,
331,08/08/2010 12:48:00 PM,"114 BROADWAY, Somerville, MA",-71.0839895,42.3875381,,,,,,,NA,NA,NA,NA,,,,NA,NA,NA,NA,NA,NA,NA,NA,NA,NA,NA,NA,NA,NA,NA,0,0,0,NA,,,,1,NA,,,,,,,NA,NA,NA,NA,NA,NA,NA,NA,NA,NA,NA,NA,NA,NA,0,
332,08/09/2010 12:38:00 PM," MEDFORD STREET and SOMERVILLE AVENUE, Somerville, MA",-71.1129435,42.3851277,,,,,,,NA,NA,NA,NA,,,,NA,NA,NA,NA,NA,NA,NA,NA,NA,NA,NA,NA,NA,NA,NA,0,0,0,NA,,,,0,NA,,,,,,,NA,NA,NA,NA,NA,NA,NA,NA,NA,NA,NA,NA,NA,NA,0,
333,08/09/2010 06:32:00 PM," ARLINGTON STREET and LINCOLN STREET, Somerville, MA",-71.0812769,42.3857778,,,,,,,NA,NA,NA,NA,,,,NA,NA,NA,NA,NA,NA,NA,NA,NA,NA,NA,NA,NA,NA,NA,0,0,0,NA,,,,0,NA,,,,,,,NA,NA,NA,NA,NA,NA,NA,NA,NA,NA,NA,NA,NA,NA,0,
334,08/09/2010 06:46:00 PM,"75 UNION SQUARE, Somerville, MA",-71.0947869,42.3798306,,,,,,,NA,NA,NA,NA,,,,NA,NA,NA,NA,NA,NA,NA,NA,NA,NA,NA,NA,NA,NA,NA,0,0,0,NA,,,,0,NA,,,,,,,NA,NA,NA,NA,NA,NA,NA,NA,NA,NA,NA,NA,NA,NA,0,
335,08/10/2010 08:15:00 PM," SYCAMORE STREET and WILLOUGHBY STREET, Somerville, MA",-71.1008814,42.389321,,,,,,,NA,NA,NA,NA,,,,NA,NA,NA,NA,NA,NA,NA,NA,NA,NA,NA,NA,NA,NA,NA,0,1,0,NA,,,,1,NA,,,,,,,NA,NA,NA,NA,NA,NA,NA,NA,NA,NA,NA,NA,NA,NA,0,
336,08/11/2010 08:30:00 AM," SUMMER STREET and CUTLER STREET, Somerville, MA",-71.1067515,42.3955767,,,,,,,NA,NA,NA,NA,,,,NA,NA,NA,NA,NA,NA,NA,NA,NA,NA,NA,NA,NA,NA,NA,0,0,0,NA,,,,0,NA,,,,,,,NA,NA,NA,NA,NA,NA,NA,NA,NA,NA,NA,NA,NA,NA,0,
337,08/12/2010 10:31:00 AM," GLEN STREET and TUFTS STREET, Somerville, MA",-71.0886265,42.3821525,,,,,,,NA,NA,NA,NA,,,,NA,NA,NA,NA,NA,NA,NA,NA,NA,NA,NA,NA,NA,NA,NA,0,0,0,NA,,,,0,NA,,,,,,,NA,NA,NA,NA,NA,NA,NA,NA,NA,NA,NA,NA,NA,NA,0,
338,08/12/2010 02:50:00 PM," LOWELL STREET and ALBION STREET, Somerville, MA",-71.1071395,42.3913877,,,,,,,NA,NA,NA,NA,,,,NA,NA,NA,NA,NA,NA,NA,NA,NA,NA,NA,NA,NA,NA,NA,0,0,0,NA,,,,1,NA,,,,,,,NA,NA,NA,NA,NA,NA,NA,NA,NA,NA,NA,NA,NA,NA,0,
339,08/13/2010 08:27:00 AM,"22 COLLEGE AVENUE, Somerville, MA",-71.1220485,42.3972594,,,,,,,NA,NA,NA,NA,,,,NA,NA,NA,NA,NA,NA,NA,NA,NA,NA,NA,NA,NA,NA,NA,0,0,0,NA,,,,0,NA,,,,,,,NA,NA,NA,NA,NA,NA,NA,NA,NA,NA,NA,NA,NA,NA,0,
340,08/13/2010 07:14:00 AM," ELM STREET and PORTER STREET, Somerville, MA",-71.1138121,42.3860941,,,,,,,NA,NA,NA,NA,,,,NA,NA,NA,NA,NA,NA,NA,NA,NA,NA,NA,NA,NA,NA,NA,0,1,0,NA,,,,1,NA,,,,,,,NA,NA,NA,NA,NA,NA,NA,NA,NA,NA,NA,NA,NA,NA,0,
341,08/13/2010 06:20:00 PM,"312 BEACON STREET, Somerville, MA",-71.113789,42.3841021,,,,,,,NA,NA,NA,NA,,,,NA,NA,NA,NA,NA,NA,NA,NA,NA,NA,NA,NA,NA,NA,NA,1,0,0,NA,,,,1,NA,,,,,,,NA,NA,NA,NA,NA,NA,NA,NA,NA,NA,NA,NA,NA,NA,0,
342,08/14/2010 02:27:00 PM,"483 MEDFORD STREET, Somerville, MA",-71.102469,42.395167,,,,,,,NA,NA,NA,NA,,,,NA,NA,NA,NA,NA,NA,NA,NA,NA,NA,NA,NA,NA,NA,NA,0,0,0,NA,,,,0,NA,,,,,,,NA,NA,NA,NA,NA,NA,NA,NA,NA,NA,NA,NA,NA,NA,0,
343,08/15/2010 08:12:00 AM,"741 SOMERVILLE AVENUE, Somerville, MA",-71.1152739,42.3866683,,,,,,,NA,NA,NA,NA,,,,NA,NA,NA,NA,NA,NA,NA,NA,NA,NA,NA,NA,NA,NA,NA,0,0,0,NA,,,,0,NA,,,,,,,NA,NA,NA,NA,NA,NA,NA,NA,NA,NA,NA,NA,NA,NA,0,
344,08/15/2010 11:45:00 AM,"68 HOLLAND STREET, Somerville, MA",-71.124165,42.3981753,,,,,,,NA,NA,NA,NA,,,,NA,NA,NA,NA,NA,NA,NA,NA,NA,NA,NA,NA,NA,NA,NA,0,0,0,NA,,,,0,NA,,,,,,,NA,NA,NA,NA,NA,NA,NA,NA,NA,NA,NA,NA,NA,NA,0,
345,08/15/2010 03:07:00 PM,"165 MIDDLESEX AVENUE, Somerville, MA",-71.0836002,42.3960559,,,,,,,NA,NA,NA,NA,,,,NA,NA,NA,NA,NA,NA,NA,NA,NA,NA,NA,NA,NA,NA,NA,0,0,0,NA,,,,0,NA,,,,,,,NA,NA,NA,NA,NA,NA,NA,NA,NA,NA,NA,NA,NA,NA,0,
346,08/16/2010 08:51:00 AM," COLLEGE AVENUE and PARK AVENUE, Somerville, MA",-71.121655,42.3975639,,,,,,,NA,NA,NA,NA,,,,NA,NA,NA,NA,NA,NA,NA,NA,NA,NA,NA,NA,NA,NA,NA,0,0,0,NA,,,,0,NA,,,,,,,NA,NA,NA,NA,NA,NA,NA,NA,NA,NA,NA,NA,NA,NA,0,
347,08/16/2010 05:57:00 PM," MEDFORD STREET and WARD STREET, Somerville, MA",-71.088349,42.3748442,,,,,,,NA,NA,NA,NA,,,,NA,NA,NA,NA,NA,NA,NA,NA,NA,NA,NA,NA,NA,NA,NA,0,0,0,NA,,,,1,NA,,,,,,,NA,NA,NA,NA,NA,NA,NA,NA,NA,NA,NA,NA,NA,NA,0,
348,08/17/2010 01:07:00 PM,"91 HIGHLAND AVENUE, Somerville, MA",-71.098537,42.386787,,,,,,,NA,NA,NA,NA,,,,NA,NA,NA,NA,NA,NA,NA,NA,NA,NA,NA,NA,NA,NA,NA,0,0,0,NA,,,,1,NA,,,,,,,NA,NA,NA,NA,NA,NA,NA,NA,NA,NA,NA,NA,NA,NA,0,
349,08/18/2010 01:18:00 PM,"53 CEDAR STREET, Somerville, MA",-71.1136429,42.3900327,,,,,,,NA,NA,NA,NA,,,,NA,NA,NA,NA,NA,NA,NA,NA,NA,NA,NA,NA,NA,NA,NA,0,0,0,NA,,,,0,NA,,,,,,,NA,NA,NA,NA,NA,NA,NA,NA,NA,NA,NA,NA,NA,NA,0,
350,08/19/2010 01:00:00 AM,"143 BOSTON AVENUE, Somerville, MA",-71.110712,42.399057,,,,,,,NA,NA,NA,NA,,,,NA,NA,NA,NA,NA,NA,NA,NA,NA,NA,NA,NA,NA,NA,NA,0,0,0,NA,,,,0,NA,,,,,,,NA,NA,NA,NA,NA,NA,NA,NA,NA,NA,NA,NA,NA,NA,0,
351,08/20/2010 08:42:00 PM," MIDDLESEX AVENUE, Somerville, MA",-71.0831773,42.3931891,,,,,,,NA,NA,NA,NA,,,,NA,NA,NA,NA,NA,NA,NA,NA,NA,NA,NA,NA,NA,NA,NA,0,0,0,NA,,,,1,NA,,,,,,,NA,NA,NA,NA,NA,NA,NA,NA,NA,NA,NA,NA,NA,NA,0,
352,08/22/2010 11:04:00 AM,"55 DANE AVENUE, Somerville, MA",-71.1025111,42.3801602,,,,,,,NA,NA,NA,NA,,,,NA,NA,NA,NA,NA,NA,NA,NA,NA,NA,NA,NA,NA,NA,NA,0,0,0,NA,,,,1,NA,,,,,,,NA,NA,NA,NA,NA,NA,NA,NA,NA,NA,NA,NA,NA,NA,0,
353,08/22/2010 11:05:00 PM,"307 SOMERVILLE AVENUE, Somerville, MA",-71.0973831,42.3805454,,,,,,,NA,NA,NA,NA,,,,NA,NA,NA,NA,NA,NA,NA,NA,NA,NA,NA,NA,NA,NA,NA,0,0,0,NA,,,,0,NA,,,,,,,NA,NA,NA,NA,NA,NA,NA,NA,NA,NA,NA,NA,NA,NA,0,
354,08/22/2010 09:45:00 AM,"379 BROADWAY, Somerville, MA",-71.096732,42.3946452,,,,,,,NA,NA,NA,NA,,,,NA,NA,NA,NA,NA,NA,NA,NA,NA,NA,NA,NA,NA,NA,NA,0,1,0,NA,,,,1,NA,,,,,,,NA,NA,NA,NA,NA,NA,NA,NA,NA,NA,NA,NA,NA,NA,0,
355,08/24/2010 09:25:00 AM,"62 BROADWAY, Somerville, MA",-71.0807347,42.3865704,,,,,,,NA,NA,NA,NA,,,,NA,NA,NA,NA,NA,NA,NA,NA,NA,NA,NA,NA,NA,NA,NA,0,0,0,NA,,,,0,NA,,,,,,,NA,NA,NA,NA,NA,NA,NA,NA,NA,NA,NA,NA,NA,NA,0,
356,08/24/2010 01:37:00 PM," HOLLAND STREET and PAULINA STREET, Somerville, MA",-71.1252368,42.3998502,,,,,,,NA,NA,NA,NA,,,,NA,NA,NA,NA,NA,NA,NA,NA,NA,NA,NA,NA,NA,NA,NA,0,0,0,NA,,,,1,NA,,,,,,,NA,NA,NA,NA,NA,NA,NA,NA,NA,NA,NA,NA,NA,NA,0,
357,08/24/2010 02:50:00 PM," HIGHLAND AVENUE and PRESCOTT STREET, Somerville, MA",-71.0978014,42.3865229,,,,,,,NA,NA,NA,NA,,,,NA,NA,NA,NA,NA,NA,NA,NA,NA,NA,NA,NA,NA,NA,NA,0,0,0,NA,,,,0,NA,,,,,,,NA,NA,NA,NA,NA,NA,NA,NA,NA,NA,NA,NA,NA,NA,0,