id,date_time,address,lon,lat,Weather,road_surface,traffic_control_device,intersection_type,traffic_way_desc,collision_manner,num_involved_vehicles,vehicle1_configuration,driver1_contrib1,driver1_contrib2,vehicle2_configuration,driver2_contrib1,driver2_contrib2,vehicle3_configuration,driver3_contrib1,driver3_contrib2,vehicle4_configuration,driver4_contrib1,driver4_contrib2,vehicle5_configuration,driver5_contrib1,driver5_contrib2,vehicle6_configuration,driver6_contrib1,driver6_contrib2,vehicle7_configuration,driver7_contrib1,driver7_contrib2,Bicycle,Pedestrian,non_mv,non_motorist_location,non_motorist_action,non_motorist_type,manner_of_non_motorist_collision,Injury,Multiple,Gender1,Age1,Severity1,Hospital1,Gender2,Age2,Severity2,Hospital2,Gender3,Age3,Severity3,Hospital3,Gender4,Age4,Severity4,Hospital4,Gender5,Age5,Severity5,Hospital5,city_vehicle,Notes
859,08/03/2011 01:32:00 PM," BROADWAY and WILLOW AVENUE, Somerville, MA",-71.1127004,42.4001,,,,,,,NA,NA,NA,NA,,,,NA,NA,NA,NA,NA,NA,NA,NA,NA,NA,NA,NA,NA,NA,NA,0,0,0,NA,,,,0,NA,,,,,,,NA,NA,NA,NA,NA,NA,NA,NA,NA,NA,NA,NA,NA,NA,0,
860,08/04/2011 01:11:00 AM," WASHINGTON STREET, Somerville, MA",-71.0939847,42.3795851,,,,,,,NA,NA,NA,NA,,,,NA,NA,NA,NA,NA,NA,NA,NA,NA,NA,NA,NA,NA,NA,NA,0,0,0,NA,,,,1,NA,,,,,,,NA,NA,NA,NA,NA,NA,NA,NA,NA,NA,NA,NA,NA,NA,0,
861,08/05/2011 06:00:00 AM,"185 POWDER HOUSE BOULEVARD, Somerville, MA",-71.127267,42.4064505,,,,,,,NA,NA,NA,NA,,,,NA,NA,NA,NA,NA,NA,NA,NA,NA,NA,NA,NA,NA,NA,NA,0,0,0,NA,,,,1,NA,,,,,,,NA,NA,NA,NA,NA,NA,NA,NA,NA,NA,NA,NA,NA,NA,0,
862,08/05/2011 05:37:00 PM,"400 SOMERVILLE AVENUE, Somerville, MA",-71.1015967,42.3807302,,,,,,,NA,NA,NA,NA,,,,NA,NA,NA,NA,NA,NA,NA,NA,NA,NA,NA,NA,NA,NA,NA,0,0,0,NA,,,,1,NA,,,,,,,NA,NA,NA,NA,NA,NA,NA,NA,NA,NA,NA,NA,NA,NA,0,
863,08/06/2011 03:41:00 PM," SYDNEY STREET and TAYLOR STREET, Somerville, MA",-71.089418,42.3944541,,,,,,,NA,NA,NA,NA,,,,NA,NA,NA,NA,NA,NA,NA,NA,NA,NA,NA,NA,NA,NA,NA,0,0,0,NA,,,,0,NA,,,,,,,NA,NA,NA,NA,NA,NA,NA,NA,NA,NA,NA,NA,NA,NA,0,
864,08/07/2011 11:20:00 AM," HOLLAND STREET and GORHAM STREET, Somerville, MA",-71.1252368,42.3998502,,,,,,,NA,NA,NA,NA,,,,NA,NA,NA,NA,NA,NA,NA,NA,NA,NA,NA,NA,NA,NA,NA,0,0,0,NA,,,,0,NA,,,,,,,NA,NA,NA,NA,NA,NA,NA,NA,NA,NA,NA,NA,NA,NA,0,
865,08/07/2011 01:17:00 PM,"237 ELM STREET, Somerville, MA",-71.1216307,42.3950242,,,,,,,NA,NA,NA,NA,,,,NA,NA,NA,NA,NA,NA,NA,NA,NA,NA,NA,NA,NA,NA,NA,0,0,0,NA,,,,0,NA,,,,,,,NA,NA,NA,NA,NA,NA,NA,NA,NA,NA,NA,NA,NA,NA,0,
866,08/07/2011 03:15:00 PM," CHERRY STREET and SUMMER STREET, Somerville, MA",-71.1149866,42.3914194,,,,,,,NA,NA,NA,NA,,,,NA,NA,NA,NA,NA,NA,NA,NA,NA,NA,NA,NA,NA,NA,NA,0,0,0,NA,,,,0,NA,,,,,,,NA,NA,NA,NA,NA,NA,NA,NA,NA,NA,NA,NA,NA,NA,0,
867,08/07/2011 06:19:00 PM,"11 MACARTHUR STREET, Somerville, MA",-71.088444,42.389022,,,,,,,NA,NA,NA,NA,,,,NA,NA,NA,NA,NA,NA,NA,NA,NA,NA,NA,NA,NA,NA,NA,0,0,0,NA,,,,0,NA,,,,,,,NA,NA,NA,NA,NA,NA,NA,NA,NA,NA,NA,NA,NA,NA,0,
868,08/07/2011 07:26:00 PM," PROSPECT STREET, Somerville, MA",-71.0956385,42.3769126,,,,,,,NA,NA,NA,NA,,,,NA,NA,NA,NA,NA,NA,NA,NA,NA,NA,NA,NA,NA,NA,NA,0,0,0,NA,,,,1,NA,,,,,,,NA,NA,NA,NA,NA,NA,NA,NA,NA,NA,NA,NA,NA,NA,0,
869,08/08/2011 11:10:00 AM," BROADWAY and GARFIELD AVENUE, Somerville, MA",-71.0867525,42.3889844,,,,,,,NA,NA,NA,NA,,,,NA,NA,NA,NA,NA,NA,NA,NA,NA,NA,NA,NA,NA,NA,NA,0,0,0,NA,,,,0,NA,,,,,,,NA,NA,NA,NA,NA,NA,NA,NA,NA,NA,NA,NA,NA,NA,0,
870,08/08/2011 06:32:00 PM,"15B MEMORIAL ROAD, Somerville, MA",-71.0923136,42.3962272,,,,,,,NA,NA,NA,NA,,,,NA,NA,NA,NA,NA,NA,NA,NA,NA,NA,NA,NA,NA,NA,NA,0,1,0,NA,,,,1,NA,,,,,,,NA,NA,NA,NA,NA,NA,NA,NA,NA,NA,NA,NA,NA,NA,0,
871,08/08/2011 09:04:00 AM," WASHINGTON STREET and BEACON STREET, Somerville, MA",-71.106382,42.3782892,,,,,,,NA,NA,NA,NA,,,,NA,NA,NA,NA,NA,NA,NA,NA,NA,NA,NA,NA,NA,NA,NA,1,0,0,NA,,,,1,NA,,,,,,,NA,NA,NA,NA,NA,NA,NA,NA,NA,NA,NA,NA,NA,NA,0,
872,08/10/2011 11:57:00 AM,"30 PRESCOTT STREET, Somerville, MA",-71.099288,42.384825,,,,,,,NA,NA,NA,NA,,,,NA,NA,NA,NA,NA,NA,NA,NA,NA,NA,NA,NA,NA,NA,NA,0,0,0,NA,,,,1,NA,,,,,,,NA,NA,NA,NA,NA,NA,NA,NA,NA,NA,NA,NA,NA,NA,0,
873,08/10/2011 06:53:00 PM," SUMMER STREET and HARVARD STREET and BENTON ROAD, Somerville, MA",-71.106865,42.3866442,,,,,,,NA,NA,NA,NA,,,,NA,NA,NA,NA,NA,NA,NA,NA,NA,NA,NA,NA,NA,NA,NA,0,0,0,NA,,,,0,NA,,,,,,,NA,NA,NA,NA,NA,NA,NA,NA,NA,NA,NA,NA,NA,NA,0,
874,08/11/2011 10:01:00 PM,"ACADIA PARK, Somerville, MA",-71.1169224,42.3882612,,,,,,,NA,NA,NA,NA,,,,NA,NA,NA,NA,NA,NA,NA,NA,NA,NA,NA,NA,NA,NA,NA,0,0,0,NA,,,,1,NA,,,,,,,NA,NA,NA,NA,NA,NA,NA,NA,NA,NA,NA,NA,NA,NA,0,
875,08/12/2011 04:08:00 PM,"9 SCHOOL STREET, Somerville, MA",-71.1017698,42.3823506,,,,,,,NA,NA,NA,NA,,,,NA,NA,NA,NA,NA,NA,NA,NA,NA,NA,NA,NA,NA,NA,NA,0,0,0,NA,,,,0,NA,,,,,,,NA,NA,NA,NA,NA,NA,NA,NA,NA,NA,NA,NA,NA,NA,0,
876,08/12/2011 04:15:00 PM," HOLLAND STREET and DOVER STREET, Somerville, MA",-71.1231672,42.397175,,,,,,,NA,NA,NA,NA,,,,NA,NA,NA,NA,NA,NA,NA,NA,NA,NA,NA,NA,NA,NA,NA,0,0,0,NA,,,,1,NA,,,,,,,NA,NA,NA,NA,NA,NA,NA,NA,NA,NA,NA,NA,NA,NA,0,
877,08/12/2011 04:38:00 PM,"133 MIDDLESEX AVENUE, Somerville, MA",-71.0826059,42.3951117,,,,,,,NA,NA,NA,NA,,,,NA,NA,NA,NA,NA,NA,NA,NA,NA,NA,NA,NA,NA,NA,NA,0,0,0,NA,,,,0,NA,,,,,,,NA,NA,NA,NA,NA,NA,NA,NA,NA,NA,NA,NA,NA,NA,0,
878,08/12/2011 06:09:00 PM,"160 WASHINGTON STREET, Somerville, MA",-71.0887334,42.3801796,,,,,,,NA,NA,NA,NA,,,,NA,NA,NA,NA,NA,NA,NA,NA,NA,NA,NA,NA,NA,NA,NA,1,0,0,NA,,,,0,NA,,,,,,,NA,NA,NA,NA,NA,NA,NA,NA,NA,NA,NA,NA,NA,NA,0,
879,08/13/2011 09:59:00 AM," WASHINGTON STREET and NEW WASHINGTON STREET, Somerville, MA",-71.0870816,42.3811086,,,,,,,NA,NA,NA,NA,,,,NA,NA,NA,NA,NA,NA,NA,NA,NA,NA,NA,NA,NA,NA,NA,0,0,0,NA,,,,0,NA,,,,,,,NA,NA,NA,NA,NA,NA,NA,NA,NA,NA,NA,NA,NA,NA,0,
880,08/13/2011 02:50:00 PM,"407 HIGHLAND AVENUE, Somerville, MA",-71.1211158,42.3962133,,,,,,,NA,NA,NA,NA,,,,NA,NA,NA,NA,NA,NA,NA,NA,NA,NA,NA,NA,NA,NA,NA,0,0,0,NA,,,,0,NA,,,,,,,NA,NA,NA,NA,NA,NA,NA,NA,NA,NA,NA,NA,NA,NA,0,
881,08/15/2011 10:18:00 PM,"524 SOMERVILLE AVENUE, Somerville, MA",-71.1061349,42.3829797,,,,,,,NA,NA,NA,NA,,,,NA,NA,NA,NA,NA,NA,NA,NA,NA,NA,NA,NA,NA,NA,NA,0,0,0,NA,,,,0,NA,,,,,,,NA,NA,NA,NA,NA,NA,NA,NA,NA,NA,NA,NA,NA,NA,0,
882,08/16/2011 09:58:00 PM,"123 CENTRAL STREET, Somerville, MA",-71.1013422,42.3913611,,,,,,,NA,NA,NA,NA,,,,NA,NA,NA,NA,NA,NA,NA,NA,NA,NA,NA,NA,NA,NA,NA,0,0,0,NA,,,,0,NA,,,,,,,NA,NA,NA,NA,NA,NA,NA,NA,NA,NA,NA,NA,NA,NA,0,
883,08/18/2011 09:36:00 AM,"642 SOMERVILLE AVENUE, Somerville, MA",-71.111496,42.384152,,,,,,,NA,NA,NA,NA,,,,NA,NA,NA,NA,NA,NA,NA,NA,NA,NA,NA,NA,NA,NA,NA,0,0,0,NA,,,,0,NA,,,,,,,NA,NA,NA,NA,NA,NA,NA,NA,NA,NA,NA,NA,NA,NA,0,
884,08/18/2011 11:00:00 PM,"47 CRAIGIE STREET, Somerville, MA",-71.111333,42.386797,,,,,,,NA,NA,NA,NA,,,,NA,NA,NA,NA,NA,NA,NA,NA,NA,NA,NA,NA,NA,NA,NA,0,0,0,NA,,,,0,NA,,,,,,,NA,NA,NA,NA,NA,NA,NA,NA,NA,NA,NA,NA,NA,NA,0,
885,08/20/2011 08:20:00 AM," MALLET STREET and WILLOW AVENUE, Somerville, MA",-71.1134481,42.3990436,,,,,,,NA,NA,NA,NA,,,,NA,NA,NA,NA,NA,NA,NA,NA,NA,NA,NA,NA,NA,NA,NA,0,0,0,NA,,,,0,NA,,,,,,,NA,NA,NA,NA,NA,NA,NA,NA,NA,NA,NA,NA,NA,NA,0,
886,08/20/2011 02:54:00 PM,"9 TEMPLE STREET, Somerville, MA",-71.0929395,42.3928527,,,,,,,NA,NA,NA,NA,,,,NA,NA,NA,NA,NA,NA,NA,NA,NA,NA,NA,NA,NA,NA,NA,0,1,0,NA,,,,1,NA,,,,,,,NA,NA,NA,NA,NA,NA,NA,NA,NA,NA,NA,NA,NA,NA,0,
887,08/21/2011 02:10:00 AM," BROADWAY and SCHOOL STREET, Somerville, MA",-71.0944105,42.3932298,,,,,,,NA,NA,NA,NA,,,,NA,NA,NA,NA,NA,NA,NA,NA,NA,NA,NA,NA,NA,NA,NA,0,0,0,NA,,,,0,NA,,,,,,,NA,NA,NA,NA,NA,NA,NA,NA,NA,NA,NA,NA,NA,NA,0,
888,08/24/2011 11:49:00 AM," WILLOW AVENUE and LEXINGTON AVENUE, Somerville, MA",-71.1163109,42.3948546,,,,,,,NA,NA,NA,NA,,,,NA,NA,NA,NA,NA,NA,NA,NA,NA,NA,NA,NA,NA,NA,NA,0,0,0,NA,,,,0,NA,,,,,,,NA,NA,NA,NA,NA,NA,NA,NA,NA,NA,NA,NA,NA,NA,0,
889,08/25/2011 05:12:00 PM," BENTON ROAD and HIGHLAND AVENUE, Somerville, MA",-71.1052291,42.3890287,,,,,,,NA,NA,NA,NA,,,,NA,NA,NA,NA,NA,NA,NA,NA,NA,NA,NA,NA,NA,NA,NA,0,1,0,NA,,,,1,NA,,,,,,,NA,NA,NA,NA,NA,NA,NA,NA,NA,NA,NA,NA,NA,NA,0,
890,08/26/2011 09:31:00 AM," BROADWAY and BRISTOL ROAD, Somerville, MA",-71.1127004,42.4001,,,,,,,NA,NA,NA,NA,,,,NA,NA,NA,NA,NA,NA,NA,NA,NA,NA,NA,NA,NA,NA,NA,0,0,0,NA,,,,1,NA,,,,,,,NA,NA,NA,NA,NA,NA,NA,NA,NA,NA,NA,NA,NA,NA,0,
891,08/26/2011 07:05:00 PM,"16 PERRY STREET, Somerville, MA",-71.1012767,42.3787525,,,,,,,NA,NA,NA,NA,,,,NA,NA,NA,NA,NA,NA,NA,NA,NA,NA,NA,NA,NA,NA,NA,0,0,0,NA,,,,0,NA,,,,,,,NA,NA,NA,NA,NA,NA,NA,NA,NA,NA,NA,NA,NA,NA,0,
892,08/28/2011 03:00:00 AM,"136 POWDER HOUSE BOULEVARD and COLLEGE AVENUE, Somerville, MA",-71.1169246,42.400929,,,,,,,NA,NA,NA,NA,,,,NA,NA,NA,NA,NA,NA,NA,NA,NA,NA,NA,NA,NA,NA,NA,0,0,0,NA,,,,1,NA,,,,,,,NA,NA,NA,NA,NA,NA,NA,NA,NA,NA,NA,NA,NA,NA,0,
893,08/29/2011 02:22:00 AM,"5 RIVER ROAD, Somerville, MA",-71.0928924,42.3971287,,,,,,,NA,NA,NA,NA,,,,NA,NA,NA,NA,NA,NA,NA,NA,NA,NA,NA,NA,NA,NA,NA,0,0,0,NA,,,,0,NA,,,,,,,NA,NA,NA,NA,NA,NA,NA,NA,NA,NA,NA,NA,NA,NA,0,
894,08/29/2011 09:21:00 AM,"32 SUMMER STREET, Somerville, MA",-71.0991435,42.3827504,,,,,,,NA,NA,NA,NA,,,,NA,NA,NA,NA,NA,NA,NA,NA,NA,NA,NA,NA,NA,NA,NA,0,0,0,NA,,,,0,NA,,,,,,,NA,NA,NA,NA,NA,NA,NA,NA,NA,NA,NA,NA,NA,NA,0,
895,08/29/2011 01:37:00 PM," LINCOLN STREET and LINCOLN AVENUE, Somerville, MA",-71.0811779,42.3859677,,,,,,,NA,NA,NA,NA,,,,NA,NA,NA,NA,NA,NA,NA,NA,NA,NA,NA,NA,NA,NA,NA,0,1,0,NA,,,,1,NA,,,,,,,NA,NA,NA,NA,NA,NA,NA,NA,NA,NA,NA,NA,NA,NA,0,
896,08/30/2011 12:30:00 PM," SUMMER STREET and CHURCH STREET, Somerville, MA",-71.0993429,42.3832593,,,,,,,NA,NA,NA,NA,,,,NA,NA,NA,NA,NA,NA,NA,NA,NA,NA,NA,NA,NA,NA,NA,0,0,0,NA,,,,0,NA,,,,,,,NA,NA,NA,NA,NA,NA,NA,NA,NA,NA,NA,NA,NA,NA,0,
897,08/31/2011 09:32:00 PM,"1196 BROADWAY, Somerville, MA",-71.1286456,42.40378,,,,,,,NA,NA,NA,NA,,,,NA,NA,NA,NA,NA,NA,NA,NA,NA,NA,NA,NA,NA,NA,NA,0,0,0,NA,,,,1,NA,,,,,,,NA,NA,NA,NA,NA,NA,NA,NA,NA,NA,NA,NA,NA,NA,0,
898,09/01/2011 03:09:00 PM," SUMMER STREET and CHERRY STREET, Somerville, MA",-71.1149866,42.3914194,,,,,,,NA,NA,NA,NA,,,,NA,NA,NA,NA,NA,NA,NA,NA,NA,NA,NA,NA,NA,NA,NA,0,0,0,NA,,,,1,NA,,,,,,,NA,NA,NA,NA,NA,NA,NA,NA,NA,NA,NA,NA,NA,NA,0,
899,09/01/2011 03:22:00 PM,"32 EDGAR AVENUE, Somerville, MA",-71.0968794,42.3963021,,,,,,,NA,NA,NA,NA,,,,NA,NA,NA,NA,NA,NA,NA,NA,NA,NA,NA,NA,NA,NA,NA,0,0,0,NA,,,,0,NA,,,,,,,NA,NA,NA,NA,NA,NA,NA,NA,NA,NA,NA,NA,NA,NA,0,
900,09/01/2011 09:05:00 AM," CURTIS STREET and POWDER HOUSE BOULEVARD, Somerville, MA",-71.1258479,42.4054336,,,,,,,NA,NA,NA,NA,,,,NA,NA,NA,NA,NA,NA,NA,NA,NA,NA,NA,NA,NA,NA,NA,1,0,0,NA,,,,1,NA,,,,,,,NA,NA,NA,NA,NA,NA,NA,NA,NA,NA,NA,NA,NA,NA,0,
901,09/02/2011 08:54:00 AM,"750 BROADWAY, Somerville, MA",-71.114169,42.400349,,,,,,,NA,NA,NA,NA,,,,NA,NA,NA,NA,NA,NA,NA,NA,NA,NA,NA,NA,NA,NA,NA,0,0,0,NA,,,,0,NA,,,,,,,NA,NA,NA,NA,NA,NA,NA,NA,NA,NA,NA,NA,NA,NA,0,
902,09/02/2011 09:00:00 AM," TEMPLE STREET and BROADWAY, Somerville, MA",-71.0934064,42.3925566,,,,,,,NA,NA,NA,NA,,,,NA,NA,NA,NA,NA,NA,NA,NA,NA,NA,NA,NA,NA,NA,NA,0,0,0,NA,,,,0,NA,,,,,,,NA,NA,NA,NA,NA,NA,NA,NA,NA,NA,NA,NA,NA,NA,0,
903,09/02/2011 12:20:00 PM," BROADWAY and DARTMOUTH STREET, Somerville, MA",-71.095292,42.3935455,,,,,,,NA,NA,NA,NA,,,,NA,NA,NA,NA,NA,NA,NA,NA,NA,NA,NA,NA,NA,NA,NA,0,0,0,NA,,,,0,NA,,,,,,,NA,NA,NA,NA,NA,NA,NA,NA,NA,NA,NA,NA,NA,NA,0,
904,09/02/2011 02:13:00 PM," POWDER HOUSE BOULEVARD and PACKARD AVENUE, Somerville, MA",-71.1234739,42.4044589,,,,,,,NA,NA,NA,NA,,,,NA,NA,NA,NA,NA,NA,NA,NA,NA,NA,NA,NA,NA,NA,NA,0,1,0,NA,,,,1,NA,,,,,,,NA,NA,NA,NA,NA,NA,NA,NA,NA,NA,NA,NA,NA,NA,0,
905,09/03/2011 02:05:00 AM," HIGHLAND AVENUE and GROVE STREET, Somerville, MA",-71.1204966,42.3957061,,,,,,,NA,NA,NA,NA,,,,NA,NA,NA,NA,NA,NA,NA,NA,NA,NA,NA,NA,NA,NA,NA,0,0,0,NA,,,,1,NA,,,,,,,NA,NA,NA,NA,NA,NA,NA,NA,NA,NA,NA,NA,NA,NA,0,
906,09/03/2011 03:23:00 PM," POWDER HOUSE BOULEVARD and PACKARD AVENUE, Somerville, MA",-71.1234739,42.4044589,,,,,,,NA,NA,NA,NA,,,,NA,NA,NA,NA,NA,NA,NA,NA,NA,NA,NA,NA,NA,NA,NA,0,0,0,NA,,,,1,NA,,,,,,,NA,NA,NA,NA,NA,NA,NA,NA,NA,NA,NA,NA,NA,NA,0,
907,09/03/2011 08:45:00 AM,"138 BROADWAY, Somerville, MA",-71.0848267,42.3881115,,,,,,,NA,NA,NA,NA,,,,NA,NA,NA,NA,NA,NA,NA,NA,NA,NA,NA,NA,NA,NA,NA,1,0,0,NA,,,,1,NA,,,,,,,NA,NA,NA,NA,NA,NA,NA,NA,NA,NA,NA,NA,NA,NA,0,
908,09/04/2011 01:43:00 PM,"159 SUMMER STREET, Somerville, MA",-71.1059039,42.3863289,,,,,,,NA,NA,NA,NA,,,,NA,NA,NA,NA,NA,NA,NA,NA,NA,NA,NA,NA,NA,NA,NA,0,0,0,NA,,,,0,NA,,,,,,,NA,NA,NA,NA,NA,NA,NA,NA,NA,NA,NA,NA,NA,NA,0,
909,09/04/2011 01:45:00 PM," PEARL STREET and MEDFORD STREET, Somerville, MA",-71.0962952,42.3882985,,,,,,,NA,NA,NA,NA,,,,NA,NA,NA,NA,NA,NA,NA,NA,NA,NA,NA,NA,NA,NA,NA,0,0,0,NA,,,,0,NA,,,,,,,NA,NA,NA,NA,NA,NA,NA,NA,NA,NA,NA,NA,NA,NA,0,
910,09/04/2011 03:54:00 PM," CENTRAL STREET and SUMMER STREET, Somerville, MA",-71.1050912,42.3860322,,,,,,,NA,NA,NA,NA,,,,NA,NA,NA,NA,NA,NA,NA,NA,NA,NA,NA,NA,NA,NA,NA,0,0,0,NA,,,,1,NA,,,,,,,NA,NA,NA,NA,NA,NA,NA,NA,NA,NA,NA,NA,NA,NA,0,
911,09/04/2011 09:07:00 PM," GARFIELD AVENUE and BROADWAY, Somerville, MA",-71.0867525,42.3889844,,,,,,,NA,NA,NA,NA,,,,NA,NA,NA,NA,NA,NA,NA,NA,NA,NA,NA,NA,NA,NA,NA,0,0,0,NA,,,,0,NA,,,,,,,NA,NA,NA,NA,NA,NA,NA,NA,NA,NA,NA,NA,NA,NA,0,
912,09/05/2011 10:50:00 AM,"40 PENNSYLVANIA AVENUE, Somerville, MA",-71.0817151,42.3881839,,,,,,,NA,NA,NA,NA,,,,NA,NA,NA,NA,NA,NA,NA,NA,NA,NA,NA,NA,NA,NA,NA,0,0,0,NA,,,,0,NA,,,,,,,NA,NA,NA,NA,NA,NA,NA,NA,NA,NA,NA,NA,NA,NA,0,
913,09/05/2011 06:30:00 PM,"83 HOLLAND STREET, Somerville, MA",-71.1243354,42.3987694,,,,,,,NA,NA,NA,NA,,,,NA,NA,NA,NA,NA,NA,NA,NA,NA,NA,NA,NA,NA,NA,NA,0,0,0,NA,,,,0,NA,,,,,,,NA,NA,NA,NA,NA,NA,NA,NA,NA,NA,NA,NA,NA,NA,0,
914,09/06/2011 03:24:00 PM,"39 BERKELEY STREET, Somerville, MA",-71.1017357,42.38646,,,,,,,NA,NA,NA,NA,,,,NA,NA,NA,NA,NA,NA,NA,NA,NA,NA,NA,NA,NA,NA,NA,0,0,0,NA,,,,0,NA,,,,,,,NA,NA,NA,NA,NA,NA,NA,NA,NA,NA,NA,NA,NA,NA,0,
915,09/06/2011 03:30:00 PM," SOUTH STREET, Somerville, MA",-71.0904766,42.3743855,,,,,,,NA,NA,NA,NA,,,,NA,NA,NA,NA,NA,NA,NA,NA,NA,NA,NA,NA,NA,NA,NA,0,0,0,NA,,,,0,NA,,,,,,,NA,NA,NA,NA,NA,NA,NA,NA,NA,NA,NA,NA,NA,NA,0,
916,09/06/2011 08:00:00 PM," SOMERVILLE AVENUE and BOW STREET, Somerville, MA",-71.1003902,42.3814782,,,,,,,NA,NA,NA,NA,,,,NA,NA,NA,NA,NA,NA,NA,NA,NA,NA,NA,NA,NA,NA,NA,0,0,0,NA,,,,0,NA,,,,,,,NA,NA,NA,NA,NA,NA,NA,NA,NA,NA,NA,NA,NA,NA,0,
917,09/07/2011 10:00:00 AM,"461 SOMERVILLE AVENUE, Somerville, MA",-71.1031517,42.3825506,,,,,,,NA,NA,NA,NA,,,,NA,NA,NA,NA,NA,NA,NA,NA,NA,NA,NA,NA,NA,NA,NA,0,0,0,NA,,,,0,NA,,,,,,,NA,NA,NA,NA,NA,NA,NA,NA,NA,NA,NA,NA,NA,NA,0,
918,09/07/2011 11:48:00 AM," HIGHLAND AVENUE and PORTER STREET, Somerville, MA",-71.110203,42.3912201,,,,,,,NA,NA,NA,NA,,,,NA,NA,NA,NA,NA,NA,NA,NA,NA,NA,NA,NA,NA,NA,NA,0,0,0,NA,,,,0,NA,,,,,,,NA,NA,NA,NA,NA,NA,NA,NA,NA,NA,NA,NA,NA,NA,0,
919,09/07/2011 12:06:00 PM," BROADWAY and MEDFORD STREET, Somerville, MA",-71.1043116,42.3973445,,,,,,,NA,NA,NA,NA,,,,NA,NA,NA,NA,NA,NA,NA,NA,NA,NA,NA,NA,NA,NA,NA,0,0,0,NA,,,,1,NA,,,,,,,NA,NA,NA,NA,NA,NA,NA,NA,NA,NA,NA,NA,NA,NA,0,
920,09/07/2011 03:45:00 PM," WEBSTER STREET and WASHINGTON STREET, Somerville, MA",-71.0964021,42.3796323,,,,,,,NA,NA,NA,NA,,,,NA,NA,NA,NA,NA,NA,NA,NA,NA,NA,NA,NA,NA,NA,NA,0,0,0,NA,,,,0,NA,,,,,,,NA,NA,NA,NA,NA,NA,NA,NA,NA,NA,NA,NA,NA,NA,0,
921,09/08/2011 12:40:00 PM,"23 WASHINGTON STREET, Somerville, MA",-71.0820957,42.3821072,,,,,,,NA,NA,NA,NA,,,,NA,NA,NA,NA,NA,NA,NA,NA,NA,NA,NA,NA,NA,NA,NA,0,0,0,NA,,,,0,NA,,,,,,,NA,NA,NA,NA,NA,NA,NA,NA,NA,NA,NA,NA,NA,NA,0,
922,09/08/2011 04:00:00 PM," BEACON STREET and SMITH AVENUE, Somerville, MA",-71.1051816,42.377306,,,,,,,NA,NA,NA,NA,,,,NA,NA,NA,NA,NA,NA,NA,NA,NA,NA,NA,NA,NA,NA,NA,0,0,0,NA,,,,0,NA,,,,,,,NA,NA,NA,NA,NA,NA,NA,NA,NA,NA,NA,NA,NA,NA,0,
923,09/08/2011 10:30:00 AM," BROADWAY and TEMPLE STREET, Somerville, MA",-71.0934064,42.3925566,,,,,,,NA,NA,NA,NA,,,,NA,NA,NA,NA,NA,NA,NA,NA,NA,NA,NA,NA,NA,NA,NA,0,1,0,NA,,,,1,NA,,,,,,,NA,NA,NA,NA,NA,NA,NA,NA,NA,NA,NA,NA,NA,NA,0,
924,09/08/2011 03:51:00 PM," WASHINGTON STREET and BEACON STREET, Somerville, MA",-71.106382,42.3782892,,,,,,,NA,NA,NA,NA,,,,NA,NA,NA,NA,NA,NA,NA,NA,NA,NA,NA,NA,NA,NA,NA,1,0,0,NA,,,,1,NA,,,,,,,NA,NA,NA,NA,NA,NA,NA,NA,NA,NA,NA,NA,NA,NA,0,
925,09/09/2011 03:30:00 PM,"15 CHANDLER STREET, Somerville, MA",-71.1220252,42.3984025,,,,,,,NA,NA,NA,NA,,,,NA,NA,NA,NA,NA,NA,NA,NA,NA,NA,NA,NA,NA,NA,NA,0,0,0,NA,,,,1,NA,,,,,,,NA,NA,NA,NA,NA,NA,NA,NA,NA,NA,NA,NA,NA,NA,0,
926,09/10/2011 03:08:00 AM,"765 SOMERVILLE AVENUE, Somerville, MA",-71.1160133,42.3871482,,,,,,,NA,NA,NA,NA,,,,NA,NA,NA,NA,NA,NA,NA,NA,NA,NA,NA,NA,NA,NA,NA,0,0,0,NA,,,,1,NA,,,,,,,NA,NA,NA,NA,NA,NA,NA,NA,NA,NA,NA,NA,NA,NA,0,
927,09/10/2011 08:15:00 PM,"58 BOW STREET, Somerville, MA",-71.0991487,42.3814928,,,,,,,NA,NA,NA,NA,,,,NA,NA,NA,NA,NA,NA,NA,NA,NA,NA,NA,NA,NA,NA,NA,0,0,0,NA,,,,0,NA,,,,,,,NA,NA,NA,NA,NA,NA,NA,NA,NA,NA,NA,NA,NA,NA,0,
928,09/10/2011 08:20:00 PM," HIGHLAND AVENUE and GROVE STREET, Somerville, MA",-71.1204966,42.3957061,,,,,,,NA,NA,NA,NA,,,,NA,NA,NA,NA,NA,NA,NA,NA,NA,NA,NA,NA,NA,NA,NA,0,0,0,NA,,,,1,NA,,,,,,,NA,NA,NA,NA,NA,NA,NA,NA,NA,NA,NA,NA,NA,NA,0,
929,09/11/2011 08:45:00 AM," SOMERVILLE AVENUE and WASHINGTON STREET and PROSPECT STREET, Somerville, MA",-71.093806,42.3795328,,,,,,,NA,NA,NA,NA,,,,NA,NA,NA,NA,NA,NA,NA,NA,NA,NA,NA,NA,NA,NA,NA,0,0,0,NA,,,,0,NA,,,,,,,NA,NA,NA,NA,NA,NA,NA,NA,NA,NA,NA,NA,NA,NA,0,
930,09/11/2011 01:15:00 PM," POWDER HOUSE SQUARE and BROADWAY, Somerville, MA",-71.1143386,42.4006346,,,,,,,NA,NA,NA,NA,,,,NA,NA,NA,NA,NA,NA,NA,NA,NA,NA,NA,NA,NA,NA,NA,0,1,0,NA,,,,0,NA,,,,,,,NA,NA,NA,NA,NA,NA,NA,NA,NA,NA,NA,NA,NA,NA,0,