id,date_time,address,lon,lat,Weather,road_surface,traffic_control_device,intersection_type,traffic_way_desc,collision_manner,num_involved_vehicles,vehicle1_configuration,driver1_contrib1,driver1_contrib2,vehicle2_configuration,driver2_contrib1,driver2_contrib2,vehicle3_configuration,driver3_contrib1,driver3_contrib2,vehicle4_configuration,driver4_contrib1,driver4_contrib2,vehicle5_configuration,driver5_contrib1,driver5_contrib2,vehicle6_configuration,driver6_contrib1,driver6_contrib2,vehicle7_configuration,driver7_contrib1,driver7_contrib2,Bicycle,Pedestrian,non_mv,non_motorist_location,non_motorist_action,non_motorist_type,manner_of_non_motorist_collision,Injury,Multiple,Gender1,Age1,Severity1,Hospital1,Gender2,Age2,Severity2,Hospital2,Gender3,Age3,Severity3,Hospital3,Gender4,Age4,Severity4,Hospital4,Gender5,Age5,Severity5,Hospital5,city_vehicle,Notes
1075,12/18/2011 08:00:00 AM,"Thurston St and Evergreen Ave, Somerville, MA",-71.0973593,42.39204,,,,,,,NA,NA,NA,NA,,,,NA,NA,NA,NA,NA,NA,NA,NA,NA,NA,NA,NA,NA,NA,NA,0,0,1,NA,,Stop Sign,,0,NA,,,,,,,NA,NA,NA,NA,NA,NA,NA,NA,NA,NA,NA,NA,NA,NA,0,
1076,12/18/2011 10:19:00 PM,"374 Highland Ave, Somerville, MA",-71.1189263,42.3948533,,,,,,,NA,NA,NA,NA,,,,NA,NA,NA,NA,NA,NA,NA,NA,NA,NA,NA,NA,NA,NA,NA,0,0,0,NA,,,,0,NA,,,,,,,NA,NA,NA,NA,NA,NA,NA,NA,NA,NA,NA,NA,NA,NA,0,
1077,12/20/2011 10:04:00 PM,"Summer St and Cherry St, Somerville, MA",-71.1149866,42.3914194,,,,,,,NA,NA,NA,NA,,,,NA,NA,NA,NA,NA,NA,NA,NA,NA,NA,NA,NA,NA,NA,NA,0,0,0,NA,,,,0,NA,,,,,,,NA,NA,NA,NA,NA,NA,NA,NA,NA,NA,NA,NA,NA,NA,0,
1078,12/20/2011 02:13:00 PM,"Somerville Ave and Belmont St, Somerville, MA",-71.1109898,42.3842555,,,,,,,NA,NA,NA,NA,,,,NA,NA,NA,NA,NA,NA,NA,NA,NA,NA,NA,NA,NA,NA,NA,1,0,0,NA,,,,1,NA,,,,,,,NA,NA,NA,NA,NA,NA,NA,NA,NA,NA,NA,NA,NA,NA,0,
1079,12/21/2011 01:15:00 PM,"Tufts St and Glen St, Somerville, MA",-71.0886265,42.3821525,,,,,,,NA,NA,NA,NA,,,,NA,NA,NA,NA,NA,NA,NA,NA,NA,NA,NA,NA,NA,NA,NA,0,0,0,NA,,,,0,NA,,,,,,,NA,NA,NA,NA,NA,NA,NA,NA,NA,NA,NA,NA,NA,NA,0,
1080,12/22/2011 08:41:00 AM,"Somerville Ave and School St, Somerville, MA",-71.1020177,42.381996,,,,,,,NA,NA,NA,NA,,,,NA,NA,NA,NA,NA,NA,NA,NA,NA,NA,NA,NA,NA,NA,NA,0,0,0,NA,,,,1,NA,,,,,,,NA,NA,NA,NA,NA,NA,NA,NA,NA,NA,NA,NA,NA,NA,0,
1081,12/22/2011 03:06:00 PM,"Somerville Ave and Beech St, Somerville, MA",-71.1079791,42.3835696,,,,,,,NA,NA,NA,NA,,,,NA,NA,NA,NA,NA,NA,NA,NA,NA,NA,NA,NA,NA,NA,NA,0,0,0,NA,,,,1,NA,,,,,,,NA,NA,NA,NA,NA,NA,NA,NA,NA,NA,NA,NA,NA,NA,0,
1082,12/22/2011 07:15:00 PM,"Highland Ave and College Ave, Somerville, MA",-71.1222906,42.3964787,,,,,,,NA,NA,NA,NA,,,,NA,NA,NA,NA,NA,NA,NA,NA,NA,NA,NA,NA,NA,NA,NA,0,0,1,NA,,Motorcycle,,0,NA,,,,,,,NA,NA,NA,NA,NA,NA,NA,NA,NA,NA,NA,NA,NA,NA,0,
1083,12/22/2011 03:19:00 PM,"146 Perkins St, Somerville, MA",-71.0831907,42.3854923,,,,,,,NA,NA,NA,NA,,,,NA,NA,NA,NA,NA,NA,NA,NA,NA,NA,NA,NA,NA,NA,NA,0,1,0,NA,,,,1,NA,,,,,,,NA,NA,NA,NA,NA,NA,NA,NA,NA,NA,NA,NA,NA,NA,0,
1084,12/23/2011 03:00:00 AM,"403 Holland Ave, Somerville, MA",-71.1269665,42.40288,,,,,,,NA,NA,NA,NA,,,,NA,NA,NA,NA,NA,NA,NA,NA,NA,NA,NA,NA,NA,NA,NA,0,0,1,NA,,Fire Hydrant/Light Pole,,0,NA,,,,,,,NA,NA,NA,NA,NA,NA,NA,NA,NA,NA,NA,NA,NA,NA,0,
1085,12/23/2011 11:05:00 AM,"28 Bartlett St, Somerville, MA",-71.102859,42.3929744,,,,,,,NA,NA,NA,NA,,,,NA,NA,NA,NA,NA,NA,NA,NA,NA,NA,NA,NA,NA,NA,NA,0,0,0,NA,,,,0,NA,,,,,,,NA,NA,NA,NA,NA,NA,NA,NA,NA,NA,NA,NA,NA,NA,0,
1086,12/24/2011 03:51:00 PM,"1000 Washington St, Somerville, MA",-71.0643024,42.3458529,,,,,,,NA,NA,NA,NA,,,,NA,NA,NA,NA,NA,NA,NA,NA,NA,NA,NA,NA,NA,NA,NA,0,0,0,NA,,,,0,NA,,,,,,,NA,NA,NA,NA,NA,NA,NA,NA,NA,NA,NA,NA,NA,NA,0,
1087,12/25/2011 10:52:00 PM,"608 Somerville Ave, Somerville, MA",-71.1095749,42.3837807,,,,,,,NA,NA,NA,NA,,,,NA,NA,NA,NA,NA,NA,NA,NA,NA,NA,NA,NA,NA,NA,NA,0,0,0,NA,,,,0,NA,,,,,,,NA,NA,NA,NA,NA,NA,NA,NA,NA,NA,NA,NA,NA,NA,0,
1088,12/26/2011 12:04:00 PM,"Broadway and Adams St, Somerville, MA",-71.0995474,42.3956576,,,,,,,NA,NA,NA,NA,,,,NA,NA,NA,NA,NA,NA,NA,NA,NA,NA,NA,NA,NA,NA,NA,0,0,0,NA,,,,0,NA,,,,,,,NA,NA,NA,NA,NA,NA,NA,NA,NA,NA,NA,NA,NA,NA,0,
1089,12/26/2011 04:14:00 PM,"212 Elm St , Somerville, MA",-71.1214347,42.3942843,,,,,,,NA,NA,NA,NA,,,,NA,NA,NA,NA,NA,NA,NA,NA,NA,NA,NA,NA,NA,NA,NA,0,0,0,NA,,,,0,NA,,,,,,,NA,NA,NA,NA,NA,NA,NA,NA,NA,NA,NA,NA,NA,NA,0,
1090,12/26/2011 08:33:00 PM,"30 Winter St, Somerville, MA",-71.1228343,42.3974125,,,,,,,NA,NA,NA,NA,,,,NA,NA,NA,NA,NA,NA,NA,NA,NA,NA,NA,NA,NA,NA,NA,0,0,0,NA,,,,0,NA,,,,,,,NA,NA,NA,NA,NA,NA,NA,NA,NA,NA,NA,NA,NA,NA,0,
1091,12/27/2011 12:15:00 AM,"Broadway and Winchester St, Somerville, MA",-71.1093871,42.3989607,,,,,,,NA,NA,NA,NA,,,,NA,NA,NA,NA,NA,NA,NA,NA,NA,NA,NA,NA,NA,NA,NA,0,0,0,NA,,,,0,NA,,,,,,,NA,NA,NA,NA,NA,NA,NA,NA,NA,NA,NA,NA,NA,NA,0,
1092,12/27/2011 02:30:00 PM,"Dover St and Orchard St, Somerville, MA",-71.1254579,42.395453,,,,,,,NA,NA,NA,NA,,,,NA,NA,NA,NA,NA,NA,NA,NA,NA,NA,NA,NA,NA,NA,NA,0,0,0,NA,,,,0,NA,,,,,,,NA,NA,NA,NA,NA,NA,NA,NA,NA,NA,NA,NA,NA,NA,0,
1093,12/29/2011 01:29:00 PM,"701 Somerville Ave, Somerville, MA",-71.1137766,42.3857876,,,,,,,NA,NA,NA,NA,,,,NA,NA,NA,NA,NA,NA,NA,NA,NA,NA,NA,NA,NA,NA,NA,0,0,0,NA,,,,1,NA,,,,,,,NA,NA,NA,NA,NA,NA,NA,NA,NA,NA,NA,NA,NA,NA,0,Operator ran over own leg
1094,12/31/2011 10:50:00 PM,"Temple St and Derby St, Somerville, MA",-71.0915388,42.3950558,,,,,,,NA,NA,NA,NA,,,,NA,NA,NA,NA,NA,NA,NA,NA,NA,NA,NA,NA,NA,NA,NA,0,0,0,NA,,,,0,NA,,,,,,,NA,NA,NA,NA,NA,NA,NA,NA,NA,NA,NA,NA,NA,NA,0,
1095,01/02/2012 01:10:00 AM," BROADWAY and MEDFORD STREET, Somerville, MA",-71.1043116,42.3973445,,,,,,,NA,NA,NA,NA,,,,NA,NA,NA,NA,NA,NA,NA,NA,NA,NA,NA,NA,NA,NA,NA,0,0,0,NA,,,,1,NA,,,,,,,NA,NA,NA,NA,NA,NA,NA,NA,NA,NA,NA,NA,NA,NA,0,
1096,01/02/2012 04:37:00 PM," CONCORD AVENUE and BEACON STREET, Somerville, MA",-71.1025083,42.375107,,,,,,,NA,NA,NA,NA,,,,NA,NA,NA,NA,NA,NA,NA,NA,NA,NA,NA,NA,NA,NA,NA,1,0,0,NA,,,,1,NA,,,,,,,NA,NA,NA,NA,NA,NA,NA,NA,NA,NA,NA,NA,NA,NA,0,
1097,01/04/2012 12:18:00 PM," ELM STREET and DOVER STREET, Somerville, MA",-71.1225638,42.3965069,,,,,,,NA,NA,NA,NA,,,,NA,NA,NA,NA,NA,NA,NA,NA,NA,NA,NA,NA,NA,NA,NA,0,0,0,NA,,,,1,NA,,,,,,,NA,NA,NA,NA,NA,NA,NA,NA,NA,NA,NA,NA,NA,NA,0,
1098,01/05/2012 05:21:00 PM," HIGHLAND AVENUE and PORTER STREET, Somerville, MA",-71.110203,42.3912201,,,,,,,NA,NA,NA,NA,,,,NA,NA,NA,NA,NA,NA,NA,NA,NA,NA,NA,NA,NA,NA,NA,0,0,0,NA,,,,0,NA,,,,,,,NA,NA,NA,NA,NA,NA,NA,NA,NA,NA,NA,NA,NA,NA,0,
1099,01/05/2012 07:49:00 PM," HOLLAND STREET and BROADWAY, Somerville, MA",-71.1271468,42.4032411,,,,,,,NA,NA,NA,NA,,,,NA,NA,NA,NA,NA,NA,NA,NA,NA,NA,NA,NA,NA,NA,NA,0,0,0,NA,,,,0,NA,,,,,,,NA,NA,NA,NA,NA,NA,NA,NA,NA,NA,NA,NA,NA,NA,0,
1100,01/06/2012 02:18:00 AM,"225 ELM STREET, Somerville, MA",-71.1211381,42.3946432,,,,,,,NA,NA,NA,NA,,,,NA,NA,NA,NA,NA,NA,NA,NA,NA,NA,NA,NA,NA,NA,NA,0,0,0,NA,,,,0,NA,,,,,,,NA,NA,NA,NA,NA,NA,NA,NA,NA,NA,NA,NA,NA,NA,0,
1101,01/06/2012 11:01:00 AM,"252 MEDFORD STREET, Somerville, MA",-71.0921562,42.3837122,,,,,,,NA,NA,NA,NA,,,,NA,NA,NA,NA,NA,NA,NA,NA,NA,NA,NA,NA,NA,NA,NA,0,0,0,NA,,,,0,NA,,,,,,,NA,NA,NA,NA,NA,NA,NA,NA,NA,NA,NA,NA,NA,NA,0,
1102,01/06/2012 01:32:00 PM," MEDFORD STREET and SCHOOL STREET, Somerville, MA",-71.0971615,42.3891241,,,,,,,NA,NA,NA,NA,,,,NA,NA,NA,NA,NA,NA,NA,NA,NA,NA,NA,NA,NA,NA,NA,0,0,0,NA,,,,0,NA,,,,,,,NA,NA,NA,NA,NA,NA,NA,NA,NA,NA,NA,NA,NA,NA,0,
1103,01/06/2012 02:08:00 PM," MEACHAM ROAD and BUENA VISTA ROAD, Somerville, MA",-71.1244863,42.396946,,,,,,,NA,NA,NA,NA,,,,NA,NA,NA,NA,NA,NA,NA,NA,NA,NA,NA,NA,NA,NA,NA,0,0,0,NA,,,,0,NA,,,,,,,NA,NA,NA,NA,NA,NA,NA,NA,NA,NA,NA,NA,NA,NA,0,
1104,01/06/2012 06:01:00 PM," SOMERVILLE AVENUE and SCHOOL STREET, Somerville, MA",-71.1020177,42.381996,,,,,,,NA,NA,NA,NA,,,,NA,NA,NA,NA,NA,NA,NA,NA,NA,NA,NA,NA,NA,NA,NA,0,0,0,NA,,,,0,NA,,,,,,,NA,NA,NA,NA,NA,NA,NA,NA,NA,NA,NA,NA,NA,NA,0,
1105,01/06/2012 10:21:00 PM," BEACON STREET and WALDO AVENUE, Somerville, MA",-71.1043623,42.3766268,,,,,,,NA,NA,NA,NA,,,,NA,NA,NA,NA,NA,NA,NA,NA,NA,NA,NA,NA,NA,NA,NA,0,0,0,NA,,,,1,NA,,,,,,,NA,NA,NA,NA,NA,NA,NA,NA,NA,NA,NA,NA,NA,NA,0,
1106,01/07/2012 09:57:00 AM," BEACON STREET and CALVIN STREET, Somerville, MA",-71.1049621,42.3771273,,,,,,,NA,NA,NA,NA,,,,NA,NA,NA,NA,NA,NA,NA,NA,NA,NA,NA,NA,NA,NA,NA,0,0,0,NA,,,,0,NA,,,,,,,NA,NA,NA,NA,NA,NA,NA,NA,NA,NA,NA,NA,NA,NA,0,
1107,01/10/2012 07:31:00 AM,"532 MEDFORD STREET, Somerville, MA",-71.1042906,42.3969439,,,,,,,NA,NA,NA,NA,,,,NA,NA,NA,NA,NA,NA,NA,NA,NA,NA,NA,NA,NA,NA,NA,0,0,0,NA,,,,0,NA,,,,,,,NA,NA,NA,NA,NA,NA,NA,NA,NA,NA,NA,NA,NA,NA,0,
1108,01/10/2012 06:27:00 PM,"290 SOMERVILLE AVENUE, Somerville, MA",-71.0946933,42.3790031,,,,,,,NA,NA,NA,NA,,,,NA,NA,NA,NA,NA,NA,NA,NA,NA,NA,NA,NA,NA,NA,NA,0,0,0,NA,,,,1,NA,,,,,,,NA,NA,NA,NA,NA,NA,NA,NA,NA,NA,NA,NA,NA,NA,0,
1109,01/11/2012 02:47:00 PM," WEBSTER AVENUE and NEWTON STREET, Somerville, MA",-71.095842,42.3778737,,,,,,,NA,NA,NA,NA,,,,NA,NA,NA,NA,NA,NA,NA,NA,NA,NA,NA,NA,NA,NA,NA,0,0,0,NA,,,,1,NA,,,,,,,NA,NA,NA,NA,NA,NA,NA,NA,NA,NA,NA,NA,NA,NA,0,
1110,01/11/2012 11:02:00 PM," BEACON STREET and COONEY STREET, Somerville, MA",-71.1038984,42.3762451,,,,,,,NA,NA,NA,NA,,,,NA,NA,NA,NA,NA,NA,NA,NA,NA,NA,NA,NA,NA,NA,NA,0,1,0,NA,,,,1,NA,,,,,,,NA,NA,NA,NA,NA,NA,NA,NA,NA,NA,NA,NA,NA,NA,0,
1111,01/12/2012 11:38:00 PM," PEARL STREET and JASPER STREET, Somerville, MA",-71.0921846,42.3870577,,,,,,,NA,NA,NA,NA,,,,NA,NA,NA,NA,NA,NA,NA,NA,NA,NA,NA,NA,NA,NA,NA,0,0,0,NA,,,,0,NA,,,,,,,NA,NA,NA,NA,NA,NA,NA,NA,NA,NA,NA,NA,NA,NA,0,
1112,01/16/2012 12:04:00 PM,"14 McGrath Hwy, Somerville, MA",-71.0850044,42.3743491,,,,,,,NA,NA,NA,NA,,,,NA,NA,NA,NA,NA,NA,NA,NA,NA,NA,NA,NA,NA,NA,NA,0,1,0,NA,,,,1,NA,,,,,,,NA,NA,NA,NA,NA,NA,NA,NA,NA,NA,NA,NA,NA,NA,0,
1113,01/17/2012 10:02:00 AM," PURITAN ROAD and TEMPLE STREET, Somerville, MA",-71.087256,42.3969082,,,,,,,NA,NA,NA,NA,,,,NA,NA,NA,NA,NA,NA,NA,NA,NA,NA,NA,NA,NA,NA,NA,0,0,0,NA,,,,1,NA,,,,,,,NA,NA,NA,NA,NA,NA,NA,NA,NA,NA,NA,NA,NA,NA,0,
1114,01/17/2012 12:45:00 PM,"144 LOWELL STREET, Somerville, MA",-71.1088984,42.3892365,,,,,,,NA,NA,NA,NA,,,,NA,NA,NA,NA,NA,NA,NA,NA,NA,NA,NA,NA,NA,NA,NA,0,0,0,NA,,,,0,NA,,,,,,,NA,NA,NA,NA,NA,NA,NA,NA,NA,NA,NA,NA,NA,NA,0,
1115,01/17/2012 05:52:00 PM," SOMERVILLE AVENUE and IBBETSON STREET, Somerville, MA",-71.112375,42.3848367,,,,,,,NA,NA,NA,NA,,,,NA,NA,NA,NA,NA,NA,NA,NA,NA,NA,NA,NA,NA,NA,NA,0,1,0,NA,,,,1,NA,,,,,,,NA,NA,NA,NA,NA,NA,NA,NA,NA,NA,NA,NA,NA,NA,0,
1116,01/18/2012 12:39:00 PM," MORELAND STREET and MEACHAM STREET, Somerville, MA",-71.0970745,42.397911,,,,,,,NA,NA,NA,NA,,,,NA,NA,NA,NA,NA,NA,NA,NA,NA,NA,NA,NA,NA,NA,NA,0,0,0,NA,,,,0,NA,,,,,,,NA,NA,NA,NA,NA,NA,NA,NA,NA,NA,NA,NA,NA,NA,0,
1117,01/18/2012 07:35:00 PM," HIGHLAND AVENUE and GROVE STREET, Somerville, MA",-71.1204966,42.3957061,,,,,,,NA,NA,NA,NA,,,,NA,NA,NA,NA,NA,NA,NA,NA,NA,NA,NA,NA,NA,NA,NA,0,1,0,NA,,,,1,NA,,,,,,,NA,NA,NA,NA,NA,NA,NA,NA,NA,NA,NA,NA,NA,NA,0,
1118,01/19/2012 08:21:00 AM," WARREN AVENUE and COLUMBUS AVENUE, Somerville, MA",-71.0948775,42.381729,,,,,,,NA,NA,NA,NA,,,,NA,NA,NA,NA,NA,NA,NA,NA,NA,NA,NA,NA,NA,NA,NA,0,0,0,NA,,,,0,NA,,,,,,,NA,NA,NA,NA,NA,NA,NA,NA,NA,NA,NA,NA,NA,NA,0,
1119,01/19/2012 04:13:00 PM," TEMPLE STREET and DERBY STREET, Somerville, MA",-71.0915388,42.3950558,,,,,,,NA,NA,NA,NA,,,,NA,NA,NA,NA,NA,NA,NA,NA,NA,NA,NA,NA,NA,NA,NA,0,0,0,NA,,,,0,NA,,,,,,,NA,NA,NA,NA,NA,NA,NA,NA,NA,NA,NA,NA,NA,NA,0,
1120,01/19/2012 09:58:00 PM," TEMPLE STREET and JAQUES STREET, Somerville, MA",-71.092016,42.394362,,,,,,,NA,NA,NA,NA,,,,NA,NA,NA,NA,NA,NA,NA,NA,NA,NA,NA,NA,NA,NA,NA,0,0,0,NA,,,,0,NA,,,,,,,NA,NA,NA,NA,NA,NA,NA,NA,NA,NA,NA,NA,NA,NA,0,
1121,01/19/2012 08:06:00 AM," BROADWAY and BARTLETT STREET, Somerville, MA",-71.1003238,42.3959878,,,,,,,NA,NA,NA,NA,,,,NA,NA,NA,NA,NA,NA,NA,NA,NA,NA,NA,NA,NA,NA,NA,0,1,0,NA,,,,1,NA,,,,,,,NA,NA,NA,NA,NA,NA,NA,NA,NA,NA,NA,NA,NA,NA,0,
1122,01/20/2012 01:37:00 AM,"221 BEACON STREET, Somerville, MA",-71.109875,42.3814629,,,,,,,NA,NA,NA,NA,,,,NA,NA,NA,NA,NA,NA,NA,NA,NA,NA,NA,NA,NA,NA,NA,0,0,0,NA,,,,0,NA,,,,,,,NA,NA,NA,NA,NA,NA,NA,NA,NA,NA,NA,NA,NA,NA,0,
1123,01/22/2012 09:35:00 AM," MEDFORD STREET and CENTRAL STREET, Somerville, MA",-71.1005865,42.392482,,,,,,,NA,NA,NA,NA,,,,NA,NA,NA,NA,NA,NA,NA,NA,NA,NA,NA,NA,NA,NA,NA,0,0,0,NA,,,,0,NA,,,,,,,NA,NA,NA,NA,NA,NA,NA,NA,NA,NA,NA,NA,NA,NA,0,
1124,01/22/2012 11:40:00 AM," HIGHLAND AVENUE and GROVE STREET, Somerville, MA",-71.1204966,42.3957061,,,,,,,NA,NA,NA,NA,,,,NA,NA,NA,NA,NA,NA,NA,NA,NA,NA,NA,NA,NA,NA,NA,0,0,0,NA,,,,0,NA,,,,,,,NA,NA,NA,NA,NA,NA,NA,NA,NA,NA,NA,NA,NA,NA,0,
1125,01/22/2012 05:40:00 PM," POWDER HOUSE BOULEVARD and PACKARD AVENUE, Somerville, MA",-71.1234739,42.4044589,,,,,,,NA,NA,NA,NA,,,,NA,NA,NA,NA,NA,NA,NA,NA,NA,NA,NA,NA,NA,NA,NA,0,1,0,NA,,,,0,NA,,,,,,,NA,NA,NA,NA,NA,NA,NA,NA,NA,NA,NA,NA,NA,NA,0,
1126,01/23/2012 06:52:00 PM,"285 WASHINGTON STREET, Somerville, MA",-71.098456,42.3796519,,,,,,,NA,NA,NA,NA,,,,NA,NA,NA,NA,NA,NA,NA,NA,NA,NA,NA,NA,NA,NA,NA,0,0,0,NA,,,,1,NA,,,,,,,NA,NA,NA,NA,NA,NA,NA,NA,NA,NA,NA,NA,NA,NA,0,
1127,01/24/2012 07:58:00 AM," PRESCOTT STREET and HIGHLAND AVENUE, Somerville, MA",-71.0978014,42.3865229,,,,,,,NA,NA,NA,NA,,,,NA,NA,NA,NA,NA,NA,NA,NA,NA,NA,NA,NA,NA,NA,NA,0,0,0,NA,,,,0,NA,,,,,,,NA,NA,NA,NA,NA,NA,NA,NA,NA,NA,NA,NA,NA,NA,0,
1128,01/24/2012 10:45:00 AM," HIGHLAND AVENUE and BENTON ROAD, Somerville, MA",-71.1052291,42.3890287,,,,,,,NA,NA,NA,NA,,,,NA,NA,NA,NA,NA,NA,NA,NA,NA,NA,NA,NA,NA,NA,NA,0,0,0,NA,,,,0,NA,,,,,,,NA,NA,NA,NA,NA,NA,NA,NA,NA,NA,NA,NA,NA,NA,0,
1129,01/25/2012 02:54:00 PM,"21 PENNSYLVANIA AVENUE, Somerville, MA",-71.08108,42.387761,,,,,,,NA,NA,NA,NA,,,,NA,NA,NA,NA,NA,NA,NA,NA,NA,NA,NA,NA,NA,NA,NA,0,0,0,NA,,,,0,NA,,,,,,,NA,NA,NA,NA,NA,NA,NA,NA,NA,NA,NA,NA,NA,NA,0,
1130,01/25/2012 04:23:00 PM," MEDFORD STREET and BROADWAY, Somerville, MA",-71.1043116,42.3973445,,,,,,,NA,NA,NA,NA,,,,NA,NA,NA,NA,NA,NA,NA,NA,NA,NA,NA,NA,NA,NA,NA,0,0,0,NA,,,,0,NA,,,,,,,NA,NA,NA,NA,NA,NA,NA,NA,NA,NA,NA,NA,NA,NA,0,
1131,01/25/2012 04:42:00 PM,"1 BOW STREET, Somerville, MA",-71.0965917,42.3807878,,,,,,,NA,NA,NA,NA,,,,NA,NA,NA,NA,NA,NA,NA,NA,NA,NA,NA,NA,NA,NA,NA,0,1,0,NA,,,,1,NA,,,,,,,NA,NA,NA,NA,NA,NA,NA,NA,NA,NA,NA,NA,NA,NA,0,
1132,01/27/2012 06:37:00 AM,"757 SOMERVILLE AVENUE, Somerville, MA",-71.115834,42.3869703,,,,,,,NA,NA,NA,NA,,,,NA,NA,NA,NA,NA,NA,NA,NA,NA,NA,NA,NA,NA,NA,NA,0,0,0,NA,,,,1,NA,,,,,,,NA,NA,NA,NA,NA,NA,NA,NA,NA,NA,NA,NA,NA,NA,0,
1133,01/27/2012 06:31:00 PM," HIGHLAND AVENUE and THORPE STREET, Somerville, MA",-71.09349,42.3848753,,,,,,,NA,NA,NA,NA,,,,NA,NA,NA,NA,NA,NA,NA,NA,NA,NA,NA,NA,NA,NA,NA,0,1,0,NA,,,,1,2,,,,,,,NA,NA,NA,NA,NA,NA,NA,NA,NA,NA,NA,NA,NA,NA,0,
1134,01/28/2012 01:15:00 AM,"48 NEWBURY STREET, Somerville, MA",-71.0733135,42.3520666,,,,,,,NA,NA,NA,NA,,,,NA,NA,NA,NA,NA,NA,NA,NA,NA,NA,NA,NA,NA,NA,NA,0,0,0,NA,,,,0,NA,,,,,,,NA,NA,NA,NA,NA,NA,NA,NA,NA,NA,NA,NA,NA,NA,0,
1135,01/28/2012 02:14:00 PM," MARSHALL STREET and STICKNEY AVENUE, Somerville, MA",-71.0953744,42.3887351,,,,,,,NA,NA,NA,NA,,,,NA,NA,NA,NA,NA,NA,NA,NA,NA,NA,NA,NA,NA,NA,NA,0,0,0,NA,,,,1,NA,,,,,,,NA,NA,NA,NA,NA,NA,NA,NA,NA,NA,NA,NA,NA,NA,0,
1136,01/29/2012 01:18:00 AM," BROADWAY and MAIN STREET, Somerville, MA",-71.0975984,42.3947314,,,,,,,NA,NA,NA,NA,,,,NA,NA,NA,NA,NA,NA,NA,NA,NA,NA,NA,NA,NA,NA,NA,0,0,0,NA,,,,0,NA,,,,,,,NA,NA,NA,NA,NA,NA,NA,NA,NA,NA,NA,NA,NA,NA,0,
1137,01/31/2012 07:05:00 AM," HIGHLAND RD and MORRISON AVENUE, Somerville, MA",-71.1134821,42.3951253,,,,,,,NA,NA,NA,NA,,,,NA,NA,NA,NA,NA,NA,NA,NA,NA,NA,NA,NA,NA,NA,NA,0,0,0,NA,,,,0,NA,,,,,,,NA,NA,NA,NA,NA,NA,NA,NA,NA,NA,NA,NA,NA,NA,0,
1138,01/31/2012 10:34:00 AM," BEECH STREET and ELM STREET, Somerville, MA",-71.1190479,42.3915262,,,,,,,NA,NA,NA,NA,,,,NA,NA,NA,NA,NA,NA,NA,NA,NA,NA,NA,NA,NA,NA,NA,0,0,0,NA,,,,1,NA,,,,,,,NA,NA,NA,NA,NA,NA,NA,NA,NA,NA,NA,NA,NA,NA,0,
1139,01/31/2012 10:17:00 PM," MOUNT VERNON STREET and BROADWAY, Somerville, MA",-71.0788702,42.3862206,,,,,,,NA,NA,NA,NA,,,,NA,NA,NA,NA,NA,NA,NA,NA,NA,NA,NA,NA,NA,NA,NA,0,0,0,NA,,,,1,NA,,,,,,,NA,NA,NA,NA,NA,NA,NA,NA,NA,NA,NA,NA,NA,NA,0,
1140,02/01/2012 07:41:00 AM," BROADWAY and BOSTON AVENUE, Somerville, MA",-71.111491,42.399676,,,,,,,NA,NA,NA,NA,,,,NA,NA,NA,NA,NA,NA,NA,NA,NA,NA,NA,NA,NA,NA,NA,0,0,0,NA,,,,0,NA,,,,,,,NA,NA,NA,NA,NA,NA,NA,NA,NA,NA,NA,NA,NA,NA,0,
1141,02/01/2012 09:30:00 AM,"260 ELM STREET, Somerville, MA",-71.1224206,42.3954744,,,,,,,NA,NA,NA,NA,,,,NA,NA,NA,NA,NA,NA,NA,NA,NA,NA,NA,NA,NA,NA,NA,0,0,0,NA,,,,0,NA,,,,,,,NA,NA,NA,NA,NA,NA,NA,NA,NA,NA,NA,NA,NA,NA,0,
1142,02/03/2012 12:00:00 PM," CENTRAL STREET and VERNON STREET, Somerville, MA",-71.1015146,42.3911489,,,,,,,NA,NA,NA,NA,,,,NA,NA,NA,NA,NA,NA,NA,NA,NA,NA,NA,NA,NA,NA,NA,0,0,0,NA,,,,0,NA,,,,,,,NA,NA,NA,NA,NA,NA,NA,NA,NA,NA,NA,NA,NA,NA,0,
1143,02/05/2012 07:00:00 AM,"298 HIGHLAND AVENUE Rte 16 N and CHERRY STREET and HIGHLAND AVENUE, Somerville, MA",-71.1079523,42.3902029,,,,,,,NA,NA,NA,NA,,,,NA,NA,NA,NA,NA,NA,NA,NA,NA,NA,NA,NA,NA,NA,NA,0,0,0,NA,,,,1,NA,,,,,,,NA,NA,NA,NA,NA,NA,NA,NA,NA,NA,NA,NA,NA,NA,0,
1144,02/05/2012 11:17:00 AM," TEMPLE ROAD and PURITAN ROAD, Somerville, MA",-71.087256,42.3969082,,,,,,,NA,NA,NA,NA,,,,NA,NA,NA,NA,NA,NA,NA,NA,NA,NA,NA,NA,NA,NA,NA,0,0,0,NA,,,,0,NA,,,,,,,NA,NA,NA,NA,NA,NA,NA,NA,NA,NA,NA,NA,NA,NA,0,
1145,02/06/2012 10:57:00 AM,"86 JOY STREET, Somerville, MA",-71.0866277,42.3787758,,,,,,,NA,NA,NA,NA,,,,NA,NA,NA,NA,NA,NA,NA,NA,NA,NA,NA,NA,NA,NA,NA,1,0,0,NA,,,,1,NA,,,,,,,NA,NA,NA,NA,NA,NA,NA,NA,NA,NA,NA,NA,NA,NA,0,