id,date_time,address,lon,lat,Weather,road_surface,traffic_control_device,intersection_type,traffic_way_desc,collision_manner,num_involved_vehicles,vehicle1_configuration,driver1_contrib1,driver1_contrib2,vehicle2_configuration,driver2_contrib1,driver2_contrib2,vehicle3_configuration,driver3_contrib1,driver3_contrib2,vehicle4_configuration,driver4_contrib1,driver4_contrib2,vehicle5_configuration,driver5_contrib1,driver5_contrib2,vehicle6_configuration,driver6_contrib1,driver6_contrib2,vehicle7_configuration,driver7_contrib1,driver7_contrib2,Bicycle,Pedestrian,non_mv,non_motorist_location,non_motorist_action,non_motorist_type,manner_of_non_motorist_collision,Injury,Multiple,Gender1,Age1,Severity1,Hospital1,Gender2,Age2,Severity2,Hospital2,Gender3,Age3,Severity3,Hospital3,Gender4,Age4,Severity4,Hospital4,Gender5,Age5,Severity5,Hospital5,city_vehicle,Notes
1647,01/09/2013 11:10:00 AM,"CENTRAL STREET and FORSTER STREET, Somerville, MA",-71.0998751,42.3934793,2,1,1,3,1,4,2,2,NA,NA,6,,,NA,NA,NA,NA,NA,NA,NA,NA,NA,NA,NA,NA,NA,NA,NA,0,0,0,NA,,,,0,NA,,,,,,,NA,NA,NA,NA,NA,NA,NA,NA,NA,NA,NA,NA,NA,NA,0,
1648,01/09/2013 12:03:00 PM,"SUMMER STREET and PORTER STREET, Somerville, MA",-71.1116791,42.3891306,2,1,2,2,1,3,2,2,3,NA,2,1,,NA,NA,NA,NA,NA,NA,NA,NA,NA,NA,NA,NA,NA,NA,NA,0,0,0,NA,,,,0,NA,,,,,,,NA,NA,NA,NA,NA,NA,NA,NA,NA,NA,NA,NA,NA,NA,0,
1649,01/11/2013 08:09:00 AM,"114 JOSEPHINE AVENUE, Somerville, MA",-71.112823,42.399069,1,1,1,1,4,3,2,1,1,NA,1,4,,NA,NA,NA,NA,NA,NA,NA,NA,NA,NA,NA,NA,NA,NA,NA,0,0,0,NA,,,,0,NA,,,,,,,NA,NA,NA,NA,NA,NA,NA,NA,NA,NA,NA,NA,NA,NA,0,
1650,01/11/2013 12:33:00 PM,"WASHINGTON STREET and WASHINGTON TERRACE, Somerville, MA",-71.0921846,42.3794753,2,1,1,3,1,2,2,2,1,NA,1,1,,NA,NA,NA,NA,NA,NA,NA,NA,NA,NA,NA,NA,NA,NA,NA,0,0,0,NA,,,,1,NA,1,40,4,1,,,NA,NA,NA,NA,NA,NA,NA,NA,NA,NA,NA,NA,NA,NA,0,
1651,01/11/2013 03:09:00 PM,"115 SYCAMORE STREET, Somerville, MA",-71.0988003,42.3916682,1,1,1,1,4,4,2,2,3,NA,1,,,NA,NA,NA,NA,NA,NA,NA,NA,NA,NA,NA,NA,NA,NA,NA,0,0,0,NA,,,,0,NA,,,,,,,NA,NA,NA,NA,NA,NA,NA,NA,NA,NA,NA,NA,NA,NA,0,
1652,01/11/2013 03:13:00 PM,"151 BEACON STREET, Somerville, MA",-71.1071103,42.3791122,1,1,1,1,2,3,2,2,NA,NA,1,,,NA,NA,NA,NA,NA,NA,NA,NA,NA,NA,NA,NA,NA,NA,NA,0,0,0,NA,,,,0,NA,,,,,,,NA,NA,NA,NA,NA,NA,NA,NA,NA,NA,NA,NA,NA,NA,1,
1653,01/11/2013 08:28:00 PM,"VERNON STREET and MINER STREET, Somerville, MA",-71.1026786,42.3916743,1,,,,,,2,1,1,NA,1,,,NA,NA,NA,NA,NA,NA,NA,NA,NA,NA,NA,NA,NA,NA,NA,0,0,0,NA,,,,1,NA,0,27,3,1,,,NA,NA,NA,NA,NA,NA,NA,NA,NA,NA,NA,NA,NA,NA,0,
1654,01/11/2013 10:16:00 PM,"BROADWAY and MEDFORD STREET, Somerville, MA",-71.1043116,42.3973445,3,2,3,8,2,1,1,1,1,NA,,,,NA,NA,NA,NA,NA,NA,NA,NA,NA,NA,NA,NA,NA,NA,NA,0,1,0,1,1,,1,1,NA,0,16,4,1,,,NA,NA,NA,NA,NA,NA,NA,NA,NA,NA,NA,NA,NA,NA,0,
1655,01/12/2013 12:50:00 PM,"SUMMER STREET and CENTRAL STREET, Somerville, MA",-71.1050912,42.3860322,1,2,3,2,1,3,2,1,1,NA,1,,,NA,NA,NA,NA,NA,NA,NA,NA,NA,NA,NA,NA,NA,NA,NA,0,0,0,NA,,,,0,NA,,,,,,,NA,NA,NA,NA,NA,NA,NA,NA,NA,NA,NA,NA,NA,NA,0,
1656,01/13/2013 02:50:00 AM,"BROADWAY and BARTON STREET, Somerville, MA",-71.130714,42.4055204,3,2,1,3,1,6,3,1,2,NA,1,,,1,NA,NA,NA,NA,NA,NA,NA,NA,NA,NA,NA,NA,NA,NA,0,0,0,NA,,,,0,NA,,,,,,,NA,NA,NA,NA,NA,NA,NA,NA,NA,NA,NA,NA,NA,NA,0,
1657,01/13/2013 12:47:00 PM,"446 BROADWAY, Somerville, MA",-71.1015634,42.3964396,2,1,1,1,1,2,3,90,1,NA,1,99,,NA,99,NA,NA,NA,NA,NA,NA,NA,NA,NA,NA,NA,NA,NA,0,0,0,NA,,,,0,NA,,,,,,,NA,NA,NA,NA,NA,NA,NA,NA,NA,NA,NA,NA,NA,NA,0,
1658,01/13/2013 06:51:00 PM,"SUMMER STREET and CENTRAL STREET, Somerville, MA",-71.1050912,42.3860322,2,2,3,2,1,2,2,2,1,NA,,5,,NA,NA,NA,NA,NA,NA,NA,NA,NA,NA,NA,NA,NA,NA,NA,0,0,0,NA,,,,1,NA,0,39,3,1,,,NA,NA,NA,NA,NA,NA,NA,NA,NA,NA,NA,NA,NA,NA,0,
1659,01/13/2013 10:10:00 PM,"WASHINGTON STREET and FRANKLIN AVENUE, Somerville, MA",-71.08496,42.381522,2,1,1,3,1,3,2,2,4,NA,1,1,,NA,NA,NA,NA,NA,NA,NA,NA,NA,NA,NA,NA,NA,NA,NA,0,0,0,NA,,,,0,NA,,,,,,,NA,NA,NA,NA,NA,NA,NA,NA,NA,NA,NA,NA,NA,NA,0,
1660,01/14/2013 06:21:00 PM,"184 SUMMER STREET, Somerville, MA",-71.1082869,42.3870092,1,1,1,1,1,1,1,1,12,7,,,,NA,NA,NA,NA,NA,NA,NA,NA,NA,NA,NA,NA,NA,NA,NA,0,0,1,NA,,Fire alarm pull box; fence,,0,NA,,,,,,,NA,NA,NA,NA,NA,NA,NA,NA,NA,NA,NA,NA,NA,NA,0,
1661,01/16/2013 06:54:00 AM,"1 LAUREL TERRACE, Somerville, MA",-71.1045029,42.3842119,4,3,1,3,4,1,1,2,11,NA,,,,NA,NA,NA,NA,NA,NA,NA,NA,NA,NA,NA,NA,NA,NA,NA,0,0,1,NA,,Residence,,0,NA,,,,,,,NA,NA,NA,NA,NA,NA,NA,NA,NA,NA,NA,NA,NA,NA,0,
1662,01/16/2013 06:54:00 AM,"28 LAUREL STREET, Somerville, MA",-71.1048558,42.3841326,4,3,1,1,4,3,3,1,11,NA,1,1,,1,1,NA,NA,NA,NA,NA,NA,NA,NA,NA,NA,NA,NA,NA,0,0,0,NA,,,,0,NA,,,,,,,NA,NA,NA,NA,NA,NA,NA,NA,NA,NA,NA,NA,NA,NA,0,
1663,01/16/2013 07:22:00 AM,"102 CURTIS STREET, Somerville, MA",-71.1252018,42.4067919,4,3,1,1,1,6,1,2,99,NA,,,,NA,NA,NA,NA,NA,NA,NA,NA,NA,NA,NA,NA,NA,NA,NA,0,0,1,NA,,Fence,,0,NA,,,,,,,NA,NA,NA,NA,NA,NA,NA,NA,NA,NA,NA,NA,NA,NA,0,
1664,01/16/2013 07:38:00 AM,"WARREN STREET and MEDFORD STREET, Somerville, MA",-71.0876474,42.3737985,4,3,2,3,4,2,2,2,1,NA,2,5,,NA,NA,NA,NA,NA,NA,NA,NA,NA,NA,NA,NA,NA,NA,NA,0,0,0,NA,,,,0,NA,,,,,,,NA,NA,NA,NA,NA,NA,NA,NA,NA,NA,NA,NA,NA,NA,0,
1665,01/17/2013 06:39:00 AM,"MEDFORD STREET and SCHOOL STREET, Somerville, MA",-71.0971615,42.3891241,2,2,3,2,1,2,1,2,4,NA,,,,NA,NA,NA,NA,NA,NA,NA,NA,NA,NA,NA,NA,NA,NA,NA,0,1,0,1,1,,2,1,NA,0,32,3,1,,,NA,NA,NA,NA,NA,NA,NA,NA,NA,NA,NA,NA,NA,NA,0,
1666,01/18/2013 05:11:00 AM,"Broadway and McGrath Hwy, Somerville, MA",-71.0880963,42.3897397,2,1,3,2,2,4,2,1,1,NA,1,10,,NA,NA,NA,NA,NA,NA,NA,NA,NA,NA,NA,NA,NA,NA,NA,0,0,0,NA,,,,0,NA,,,,,,,NA,NA,NA,NA,NA,NA,NA,NA,NA,NA,NA,NA,NA,NA,0,
1667,01/18/2013 08:34:00 AM,"BROADWAY and MOUNT VERNON STREET, Somerville, MA",-71.0788702,42.3862206,1,1,3,2,1,3,2,1,4,NA,1,1,,NA,NA,NA,NA,NA,NA,NA,NA,NA,NA,NA,NA,NA,NA,NA,0,0,0,NA,,,,0,NA,,,,,,,NA,NA,NA,NA,NA,NA,NA,NA,NA,NA,NA,NA,NA,NA,0,
1668,01/18/2013 12:10:00 PM,"PROSPECT STREET and WEBSTER AVENUE, Somerville, MA",-71.0955943,42.376968,1,1,3,2,4,1,2,1,1,NA,1,99,,NA,NA,NA,NA,NA,NA,NA,NA,NA,NA,NA,NA,NA,NA,NA,0,0,0,NA,,,,0,NA,,,,,,,NA,NA,NA,NA,NA,NA,NA,NA,NA,NA,NA,NA,NA,NA,0,
1669,01/18/2013 06:32:00 PM,"61 FAIRFAX STREET, Somerville, MA",-71.1301087,42.4121246,1,1,1,1,4,4,2,2,20,NA,2,1,,NA,NA,NA,NA,NA,NA,NA,NA,NA,NA,NA,NA,NA,NA,NA,0,0,0,NA,,,,0,NA,,,,,,,NA,NA,NA,NA,NA,NA,NA,NA,NA,NA,NA,NA,NA,NA,1,
1670,01/20/2013 04:55:00 AM,"70 UNION SQUARE, Somerville, MA",-71.0950372,42.3799343,1,1,1,1,2,2,2,1,2,7,,,,NA,NA,NA,NA,NA,NA,NA,NA,NA,NA,NA,NA,NA,NA,NA,0,0,0,NA,,,,1,NA,1,67,4,1,,,NA,NA,NA,NA,NA,NA,NA,NA,NA,NA,NA,NA,NA,NA,0,
1671,01/21/2013 01:42:00 PM," COLLEGE AVENUE and WINTER STREET, Somerville, MA",-71.1219632,42.3970411,2,1,1,3,2,5,2,1,99,NA,2,99,,NA,NA,NA,NA,NA,NA,NA,NA,NA,NA,NA,NA,NA,NA,NA,0,0,0,NA,,,,0,NA,,,,,,,NA,NA,NA,NA,NA,NA,NA,NA,NA,NA,NA,NA,NA,NA,0,
1672,01/21/2013 09:25:00 PM,"173 PEARL STREET, Somerville, MA",-71.0901515,42.3866132,,,,,,,1,2,7,NA,,,,NA,NA,NA,NA,NA,NA,NA,NA,NA,NA,NA,NA,NA,NA,NA,0,0,1,NA,,Sign post; tree,,1,NA,1,,4,1,,,NA,NA,NA,NA,NA,NA,NA,NA,NA,NA,NA,NA,NA,NA,0,
1673,01/22/2013 12:00:00 AM,"205 HIGHLAND AVENUE, Somerville, MA",-71.1071004,42.3898336,4,3,1,1,1,2,2,NA,NA,NA,,,,NA,NA,NA,NA,NA,NA,NA,NA,NA,NA,NA,NA,NA,NA,NA,0,0,0,NA,,,,0,NA,,,,,,,NA,NA,NA,NA,NA,NA,NA,NA,NA,NA,NA,NA,NA,NA,0,
1674,01/22/2013 07:11:00 AM," LOWDEN AVENUE and BROADWAY, Somerville, MA",-71.1135603,42.400367,1,1,2,3,1,3,3,2,4,NA,2,1,,1,NA,NA,NA,NA,NA,NA,NA,NA,NA,NA,NA,NA,NA,NA,0,0,0,NA,,,,1,NA,1,58,4,0,,,NA,NA,NA,NA,NA,NA,NA,NA,NA,NA,NA,NA,NA,NA,0,
1675,01/22/2013 07:34:00 PM," CENTRAL STREET and HIGHLAND AVENUE, Somerville, MA",-71.1034359,42.3884241,1,1,3,2,1,1,1,2,1,NA,,,,NA,NA,NA,NA,NA,NA,NA,NA,NA,NA,NA,NA,NA,NA,NA,0,1,0,2,1,,2,1,NA,1,50,3,1,,,NA,NA,NA,NA,NA,NA,NA,NA,NA,NA,NA,NA,NA,NA,0,
1676,01/24/2013 01:19:00 AM," FREMONT STREET and MAIN STREET, Somerville, MA",-71.0992678,42.3968319,1,1,1,3,2,99,1,2,1,NA,,,,NA,NA,NA,NA,NA,NA,NA,NA,NA,NA,NA,NA,NA,NA,NA,0,0,0,NA,,,,0,NA,,,,,,,NA,NA,NA,NA,NA,NA,NA,NA,NA,NA,NA,NA,NA,NA,0,
1677,01/26/2013 12:32:00 PM,"264 HIGHLAND AVENUE, Somerville, MA",-71.1109001,42.3913361,1,1,1,1,2,2,2,1,1,NA,1,1,,NA,NA,NA,NA,NA,NA,NA,NA,NA,NA,NA,NA,NA,NA,NA,0,0,0,NA,,,,0,NA,,,,,,,NA,NA,NA,NA,NA,NA,NA,NA,NA,NA,NA,NA,NA,NA,0,
1678,01/28/2013 05:35:00 PM,"266 BROADWAY, Somerville, MA",-71.0911762,42.390861,,,,,,,2,1,1,NA,1,4,,NA,NA,NA,NA,NA,NA,NA,NA,NA,NA,NA,NA,NA,NA,NA,0,0,0,NA,,,,0,NA,,,,,,,NA,NA,NA,NA,NA,NA,NA,NA,NA,NA,NA,NA,NA,NA,0,
1679,01/29/2013 06:55:00 AM," HIGHLAND AVENUE and GROVE STREET, Somerville, MA",-71.1204966,42.3957061,1,3,1,3,2,1,1,2,1,NA,,,,NA,NA,NA,NA,NA,NA,NA,NA,NA,NA,NA,NA,NA,NA,NA,0,1,0,1,1,,2,1,NA,0,28,3,1,,,NA,NA,NA,NA,NA,NA,NA,NA,NA,NA,NA,NA,NA,NA,0,
1680,01/30/2013 11:29:00 AM,"63 FRANKLIN STREET, Somerville, MA",-71.0855766,42.3829121,2,1,1,1,4,4,2,1,9,NA,1,1,,NA,NA,NA,NA,NA,NA,NA,NA,NA,NA,NA,NA,NA,NA,NA,0,0,0,NA,,,,0,NA,,,,,,,NA,NA,NA,NA,NA,NA,NA,NA,NA,NA,NA,NA,NA,NA,0,
1681,01/30/2013 03:40:00 PM," WASHINGTON STREET and FLORENCE STREET, Somerville, MA",-71.0830775,42.38179,2,2,1,3,1,2,2,1,19,5,2,1,,NA,NA,NA,NA,NA,NA,NA,NA,NA,NA,NA,NA,NA,NA,NA,0,0,0,NA,,,,0,NA,,,,,,,NA,NA,NA,NA,NA,NA,NA,NA,NA,NA,NA,NA,NA,NA,0,
1682,01/30/2013 05:51:00 PM," SUMMER STREET and CHERRY STREET, Somerville, MA",-71.1149866,42.3914194,1,1,1,2,1,2,2,1,20,NA,1,1,,NA,NA,NA,NA,NA,NA,NA,NA,NA,NA,NA,NA,NA,NA,NA,0,0,0,NA,,,,1,2,0,52,3,0,0,26,3,1,NA,NA,NA,NA,NA,NA,NA,NA,NA,NA,NA,NA,0,
1683,01/31/2013 07:29:00 AM," BROADWAY and NORTH STREET, Somerville, MA",-71.1313375,42.4058176,23,2,3,3,1,2,2,2,19,NA,2,1,,NA,NA,NA,NA,NA,NA,NA,NA,NA,NA,NA,NA,NA,NA,NA,0,0,0,NA,,,,0,NA,,,,,,,NA,NA,NA,NA,NA,NA,NA,NA,NA,NA,NA,NA,NA,NA,0,
1684,01/31/2013 11:30:00 PM,"57 BROADWAY, Somerville, MA",-71.080195,42.386834,1,1,1,1,2,2,2,1,1,NA,2,10,,NA,NA,NA,NA,NA,NA,NA,NA,NA,NA,NA,NA,NA,NA,NA,0,0,0,NA,,,,0,NA,,,,,,,NA,NA,NA,NA,NA,NA,NA,NA,NA,NA,NA,NA,NA,NA,0,
1685,02/01/2013 05:19:00 PM,"643 BROADWAY, Somerville, MA",-71.1101304,42.3994632,1,1,3,1,1,2,4,1,19,NA,1,1,,1,1,NA,2,1,NA,NA,NA,NA,NA,NA,NA,NA,NA,NA,0,0,0,NA,,,,1,NA,1,23,3,1,,,NA,NA,NA,NA,NA,NA,NA,NA,NA,NA,NA,NA,NA,NA,0,
1686,02/02/2013 01:45:00 AM,"207 LOWELL STREET, Somerville, MA",-71.1071659,42.391022,2,1,1,1,1,6,1,NA,NA,NA,,,,NA,NA,NA,NA,NA,NA,NA,NA,NA,NA,NA,NA,NA,NA,NA,1,0,0,4,2,,1a,1,NA,1,47,2,1,,,NA,NA,NA,NA,NA,NA,NA,NA,NA,NA,NA,NA,NA,NA,0,
1687,02/03/2013 09:45:00 AM,"236 CEDAR STREET, Somerville, MA",-71.1097893,42.3961879,5,2,1,1,2,3,2,1,1,NA,2,4,,NA,NA,NA,NA,NA,NA,NA,NA,NA,NA,NA,NA,NA,NA,NA,0,0,0,NA,,,,0,NA,,,,,,,NA,NA,NA,NA,NA,NA,NA,NA,NA,NA,NA,NA,NA,NA,0,
1688,02/05/2013 06:15:00 PM," BROADWAY and WILLOW AVENUE, Somerville, MA",-71.1127004,42.4001,1,1,3,2,1,2,2,1,5,19,1,1,,NA,NA,NA,NA,NA,NA,NA,NA,NA,NA,NA,NA,NA,NA,NA,0,0,0,NA,,,,0,NA,,,,,,,NA,NA,NA,NA,NA,NA,NA,NA,NA,NA,NA,NA,NA,NA,0,
1689,02/05/2013 09:45:00 PM," SCHOOL STREET, Somerville, MA",-71.0982006,42.3876041,4,2,1,9,1,3,2,1,1,NA,1,4,,NA,NA,NA,NA,NA,NA,NA,NA,NA,NA,NA,NA,NA,NA,NA,0,0,0,NA,,,,0,NA,,,,,,,NA,NA,NA,NA,NA,NA,NA,NA,NA,NA,NA,NA,NA,NA,0,
1690,02/07/2013 08:52:00 PM," INNER BELT ROAD and WASHINGTON STREET, Somerville, MA",-71.0815211,42.3820437,2,1,3,3,1,2,2,1,5,NA,1,1,,NA,NA,NA,NA,NA,NA,NA,NA,NA,NA,NA,NA,NA,NA,NA,0,0,0,NA,,,,1,NA,1,41,2,1,,,NA,NA,NA,NA,NA,NA,NA,NA,NA,NA,NA,NA,NA,NA,0,
1691,02/07/2013 09:08:00 PM," ALEWIFE BROOK PARKWAY Rte 16 W and WOODS AVENUE, Somerville, MA",-71.131229,42.41324,1,1,1,3,1,3,2,2,1,NA,2,4,,NA,NA,NA,NA,NA,NA,NA,NA,NA,NA,NA,NA,NA,NA,NA,0,0,0,NA,,,,0,NA,,,,,,,NA,NA,NA,NA,NA,NA,NA,NA,NA,NA,NA,NA,NA,NA,0,
1692,02/07/2013 11:32:00 AM," SOMERVILLE AVENUE and LOWELL STREET, Somerville, MA",-71.1118757,42.3845931,1,1,1,3,1,3,1,1,99,NA,,,,NA,NA,NA,NA,NA,NA,NA,NA,NA,NA,NA,NA,NA,NA,NA,1,0,0,4,1,,5,0,NA,,,,,,,NA,NA,NA,NA,NA,NA,NA,NA,NA,NA,NA,NA,NA,NA,0,
1693,02/07/2013 02:47:00 PM,"MEDFORD STREET and PEARL STREET, Somerville, MA",-71.0962952,42.3882985,2,1,1,4,1,2,2,2,10,NA,1,1,,NA,NA,NA,NA,NA,NA,NA,NA,NA,NA,NA,NA,NA,NA,NA,0,0,0,NA,,,,0,NA,,,,,,,NA,NA,NA,NA,NA,NA,NA,NA,NA,NA,NA,NA,NA,NA,0,
1694,02/08/2013 12:00:00 PM,"852 BROADWAY, Somerville, MA",-71.11759,42.400647,24,2,2,7,1,2,2,2,5,NA,1,1,,NA,NA,NA,NA,NA,NA,NA,NA,NA,NA,NA,NA,NA,NA,NA,0,0,0,NA,,,,1,NA,1,32,3,1,,,NA,NA,NA,NA,NA,NA,NA,NA,NA,NA,NA,NA,NA,NA,0,
1695,02/08/2013 12:42:00 PM,"72 HOLLAND STREET, Somerville, MA",-71.1242343,42.3982958,234,23,1,1,2,35,2,1,1,NA,1,99,,NA,NA,NA,NA,NA,NA,NA,NA,NA,NA,NA,NA,NA,NA,NA,0,0,0,NA,,,,1,2,0,23,4,0,1,32,4,0,NA,NA,NA,NA,NA,NA,NA,NA,NA,NA,NA,NA,0,
1696,02/10/2013 02:25:00 AM," WEBSTER AVENUE and NEWTON STREET, Somerville, MA",-71.095842,42.3778737,4,3,2,3,4,3,2,1,18,NA,1,18,,NA,NA,NA,NA,NA,NA,NA,NA,NA,NA,NA,NA,NA,NA,NA,0,0,0,NA,,,,0,NA,,,,,,,NA,NA,NA,NA,NA,NA,NA,NA,NA,NA,NA,NA,NA,NA,0,
1697,02/10/2013 07:16:00 AM," HIGHLAND AVENUE and CENTRAL STREET, Somerville, MA",-71.1034359,42.3884241,4,3,3,2,8,2,2,6,1,NA,1,13,,NA,NA,NA,NA,NA,NA,NA,NA,NA,NA,NA,NA,NA,NA,NA,0,0,0,NA,,,,1,NA,1,51,4,1,,,NA,NA,NA,NA,NA,NA,NA,NA,NA,NA,NA,NA,NA,NA,0,
1698,02/10/2013 09:51:00 AM," MAIN STREET and BROADWAY, Somerville, MA",-71.0975984,42.3947314,4,23,3,2,23,99,2,1,99,NA,1,99,,NA,NA,NA,NA,NA,NA,NA,NA,NA,NA,NA,NA,NA,NA,NA,0,0,0,NA,,,,0,NA,,,,,,,NA,NA,NA,NA,NA,NA,NA,NA,NA,NA,NA,NA,NA,NA,0,
1699,02/12/2013 06:00:00 PM," BROADWAY and MASON STREET, Somerville, MA",-71.1226344,42.4015565,,,,,,,2,2,18,6,1,1,,NA,NA,NA,NA,NA,NA,NA,NA,NA,NA,NA,NA,NA,NA,NA,0,0,0,NA,,,,0,NA,,,,,,,NA,NA,NA,NA,NA,NA,NA,NA,NA,NA,NA,NA,NA,NA,0,
1700,02/15/2013 08:20:00 AM,"16 BEACON STREET, Somerville, MA",-71.1025604,42.374749,497,2,1,1,2,2,3,1,99,NA,2,1,,2,1,NA,NA,NA,NA,NA,NA,NA,NA,NA,NA,NA,NA,NA,0,0,0,NA,,,,1,2,0,35,4,0,1,34,4,0,NA,NA,NA,NA,NA,NA,NA,NA,NA,NA,NA,NA,0,
1701,02/15/2013 08:58:00 AM,"235 HIGHLAND AVENUE, Somerville, MA",-71.1089411,42.3908234,1,2,1,1,1,2,2,2,5,NA,2,1,,NA,NA,NA,NA,NA,NA,NA,NA,NA,NA,NA,NA,NA,NA,NA,0,0,0,NA,,,,0,NA,,,,,,,NA,NA,NA,NA,NA,NA,NA,NA,NA,NA,NA,NA,NA,NA,0,
1702,02/15/2013 11:07:00 AM," SCHOOL STREET and BROADWAY, Somerville, MA",-71.0944105,42.3932298,,,,,,,2,1,99,NA,1,99,,NA,NA,NA,NA,NA,NA,NA,NA,NA,NA,NA,NA,NA,NA,NA,0,0,0,NA,,,,0,NA,,,,,,,NA,NA,NA,NA,NA,NA,NA,NA,NA,NA,NA,NA,NA,NA,0,
2342,04/18/2014 10:52:00 AM,"296 Broadway, Somerville, MA",-71.092578,42.3919208,2,1,1,1,2,2,2,1,97,14,1,1,,NA,NA,NA,NA,NA,NA,NA,NA,NA,NA,NA,NA,NA,NA,NA,0,0,0,0,0,,,1,2,0,27,4,1,1,90,4,0,NA,NA,NA,NA,NA,NA,NA,NA,NA,NA,NA,NA,0,
1703,02/15/2013 06:31:00 PM," POWDER HOUSE BOULEVARD and CURTIS STREET, Somerville, MA",-71.1258479,42.4054336,1,2,3,2,1,3,2,1,99,NA,1,99,,NA,NA,NA,NA,NA,NA,NA,NA,NA,NA,NA,NA,NA,NA,NA,0,0,0,NA,,,,0,NA,,,,,,,NA,NA,NA,NA,NA,NA,NA,NA,NA,NA,NA,NA,NA,NA,0,
1704,02/16/2013 05:38:00 PM,"502 MEDFORD STREET, Somerville, MA",-71.1035865,42.3959634,1,1,1,1,1,3,2,1,1,NA,1,19,,NA,NA,NA,NA,NA,NA,NA,NA,NA,NA,NA,NA,NA,NA,NA,0,0,0,NA,,,,0,NA,,,,,,,NA,NA,NA,NA,NA,NA,NA,NA,NA,NA,NA,NA,NA,NA,0,
1705,02/16/2013 11:25:00 PM," HIGHLAND AVENUE and DOVER STREET and HOLLAND STREET, Somerville, MA",-71.1252368,42.3998502,1,1,3,8,99,6,2,2,4,NA,1,1,,NA,NA,NA,NA,NA,NA,NA,NA,NA,NA,NA,NA,NA,NA,NA,0,0,0,NA,,,,0,NA,,,,,,,NA,NA,NA,NA,NA,NA,NA,NA,NA,NA,NA,NA,NA,NA,0,
1706,02/18/2013 04:06:00 PM," MEACHAM ROAD and BUENA VISTA ROAD, Somerville, MA",-71.1244863,42.396946,2,2,1,3,4,4,2,7,1,NA,1,97,,NA,NA,NA,NA,NA,NA,NA,NA,NA,NA,NA,NA,NA,NA,NA,0,0,0,NA,,,,0,NA,,,,,,,NA,NA,NA,NA,NA,NA,NA,NA,NA,NA,NA,NA,NA,NA,1,
1707,02/18/2013 04:21:00 PM,"162 BROADWAY, Somerville, MA",-71.085763,42.3884237,1,1,1,1,3,3,2,1,1,NA,1,4,,NA,NA,NA,NA,NA,NA,NA,NA,NA,NA,NA,NA,NA,NA,NA,0,0,0,NA,,,,0,NA,,,,,,,NA,NA,NA,NA,NA,NA,NA,NA,NA,NA,NA,NA,NA,NA,0,
1708,02/19/2013 06:17:00 PM," GORDON STREET and ALEWIFE BROOK PARKWAY, Somerville, MA",-71.1312365,42.4139819,3,2,1,3,1,4,2,NA,NA,NA,,,,NA,NA,NA,NA,NA,NA,NA,NA,NA,NA,NA,NA,NA,NA,NA,0,0,0,NA,,,,0,NA,,,,,,,NA,NA,NA,NA,NA,NA,NA,NA,NA,NA,NA,NA,NA,NA,0,
1709,02/21/2013 12:30:00 PM,"64 ROSELAND STREET, Somerville, MA",-71.1166866,42.386545,,,,,,,NA,NA,NA,NA,,,,NA,NA,NA,NA,NA,NA,NA,NA,NA,NA,NA,NA,NA,NA,NA,0,0,0,NA,,,,0,NA,,,,,,,NA,NA,NA,NA,NA,NA,NA,NA,NA,NA,NA,NA,NA,NA,0,
1710,02/23/2013 06:00:00 AM,"520 COLUMBIA STREET, Somerville, MA",-71.0946232,42.3761193,1,1,2,1,2,4,2,2,1,NA,,,,NA,NA,NA,NA,NA,NA,NA,NA,NA,NA,NA,NA,NA,NA,NA,0,0,0,NA,,,,0,NA,,,,,,,NA,NA,NA,NA,NA,NA,NA,NA,NA,NA,NA,NA,NA,NA,0,
1711,02/24/2013 02:09:00 PM," MYSTIC AVENUE and NEW ROAD, Somerville, MA",-71.0994968,42.3875968,4,2,1,2,2,6,2,1,1,NA,2,97,,NA,NA,NA,NA,NA,NA,NA,NA,NA,NA,NA,NA,NA,NA,NA,0,0,0,NA,,,,1,NA,1,20,3,1,,,NA,NA,NA,NA,NA,NA,NA,NA,NA,NA,NA,NA,NA,NA,0,
1712,02/25/2013 09:30:00 PM,"32 SCHOOL STREET, Somerville, MA",-71.1014718,42.3831547,,,,,,,2,97,1,NA,1,1,,NA,NA,NA,NA,NA,NA,NA,NA,NA,NA,NA,NA,NA,NA,NA,0,0,0,NA,,,,0,NA,,,,,,,NA,NA,NA,NA,NA,NA,NA,NA,NA,NA,NA,NA,NA,NA,1,
1713,02/26/2013 09:14:00 AM,"59 UNION SQUARE, Somerville, MA",-71.0956352,42.37992,1,1,1,1,1,4,2,1,4,NA,7,1,,NA,NA,NA,NA,NA,NA,NA,NA,NA,NA,NA,NA,NA,NA,NA,0,0,0,NA,,,,0,NA,,,,,,,NA,NA,NA,NA,NA,NA,NA,NA,NA,NA,NA,NA,NA,NA,0,
1714,02/26/2013 05:48:00 PM,"81 PERKINS STREET, Somerville, MA",-71.07958,42.3846855,,,,1,,,2,7,1,NA,1,,,NA,NA,NA,NA,NA,NA,NA,NA,NA,NA,NA,NA,NA,NA,NA,0,0,0,NA,,,,0,NA,,,,,,,NA,NA,NA,NA,NA,NA,NA,NA,NA,NA,NA,NA,NA,NA,1,