id,date_time,address,lon,lat,Weather,road_surface,traffic_control_device,intersection_type,traffic_way_desc,collision_manner,num_involved_vehicles,vehicle1_configuration,driver1_contrib1,driver1_contrib2,vehicle2_configuration,driver2_contrib1,driver2_contrib2,vehicle3_configuration,driver3_contrib1,driver3_contrib2,vehicle4_configuration,driver4_contrib1,driver4_contrib2,vehicle5_configuration,driver5_contrib1,driver5_contrib2,vehicle6_configuration,driver6_contrib1,driver6_contrib2,vehicle7_configuration,driver7_contrib1,driver7_contrib2,Bicycle,Pedestrian,non_mv,non_motorist_location,non_motorist_action,non_motorist_type,manner_of_non_motorist_collision,Injury,Multiple,Gender1,Age1,Severity1,Hospital1,Gender2,Age2,Severity2,Hospital2,Gender3,Age3,Severity3,Hospital3,Gender4,Age4,Severity4,Hospital4,Gender5,Age5,Severity5,Hospital5,city_vehicle,Notes
1715,02/27/2013 09:57:00 PM," ELM STREET and GROVE STREET, Somerville, MA",-71.1214561,42.3947474,2,2,1,3,1,1,1,NA,4,19,,,,NA,NA,NA,NA,NA,NA,NA,NA,NA,NA,NA,NA,NA,NA,NA,0,1,0,1,1,,2,1,2,1,28,2,1,0,27,3,1,NA,NA,NA,NA,NA,NA,NA,NA,NA,NA,NA,NA,0,
1716,02/28/2013 12:00:00 PM," LAUREL STREET and SOMERVILLE AVENUE, Somerville, MA",-71.1054273,42.3829957,1,1,2,3,1,3,2,2,99,NA,2,99,,NA,NA,NA,NA,NA,NA,NA,NA,NA,NA,NA,NA,NA,NA,NA,0,0,0,NA,,,,0,NA,,,,,,,NA,NA,NA,NA,NA,NA,NA,NA,NA,NA,NA,NA,NA,NA,0,
1717,02/28/2013 03:30:00 PM,"16 CONCORD AVENUE, Somerville, MA",-71.0967444,42.3766775,1,1,1,1,4,3,2,1,97,NA,1,1,,NA,NA,NA,NA,NA,NA,NA,NA,NA,NA,NA,NA,NA,NA,NA,0,0,0,NA,,,,0,NA,,,,,,,NA,NA,NA,NA,NA,NA,NA,NA,NA,NA,NA,NA,NA,NA,0,
1718,02/28/2013 06:39:00 PM,"483 BROADWAY, Somerville, MA",-71.1035626,42.3974561,2,1,3,1,1,2,2,1,1,NA,1,5,19,NA,NA,NA,NA,NA,NA,NA,NA,NA,NA,NA,NA,NA,NA,NA,0,0,0,NA,,,,1,NA,1,29,4,0,,,NA,NA,NA,NA,NA,NA,NA,NA,NA,NA,NA,NA,NA,NA,0,
1719,03/01/2013 10:34:00 AM," HIGHLAND AVENUE and COLLEGE AVENUE, Somerville, MA",-71.1222906,42.3964787,2,1,3,2,1,3,2,1,99,NA,2,99,,NA,NA,NA,NA,NA,NA,NA,NA,NA,NA,NA,NA,NA,NA,NA,0,0,0,NA,,,,0,NA,,,,,,,NA,NA,NA,NA,NA,NA,NA,NA,NA,NA,NA,NA,NA,NA,0,
1720,03/01/2013 12:25:00 PM," CROSS STREET and BROADWAY, Somerville, MA",-71.0859942,42.3886405,1,1,3,2,1,2,2,1,1,NA,1,10,,NA,NA,NA,NA,NA,NA,NA,NA,NA,NA,NA,NA,NA,NA,NA,0,0,0,NA,,,,0,NA,,,,,,,NA,NA,NA,NA,NA,NA,NA,NA,NA,NA,NA,NA,NA,NA,0,
1721,03/01/2013 01:56:00 PM,"55 SUMMER STREET, Somerville, MA",-71.0997474,42.3839077,2,1,1,1,1,2,2,1,19,NA,1,1,,NA,NA,NA,NA,NA,NA,NA,NA,NA,NA,NA,NA,NA,NA,NA,0,0,0,NA,,,,0,NA,,,,,,,NA,NA,NA,NA,NA,NA,NA,NA,NA,NA,NA,NA,NA,NA,0,
1722,03/01/2013 08:53:00 AM,"40 COLLEGE AVENUE, Somerville, MA",-71.121735,42.398135,2,1,1,1,2,1,1,2,1,NA,,,,NA,NA,NA,NA,NA,NA,NA,NA,NA,NA,NA,NA,NA,NA,NA,1,0,0,8,2,,3,1,NA,,,4,0,,,NA,NA,NA,NA,NA,NA,NA,NA,NA,NA,NA,NA,NA,NA,0,
1723,03/03/2013 10:56:00 AM," WILLOW AVENUE and ELM STREET, Somerville, MA",-71.1187665,42.3913149,1,1,1,3,4,1,1,1,99,NA,,,,NA,NA,NA,NA,NA,NA,NA,NA,NA,NA,NA,NA,NA,NA,NA,0,1,0,1,2,,1,0,NA,,,,,,,NA,NA,NA,NA,NA,NA,NA,NA,NA,NA,NA,NA,NA,NA,0,
1724,03/04/2013 02:13:00 PM," SUMMER STREET and SCHOOL STREET, Somerville, MA",-71.1003999,42.3843689,2,1,3,2,2,4,2,NA,99,NA,1,99,,NA,NA,NA,NA,NA,NA,NA,NA,NA,NA,NA,NA,NA,NA,NA,0,0,0,NA,,,,0,NA,,,,,,,NA,NA,NA,NA,NA,NA,NA,NA,NA,NA,NA,NA,NA,NA,0,
1725,03/04/2013 03:01:00 PM,"107 WASHINGTON STREET, Somerville, MA",-71.0865858,42.3812555,1,1,1,1,1,2,2,1,21,NA,1,,,NA,NA,NA,NA,NA,NA,NA,NA,NA,NA,NA,NA,NA,NA,NA,0,0,0,NA,,,,0,NA,,,,,,,NA,NA,NA,NA,NA,NA,NA,NA,NA,NA,NA,NA,NA,NA,0,
1726,03/04/2013 03:10:00 PM,"22 CROSS STREET, Somerville, MA",-71.086316,42.387668,1,1,1,1,1,4,2,1,9,22,1,1,,NA,NA,NA,NA,NA,NA,NA,NA,NA,NA,NA,NA,NA,NA,NA,0,0,0,NA,,,,1,NA,,,3,0,,,NA,NA,NA,NA,NA,NA,NA,NA,NA,NA,NA,NA,NA,NA,0,
1727,03/05/2013 08:40:00 AM," CADY AVENUE and CORINTHIAN ROAD, Somerville, MA",-71.1241765,42.4002176,1,1,1,3,4,3,2,2,1,NA,2,1,,NA,NA,NA,NA,NA,NA,NA,NA,NA,NA,NA,NA,NA,NA,NA,0,0,0,NA,,,,0,NA,,,,,,,NA,NA,NA,NA,NA,NA,NA,NA,NA,NA,NA,NA,NA,NA,1,
1728,03/05/2013 09:07:00 AM," WASHINGTON STREET and FRANKLIN AVENUE, Somerville, MA",-71.08496,42.381522,2,1,1,3,1,2,2,1,5,NA,2,1,,NA,NA,NA,NA,NA,NA,NA,NA,NA,NA,NA,NA,NA,NA,NA,0,0,0,NA,,,,0,NA,,,,,,,NA,NA,NA,NA,NA,NA,NA,NA,NA,NA,NA,NA,NA,NA,0,
1729,03/06/2013 07:32:00 AM," COLLEGE AVENUE and MORRISON AVENUE, Somerville, MA",-71.1214296,42.3979434,3,2,4,3,1,3,2,1,4,NA,1,1,,NA,NA,NA,NA,NA,NA,NA,NA,NA,NA,NA,NA,NA,NA,NA,0,0,0,NA,,,,1,NA,0,49,4,0,,,NA,NA,NA,NA,NA,NA,NA,NA,NA,NA,NA,NA,NA,NA,0,
1730,03/06/2013 08:02:00 AM," CEDAR STREET and SPENCER AVENUE, Somerville, MA",-71.1119418,42.3928379,,,,,,,NA,NA,NA,NA,,,,NA,NA,NA,NA,NA,NA,NA,NA,NA,NA,NA,NA,NA,NA,NA,0,0,0,NA,,,,0,NA,,,,,,,NA,NA,NA,NA,NA,NA,NA,NA,NA,NA,NA,NA,NA,NA,0,
1731,03/06/2013 08:30:00 AM," PEARL STREET and MARSHALL STREET, Somerville, MA",-71.0957494,42.3881671,23,2,2,3,1,3,2,1,99,NA,1,99,,NA,NA,NA,NA,NA,NA,NA,NA,NA,NA,NA,NA,NA,NA,NA,0,0,0,NA,,,,0,NA,,,,,,,NA,NA,NA,NA,NA,NA,NA,NA,NA,NA,NA,NA,NA,NA,0,
1732,03/06/2013 09:36:00 AM," NEW ROAD and MYSTIC AVENUE, Somerville, MA",-71.0870163,42.394168,2,2,3,3,4,2,2,1,5,NA,1,1,,NA,NA,NA,NA,NA,NA,NA,NA,NA,NA,NA,NA,NA,NA,NA,0,0,0,NA,,,,0,NA,,,,,,,NA,NA,NA,NA,NA,NA,NA,NA,NA,NA,NA,NA,NA,NA,0,
1733,03/06/2013 09:56:00 AM," WILLOW AVENUE and BROADWAY, Somerville, MA",-71.1127004,42.4001,,,,,,,2,1,1,NA,1,1,,NA,NA,NA,NA,NA,NA,NA,NA,NA,NA,NA,NA,NA,NA,NA,0,0,0,NA,,,,0,NA,,,,,,,NA,NA,NA,NA,NA,NA,NA,NA,NA,NA,NA,NA,NA,NA,0,
1734,03/06/2013 11:14:00 AM," TEMPLE STREET and BROADWAY, Somerville, MA",-71.0934064,42.3925566,23,2,1,3,1,3,NA,1,99,NA,1,99,,NA,NA,NA,NA,NA,NA,NA,NA,NA,NA,NA,NA,NA,NA,NA,0,0,0,NA,,,,1,3,1,28,4,0,0,42,4,0,0,22,4,0,NA,NA,NA,NA,NA,NA,NA,NA,0,
1735,03/06/2013 06:07:00 PM,"38 WARNER STREET, Somerville, MA",-71.115049,42.4023083,3,2,1,1,2,2,3,1,99,NA,1,1,,1,1,NA,NA,NA,NA,NA,NA,NA,NA,NA,NA,NA,NA,NA,0,0,0,NA,,,,0,NA,,,,,,,NA,NA,NA,NA,NA,NA,NA,NA,NA,NA,NA,NA,NA,NA,0,
1736,03/07/2013 10:48:00 AM," CENTRAL STREET and CLEVELAND STREET, Somerville, MA",-71.1059628,42.3847586,24,2,2,3,4,,2,1,99,NA,1,99,,NA,NA,NA,NA,NA,NA,NA,NA,NA,NA,NA,NA,NA,NA,NA,0,0,0,NA,,,,0,NA,,,,,,,NA,NA,NA,NA,NA,NA,NA,NA,NA,NA,NA,NA,NA,NA,0,
1737,03/07/2013 02:50:00 PM," WASHINGTON STREET and COLUMBUS AVENUE, Somerville, MA",-71.0930682,42.3795065,4,2,1,3,1,3,2,2,4,NA,1,1,,NA,NA,NA,NA,NA,NA,NA,NA,NA,NA,NA,NA,NA,NA,NA,0,0,0,NA,,,,0,NA,,,,,,,NA,NA,NA,NA,NA,NA,NA,NA,NA,NA,NA,NA,NA,NA,0,
1900,06/25/2013 09:28:00 PM,"710 BROADWAY, Somerville, MA",-71.1125769,42.3998534,,,,,,,1,1,19,NA,,,,NA,NA,NA,NA,NA,NA,NA,NA,NA,NA,NA,NA,NA,NA,NA,1,0,0,10,2,,3,1,NA,,,4,1,,,NA,NA,NA,NA,NA,NA,NA,NA,NA,NA,NA,NA,NA,NA,0,
1738,03/07/2013 12:00:00 PM," MEDFORD STREET and WASHINGTON STREET, Somerville, MA",-71.064483,42.3473466,23,2,3,3,4,,1,1,1,NA,,,,NA,NA,NA,NA,NA,NA,NA,NA,NA,NA,NA,NA,NA,NA,NA,0,1,0,1,1,,1,0,NA,,,,,,,NA,NA,NA,NA,NA,NA,NA,NA,NA,NA,NA,NA,NA,NA,0,
1739,03/08/2013 02:01:00 PM," MEACHAM STREET and MORELAND STREET, Somerville, MA",-71.0970745,42.397911,2,2,1,2,2,2,2,NA,1,NA,1,1,,NA,NA,NA,NA,NA,NA,NA,NA,NA,NA,NA,NA,NA,NA,NA,0,0,0,NA,,,,0,NA,,,,,,,NA,NA,NA,NA,NA,NA,NA,NA,NA,NA,NA,NA,NA,NA,1,
1740,03/09/2013 11:29:00 AM,"262 WILLOW AVENUE, Somerville, MA",-71.1134919,42.399427,1,1,1,9,1,3,2,1,1,NA,1,99,,NA,NA,NA,NA,NA,NA,NA,NA,NA,NA,NA,NA,NA,NA,NA,0,0,0,NA,,,,0,NA,,,,,,,NA,NA,NA,NA,NA,NA,NA,NA,NA,NA,NA,NA,NA,NA,0,
1741,03/09/2013 05:41:00 PM," BOW STREET, Somerville, MA",-71.0987357,42.3815762,2,1,1,1,4,4,2,2,9,NA,1,1,,NA,NA,NA,NA,NA,NA,NA,NA,NA,NA,NA,NA,NA,NA,NA,0,0,0,NA,,,,0,NA,,,,,,,NA,NA,NA,NA,NA,NA,NA,NA,NA,NA,NA,NA,NA,NA,0,
1742,03/09/2013 11:47:00 PM," HIGHLAND AVENUE and WALNUT STREET, Somerville, MA",-71.0941672,42.3851419,1,1,3,2,2,5,2,1,3,NA,1,1,,NA,NA,NA,NA,NA,NA,NA,NA,NA,NA,NA,NA,NA,NA,NA,0,0,0,NA,,,,0,NA,,,,,,,NA,NA,NA,NA,NA,NA,NA,NA,NA,NA,NA,NA,NA,NA,0,
1743,03/11/2013 01:00:00 PM," BROADWAY and COLLEGE AVENUE, Somerville, MA",-71.117348,42.400524,1,1,3,7,4,1,1,10,19,NA,,,,NA,NA,NA,NA,NA,NA,NA,NA,NA,NA,NA,NA,NA,NA,NA,0,0,1,NA,,Traffic signal,,0,NA,,,,,,,NA,NA,NA,NA,NA,NA,NA,NA,NA,NA,NA,NA,NA,NA,1,
1744,03/11/2013 05:03:00 PM," MCGRATH HIGHWAY Rte 28 and BLAKELEY AVENUE, Somerville, MA",-71.087013,42.391042,2,1,3,3,3,3,2,2,1,NA,1,19,,NA,NA,NA,NA,NA,NA,NA,NA,NA,NA,NA,NA,NA,NA,NA,0,0,0,NA,,,,0,NA,,,,,,,NA,NA,NA,NA,NA,NA,NA,NA,NA,NA,NA,NA,NA,NA,1,
1745,03/11/2013 06:25:00 PM,"37 UNION SQUARE, Somerville, MA",-71.0969606,42.3801755,1,1,3,3,4,1,1,2,1,NA,,,,NA,NA,NA,NA,NA,NA,NA,NA,NA,NA,NA,NA,NA,NA,NA,0,1,0,1,1,,5,1,NA,0,24,4,1,,,NA,NA,NA,NA,NA,NA,NA,NA,NA,NA,NA,NA,NA,NA,0,
1746,03/12/2013 07:19:00 PM,"947 BROADWAY, Somerville, MA",-71.1207954,42.4011259,,,,,,,2,1,1,NA,1,1,,NA,NA,NA,NA,NA,NA,NA,NA,NA,NA,NA,NA,NA,NA,NA,0,0,0,NA,,,,1,NA,1,44,99,1,,,NA,NA,NA,NA,NA,NA,NA,NA,NA,NA,NA,NA,NA,NA,0,
1747,03/12/2013 06:54:00 PM," MERRIAM STREET and WASHINGTON STREET, Somerville, MA",-71.0920272,42.3794905,3,2,1,3,1,1,1,4,1,NA,,,,NA,NA,NA,NA,NA,NA,NA,NA,NA,NA,NA,NA,NA,NA,NA,0,1,0,4,2,,5a,1,NA,1,58,3,1,,,NA,NA,NA,NA,NA,NA,NA,NA,NA,NA,NA,NA,NA,NA,0,
1748,03/13/2013 10:23:00 AM,"490 BROADWAY, Somerville, MA",-71.1039629,42.3970831,1,1,1,9,1,3,2,1,99,NA,1,4,,NA,NA,NA,NA,NA,NA,NA,NA,NA,NA,NA,NA,NA,NA,NA,0,0,0,NA,,,,0,NA,,,,,,,NA,NA,NA,NA,NA,NA,NA,NA,NA,NA,NA,NA,NA,NA,0,
1749,03/13/2013 03:27:00 PM," PROSPECT STREET and WEBSTER AVENUE, Somerville, MA",-71.0955943,42.376968,1,1,3,2,4,3,2,1,4,3,2,1,,NA,NA,NA,NA,NA,NA,NA,NA,NA,NA,NA,NA,NA,NA,NA,0,0,0,NA,,,,0,NA,,,,,,,NA,NA,NA,NA,NA,NA,NA,NA,NA,NA,NA,NA,NA,NA,0,
1750,03/13/2013 10:54:00 PM," HEATH STREET and FENWICK STREET, Somerville, MA",-71.0951937,42.3949511,3,2,2,2,1,3,2,1,1,NA,1,99,,NA,NA,NA,NA,NA,NA,NA,NA,NA,NA,NA,NA,NA,NA,NA,0,0,0,NA,,,,0,NA,,,,,,,NA,NA,NA,NA,NA,NA,NA,NA,NA,NA,NA,NA,NA,NA,0,
1751,03/14/2013 07:30:00 AM," WASHINGTON STREET and PERRY STREET, Somerville, MA",-71.1014369,42.3794158,2,1,2,3,1,3,2,2,1,NA,2,4,,NA,NA,NA,NA,NA,NA,NA,NA,NA,NA,NA,NA,NA,NA,NA,0,0,0,NA,,,,1,NA,0,28,3,1,,,NA,NA,NA,NA,NA,NA,NA,NA,NA,NA,NA,NA,NA,NA,0,
1752,03/14/2013 12:00:00 PM," MCGRATH HIGHWAY Rte 28 N, Somerville, MA",-71.0836673,42.3743988,1,1,3,1,2,2,2,1,99,NA,,,,NA,NA,NA,NA,NA,NA,NA,NA,NA,NA,NA,NA,NA,NA,NA,0,0,0,NA,,,,0,NA,,,,,,,NA,NA,NA,NA,NA,NA,NA,NA,NA,NA,NA,NA,NA,NA,0,
1753,03/14/2013 03:08:00 PM,"34 HIGHLAND AVENUE, Somerville, MA",-71.0946986,42.3851497,1,1,3,4,1,2,2,2,1,NA,2,21,,NA,NA,NA,NA,NA,NA,NA,NA,NA,NA,NA,NA,NA,NA,NA,0,0,0,NA,,,,0,NA,,,,,,,NA,NA,NA,NA,NA,NA,NA,NA,NA,NA,NA,NA,NA,NA,0,
1754,03/15/2013 07:18:00 AM," CENTRAL STREET and VERNON STREET, Somerville, MA",-71.1015146,42.3911489,1,1,2,2,1,3,3,1,99,NA,1,99,,1,1,NA,NA,NA,NA,NA,NA,NA,NA,NA,NA,NA,NA,NA,0,0,0,NA,,,,1,NA,0,28,4,0,,,NA,NA,NA,NA,NA,NA,NA,NA,NA,NA,NA,NA,NA,NA,0,
1755,03/16/2013 02:22:00 AM,"35 MIDDLESEX AVENUE, Somerville, MA",-71.0827837,42.3920702,1,1,1,3,4,1,1,1,12,NA,,,,NA,NA,NA,NA,NA,NA,NA,NA,NA,NA,NA,NA,NA,NA,NA,0,0,1,NA,,Guard rail,,0,NA,,,,,,,NA,NA,NA,NA,NA,NA,NA,NA,NA,NA,NA,NA,NA,NA,0,
1756,03/18/2013 10:44:00 PM,"360 HIGHLAND AVENUE, Somerville, MA",-71.1176944,42.3943481,4,2,2,3,2,3,2,1,1,NA,1,4,,NA,NA,NA,NA,NA,NA,NA,NA,NA,NA,NA,NA,NA,NA,NA,0,0,0,NA,,,,0,NA,,,,,,,NA,NA,NA,NA,NA,NA,NA,NA,NA,NA,NA,NA,NA,NA,0,
1757,03/19/2013 08:04:00 AM," HIGHLAND AVENUE and WILLOW AVENUE, Somerville, MA",-71.1168102,42.3941136,4,7,3,2,1,3,2,2,3,NA,2,1,,NA,NA,NA,NA,NA,NA,NA,NA,NA,NA,NA,NA,NA,NA,NA,0,0,0,NA,,,,0,NA,,,,,,,NA,NA,NA,NA,NA,NA,NA,NA,NA,NA,NA,NA,NA,NA,0,
1758,03/19/2013 12:00:00 PM," TEMPLE STREET and DERBY STREET, Somerville, MA",-71.0915388,42.3950558,1,2,3,3,1,4,2,1,1,NA,,,,NA,NA,NA,NA,NA,NA,NA,NA,NA,NA,NA,NA,NA,NA,NA,0,0,0,NA,,,,0,NA,,,,,,,NA,NA,NA,NA,NA,NA,NA,NA,NA,NA,NA,NA,NA,NA,0,
1759,03/20/2013 09:32:00 AM,"119 COLLEGE AVENUE, Somerville, MA",-71.1177554,42.3999816,1,4,1,1,2,2,2,1,1,NA,4,99,,NA,NA,NA,NA,NA,NA,NA,NA,NA,NA,NA,NA,NA,NA,NA,0,0,0,NA,,,,0,NA,,,,,,,NA,NA,NA,NA,NA,NA,NA,NA,NA,NA,NA,NA,NA,NA,0,
1760,03/21/2013 02:40:00 AM,"157 WALNUT STREET, Somerville, MA",-71.09156,42.389537,2,1,1,1,4,5,2,7,1,NA,1,99,,NA,NA,NA,NA,NA,NA,NA,NA,NA,NA,NA,NA,NA,NA,NA,0,0,0,NA,,,,0,NA,,,,,,,NA,NA,NA,NA,NA,NA,NA,NA,NA,NA,NA,NA,NA,NA,1,
1761,03/21/2013 08:30:00 PM,"52 PARK STREET, Somerville, MA",-71.1072669,42.3810069,,,,,,,3,1,2,NA,1,,,1,NA,NA,NA,NA,NA,NA,NA,NA,NA,NA,NA,NA,NA,NA,0,0,0,NA,,,,0,NA,,,,,,,NA,NA,NA,NA,NA,NA,NA,NA,NA,NA,NA,NA,NA,NA,0,
1762,03/22/2013 01:58:00 AM,"25 HIGHLAND AVENUE, Somerville, MA",-71.093642,42.385268,1,1,1,1,1,3,2,NA,NA,NA,,,,NA,NA,NA,NA,NA,NA,NA,NA,NA,NA,NA,NA,NA,NA,NA,0,0,0,NA,,,,0,NA,,,,,,,NA,NA,NA,NA,NA,NA,NA,NA,NA,NA,NA,NA,NA,NA,0,
1763,03/23/2013 08:02:00 PM," HIGHLAND AVENUE and CENTRAL STREET, Somerville, MA",-71.1034359,42.3884241,2,,3,2,1,1,1,1,10,4,,,,NA,NA,NA,NA,NA,NA,NA,NA,NA,NA,NA,NA,NA,NA,NA,0,1,0,1,1,,2,1,2,1,46,3,0,0,49,3,0,NA,NA,NA,NA,NA,NA,NA,NA,NA,NA,NA,NA,0,
1764,03/24/2013 08:27:00 AM,"24 PRESCOTT STREET, Somerville, MA",-71.099414,42.3846429,1,1,1,1,1,1,3,1,1,NA,1,1,,1,1,NA,NA,NA,NA,NA,NA,NA,NA,NA,NA,NA,NA,NA,0,0,0,NA,,,,0,NA,,,,,,,NA,NA,NA,NA,NA,NA,NA,NA,NA,NA,NA,NA,NA,NA,0,
1765,03/25/2013 03:59:00 PM," LOWELL STREET and WOODBINE STREET, Somerville, MA",-71.1067843,42.3919035,1,1,1,3,1,4,2,NA,NA,NA,,,,NA,NA,NA,NA,NA,NA,NA,NA,NA,NA,NA,NA,NA,NA,NA,0,0,0,NA,,,,0,NA,,,,,,,NA,NA,NA,NA,NA,NA,NA,NA,NA,NA,NA,NA,NA,NA,0,
2621,11/04/2014 06:20:00 PM,"Prospect St, Somerville, MA",-71.0956385,42.3769126,1,1,1,1,4,2,3,2,19,NA,1,1,,1,1,NA,NA,NA,NA,NA,NA,NA,NA,NA,NA,NA,NA,NA,0,0,0,0,0,,,0,NA,,,,,,,NA,NA,NA,NA,NA,NA,NA,NA,NA,NA,NA,NA,NA,NA,0,
1766,03/25/2013 09:39:00 AM," WEBSTER AVENUE and WASHINGTON STREET, Somerville, MA",-71.0964021,42.3796323,1,1,3,2,2,1,1,1,97,NA,,,,NA,NA,NA,NA,NA,NA,NA,NA,NA,NA,NA,NA,NA,NA,NA,1,0,0,2,2,,1,1,NA,0,37,4,1,,,NA,NA,NA,NA,NA,NA,NA,NA,NA,NA,NA,NA,NA,NA,0,
1767,03/26/2013 08:00:00 AM,"CEDAR STREET and SPENCER STREET, Somerville, MA",-71.1119418,42.3928379,2,1,1,3,1,3,2,1,99,NA,1,99,,NA,NA,NA,NA,NA,NA,NA,NA,NA,NA,NA,NA,NA,NA,NA,0,0,0,NA,,,,0,NA,,,,,,,NA,NA,NA,NA,NA,NA,NA,NA,NA,NA,NA,NA,NA,NA,0,
1768,03/26/2013 02:32:00 PM," SOMERVILLE AVENUE and LAUREL STREET, Somerville, MA",-71.1054273,42.3829957,1,1,2,3,1,1,1,2,4,NA,,,,NA,NA,NA,NA,NA,NA,NA,NA,NA,NA,NA,NA,NA,NA,NA,1,0,0,4,2,,5,1,NA,1,23,3,1,,,NA,NA,NA,NA,NA,NA,NA,NA,NA,NA,NA,NA,NA,NA,0,
1769,03/27/2013 04:57:00 PM," NORWOOD AVENUE and BROADWAY, Somerville, MA",-71.1023982,42.3967205,,,,,,,2,2,1,NA,1,4,,NA,NA,NA,NA,NA,NA,NA,NA,NA,NA,NA,NA,NA,NA,NA,0,0,0,NA,,,,0,NA,,,,,,,NA,NA,NA,NA,NA,NA,NA,NA,NA,NA,NA,NA,NA,NA,0,
1770,03/27/2013 06:48:00 PM,"195 BROADWAY, Somerville, MA",-71.0873704,42.3894275,1,1,1,1,3,3,2,7,1,NA,2,99,,NA,NA,NA,NA,NA,NA,NA,NA,NA,NA,NA,NA,NA,NA,NA,0,0,0,NA,,,,0,NA,,,,,,,NA,NA,NA,NA,NA,NA,NA,NA,NA,NA,NA,NA,NA,NA,0,
1771,03/29/2013 07:48:00 PM," SCHOOL STREET and RICHDALE AVENUE, Somerville, MA",-71.09741,42.3887757,1,1,3,3,4,1,1,1,3,NA,,,,NA,NA,NA,NA,NA,NA,NA,NA,NA,NA,NA,NA,NA,NA,NA,0,0,1,NA,,Street sign,,0,NA,,,,,,,NA,NA,NA,NA,NA,NA,NA,NA,NA,NA,NA,NA,NA,NA,0,
1772,03/30/2013 02:30:00 PM,"220 POWDER HOUSE BOULEVARD, Somerville, MA",-71.129001,42.4066199,,,,,,,4,1,11,NA,1,1,,2,1,NA,1,1,NA,NA,NA,NA,NA,NA,NA,NA,NA,NA,0,0,0,NA,,,,1,2,0,35,3,1,0,28,3,1,NA,NA,NA,NA,NA,NA,NA,NA,NA,NA,NA,NA,0,
1773,04/02/2013 07:35:00 PM," SCHOOL STREET and MEDFORD STREET, Somerville, MA",-71.0971615,42.3891241,1,1,3,2,2,2,2,1,99,NA,1,99,,NA,NA,NA,NA,NA,NA,NA,NA,NA,NA,NA,NA,NA,NA,NA,0,0,0,NA,,,,0,NA,,,,,,,NA,NA,NA,NA,NA,NA,NA,NA,NA,NA,NA,NA,NA,NA,0,
1774,04/04/2013 08:10:00 AM," MEDFORD STREET and WALNUT STREET, Somerville, MA",-71.0937489,42.3857992,1,1,3,1,1,2,3,1,97,NA,1,1,,2,1,NA,NA,NA,NA,NA,NA,NA,NA,NA,NA,NA,NA,NA,0,0,0,NA,,,,1,NA,0,41,4,1,,,NA,NA,NA,NA,NA,NA,NA,NA,NA,NA,NA,NA,NA,NA,0,
1775,04/04/2013 05:05:00 PM,"59 WASHINGTON STREET, Somerville, MA",-71.0832481,42.3819233,,,,,,,2,1,1,NA,1,5,,NA,NA,NA,NA,NA,NA,NA,NA,NA,NA,NA,NA,NA,NA,NA,0,0,0,NA,,,,0,NA,,,,,,,NA,NA,NA,NA,NA,NA,NA,NA,NA,NA,NA,NA,NA,NA,0,
1776,04/04/2013 09:26:00 PM,"93 BEACON STREET, Somerville, MA",-71.1048819,42.3772995,,,,,,,2,1,1,NA,2,4,,NA,NA,NA,NA,NA,NA,NA,NA,NA,NA,NA,NA,NA,NA,NA,0,0,0,NA,,,,0,NA,,,,,,,NA,NA,NA,NA,NA,NA,NA,NA,NA,NA,NA,NA,NA,NA,0,
1777,04/04/2013 08:50:00 AM," BEACON STREET and OXFORD STREET, Somerville, MA",-71.1161841,42.3860143,1,1,1,3,1,3,1,1,18,NA,,,,NA,NA,NA,NA,NA,NA,NA,NA,NA,NA,NA,NA,NA,NA,NA,1,0,0,4,1,,1,1,NA,0,25,3,1,,,NA,NA,NA,NA,NA,NA,NA,NA,NA,NA,NA,NA,NA,NA,0,
1778,04/05/2013 03:30:00 PM," SOMERVILLE AVENUE and CHURCH STREET, Somerville, MA",-71.1005403,42.3815227,1,1,1,3,1,1,1,2,1,NA,,,,NA,NA,NA,NA,NA,NA,NA,NA,NA,NA,NA,NA,NA,NA,NA,1,0,0,4,2,,1,1,NA,1,47,4,1,,,NA,NA,NA,NA,NA,NA,NA,NA,NA,NA,NA,NA,NA,NA,0,
1779,04/06/2013 05:10:00 PM," SOMERVILLE AVENUE and CRAIGIE STREET, Somerville, MA",-71.1128913,42.3852149,1,1,1,1,1,3,2,3,4,NA,1,1,,NA,NA,NA,NA,NA,NA,NA,NA,NA,NA,NA,NA,NA,NA,NA,0,0,1,NA,,Motorcycle,,1,NA,1,32,3,0,,,NA,NA,NA,NA,NA,NA,NA,NA,NA,NA,NA,NA,NA,NA,0,
1780,04/07/2013 07:35:00 AM," BROADWAY, Somerville, MA",-71.1075914,42.3983788,1,1,1,1,2,4,2,1,2,9,1,1,,NA,NA,NA,NA,NA,NA,NA,NA,NA,NA,NA,NA,NA,NA,NA,0,0,0,NA,,,,0,NA,,,,,,,NA,NA,NA,NA,NA,NA,NA,NA,NA,NA,NA,NA,NA,NA,0,
1781,04/11/2013 02:36:00 PM," SCHOOL STREET and SUMMER STREET, Somerville, MA",-71.1003999,42.3843689,1,1,3,2,4,2,2,1,97,NA,2,1,,NA,NA,NA,NA,NA,NA,NA,NA,NA,NA,NA,NA,NA,NA,NA,0,0,0,NA,,,,1,NA,0,40,4,1,,,NA,NA,NA,NA,NA,NA,NA,NA,NA,NA,NA,NA,NA,NA,0,