id,date_time,address,lon,lat,Weather,road_surface,traffic_control_device,intersection_type,traffic_way_desc,collision_manner,num_involved_vehicles,vehicle1_configuration,driver1_contrib1,driver1_contrib2,vehicle2_configuration,driver2_contrib1,driver2_contrib2,vehicle3_configuration,driver3_contrib1,driver3_contrib2,vehicle4_configuration,driver4_contrib1,driver4_contrib2,vehicle5_configuration,driver5_contrib1,driver5_contrib2,vehicle6_configuration,driver6_contrib1,driver6_contrib2,vehicle7_configuration,driver7_contrib1,driver7_contrib2,Bicycle,Pedestrian,non_mv,non_motorist_location,non_motorist_action,non_motorist_type,manner_of_non_motorist_collision,Injury,Multiple,Gender1,Age1,Severity1,Hospital1,Gender2,Age2,Severity2,Hospital2,Gender3,Age3,Severity3,Hospital3,Gender4,Age4,Severity4,Hospital4,Gender5,Age5,Severity5,Hospital5,city_vehicle,Notes
1782,04/11/2013 09:20:00 PM," EDGAR AVENUE and DOUGLAS AVENUE, Somerville, MA",-71.0974858,42.3956101,2,1,1,3,1,2,3,1,1,NA,1,10,5,2,NA,NA,NA,NA,NA,NA,NA,NA,NA,NA,NA,NA,NA,NA,0,0,0,NA,,,,1,2,0,53,3,1,0,35,3,1,NA,NA,NA,NA,NA,NA,NA,NA,NA,NA,NA,NA,0,
1783,04/11/2013 09:40:00 PM," PROFESSORS ROW and PACKARD AVENUE, Somerville, MA",-71.1219252,42.4067377,,,,,,,1,1,19,NA,,,,NA,NA,NA,NA,NA,NA,NA,NA,NA,NA,NA,NA,NA,NA,NA,0,1,0,1,1,,5,1,NA,1,21,4,0,,,NA,NA,NA,NA,NA,NA,NA,NA,NA,NA,NA,NA,NA,NA,0,
1784,04/12/2013 03:07:00 PM," MOUNT VERNON STREET and BROADWAY, Somerville, MA",-71.0788702,42.3862206,2,2,3,2,3,3,2,1,99,NA,2,99,,NA,NA,NA,NA,NA,NA,NA,NA,NA,NA,NA,NA,NA,NA,NA,0,0,0,NA,,,,1,3,1,35,4,0,0,28,4,0,1,35,4,0,NA,NA,NA,NA,NA,NA,NA,NA,0,
1785,04/13/2013 01:24:00 AM," GILMAN STREET and CROSS STREET, Somerville, MA",-71.0890194,42.3842967,3,2,2,3,4,1,1,2,99,NA,,,,NA,NA,NA,NA,NA,NA,NA,NA,NA,NA,NA,NA,NA,NA,NA,0,0,1,NA,,Do not enter sign,,0,NA,,,,,,,NA,NA,NA,NA,NA,NA,NA,NA,NA,NA,NA,NA,NA,NA,0,
1786,04/13/2013 05:54:00 PM," CENTRAL STREET and VERNON STREET, Somerville, MA",-71.1015146,42.3911489,2,1,2,3,1,3,2,1,3,4,1,1,,NA,NA,NA,NA,NA,NA,NA,NA,NA,NA,NA,NA,NA,NA,NA,0,0,0,NA,,,,0,NA,,,,,,,NA,NA,NA,NA,NA,NA,NA,NA,NA,NA,NA,NA,NA,NA,0,
3461,02/10/2016 02:15:00 PM,"Broadway and Paulina St, Somerville, MA",-71.1237159,42.4018427,2,2,2,3,1,3,2,2,4,0,2,1,0,NA,NA,NA,NA,NA,NA,NA,NA,NA,NA,NA,NA,NA,NA,NA,0,0,0,0,0,,,1,2,0,55,3,0,0,66,3,0,NA,NA,NA,NA,NA,NA,NA,NA,NA,NA,NA,NA,0,
1787,04/15/2013 05:51:00 PM,"25 BOW STREET, Somerville, MA",-71.0972915,42.3815421,1,1,1,1,4,2,2,2,1,NA,1,1,,NA,NA,NA,NA,NA,NA,NA,NA,NA,NA,NA,NA,NA,NA,NA,0,0,0,NA,,,,0,NA,,,,,,,NA,NA,NA,NA,NA,NA,NA,NA,NA,NA,NA,NA,NA,NA,0,
1788,04/15/2013 07:00:00 PM,"386 BEACON STREET, Somerville, MA",-71.1162669,42.3867173,1,1,1,1,1,2,2,1,NA,NA,1,,,NA,NA,NA,NA,NA,NA,NA,NA,NA,NA,NA,NA,NA,NA,NA,0,0,0,NA,,,,1,NA,0,31,4,1,,,NA,NA,NA,NA,NA,NA,NA,NA,NA,NA,NA,NA,NA,NA,0,
1789,04/15/2013 07:36:00 PM,"448 BROADWAY, Somerville, MA",-71.1017354,42.3963304,1,1,1,1,1,3,2,1,1,NA,1,2,10,NA,NA,NA,NA,NA,NA,NA,NA,NA,NA,NA,NA,NA,NA,NA,0,0,0,NA,,,,1,NA,1,33,4,1,,,NA,NA,NA,NA,NA,NA,NA,NA,NA,NA,NA,NA,NA,NA,0,
1790,04/16/2013 07:30:00 AM,"64 BEACON STREET, Somerville, MA",-71.104037,42.375993,1,1,4,1,1,2,2,1,1,NA,1,5,,NA,NA,NA,NA,NA,NA,NA,NA,NA,NA,NA,NA,NA,NA,NA,0,0,0,NA,,,,0,NA,,,,,,,NA,NA,NA,NA,NA,NA,NA,NA,NA,NA,NA,NA,NA,NA,0,
1791,04/16/2013 11:44:00 AM," DAY STREET and HERBERT STREET, Somerville, MA",-71.1231171,42.395838,1,1,1,3,4,4,2,2,97,NA,2,1,,NA,NA,NA,NA,NA,NA,NA,NA,NA,NA,NA,NA,NA,NA,NA,0,0,0,NA,,,,0,NA,,,,,,,NA,NA,NA,NA,NA,NA,NA,NA,NA,NA,NA,NA,NA,NA,0,
1792,04/18/2013 08:10:00 PM,"164 HOLLAND STREET, Somerville, MA",-71.126153,42.4006505,2,1,1,1,8,4,2,2,20,NA,,,,NA,NA,NA,NA,NA,NA,NA,NA,NA,NA,NA,NA,NA,NA,NA,0,0,0,NA,,,,0,NA,,,,,,,NA,NA,NA,NA,NA,NA,NA,NA,NA,NA,NA,NA,NA,NA,0,
1793,04/18/2013 07:40:00 AM,"164 HOLLAND STREET, Somerville, MA",-71.126153,42.4006505,1,1,1,1,1,99,1,1,19,NA,,,,NA,NA,NA,NA,NA,NA,NA,NA,NA,NA,NA,NA,NA,NA,NA,1,0,0,10,2,,3,0,NA,,,,,,,NA,NA,NA,NA,NA,NA,NA,NA,NA,NA,NA,NA,NA,NA,0,
1794,04/22/2013 02:30:00 PM," DANE STREET and SOMERVILLE AVENUE, Somerville, MA",-71.1034094,42.3824407,1,1,3,1,2,2,2,2,19,NA,1,1,,NA,NA,NA,NA,NA,NA,NA,NA,NA,NA,NA,NA,NA,NA,NA,0,0,0,NA,,,,0,NA,,,,,,,NA,NA,NA,NA,NA,NA,NA,NA,NA,NA,NA,NA,NA,NA,0,
1795,04/22/2013 06:07:00 PM,"21 CAMBRIA STREET, Somerville, MA",-71.1051095,42.387822,1,1,1,1,4,3,2,1,1,NA,2,4,,NA,NA,NA,NA,NA,NA,NA,NA,NA,NA,NA,NA,NA,NA,NA,0,0,0,NA,,,,0,NA,,,,,,,NA,NA,NA,NA,NA,NA,NA,NA,NA,NA,NA,NA,NA,NA,0,
1796,04/22/2013 07:15:00 PM," LOWELL STREET and HUDSON STREET, Somerville, MA",-71.1075438,42.3908061,197,1,2,1,99,3,2,1,99,NA,2,99,,NA,NA,NA,NA,NA,NA,NA,NA,NA,NA,NA,NA,NA,NA,NA,0,0,0,NA,,,,0,NA,,,,,,,NA,NA,NA,NA,NA,NA,NA,NA,NA,NA,NA,NA,NA,NA,0,
1797,04/23/2013 09:18:00 AM," HIGHLAND AVENUE and TOWER STREET, Somerville, MA",-71.108706,42.3905439,3,2,1,2,1,,2,1,1,NA,1,1,,NA,NA,NA,NA,NA,NA,NA,NA,NA,NA,NA,NA,NA,NA,NA,0,0,0,NA,,,,0,NA,,,,,,,NA,NA,NA,NA,NA,NA,NA,NA,NA,NA,NA,NA,NA,NA,0,
1798,04/25/2013 01:36:00 PM,"84 PROSPECT STREET, Somerville, MA",-71.095969,42.375946,1,1,1,1,1,4,2,1,9,20,1,,,NA,NA,NA,NA,NA,NA,NA,NA,NA,NA,NA,NA,NA,NA,NA,0,0,0,NA,,,,1,NA,0,23,4,1,,,NA,NA,NA,NA,NA,NA,NA,NA,NA,NA,NA,NA,NA,NA,0,
1799,04/26/2013 02:15:00 PM," CENTRAL STREET and VERNON STREET, Somerville, MA",-71.1015146,42.3911489,1,1,2,1,1,3,2,1,4,NA,2,1,,NA,NA,NA,NA,NA,NA,NA,NA,NA,NA,NA,NA,NA,NA,NA,0,0,0,NA,,,,0,NA,,,,,,,NA,NA,NA,NA,NA,NA,NA,NA,NA,NA,NA,NA,NA,NA,0,
1800,04/26/2013 08:00:00 AM," WALNUT STREET and BROADWAY, Somerville, MA",-71.0906239,42.3909797,1,1,2,1,4,1,1,2,4,NA,,,,NA,NA,NA,NA,NA,NA,NA,NA,NA,NA,NA,NA,NA,NA,NA,1,0,0,2,2,,5,1,NA,1,32,4,0,,,NA,NA,NA,NA,NA,NA,NA,NA,NA,NA,NA,NA,NA,NA,0,
1801,04/27/2013 06:01:00 PM," PARTRIDGE AVENUE and VERNON STREET, Somerville, MA",-71.1044758,42.3926989,1,1,2,3,1,3,2,1,1,NA,1,1,,NA,NA,NA,NA,NA,NA,NA,NA,NA,NA,NA,NA,NA,NA,NA,0,0,0,NA,,,,0,NA,,,,,,,NA,NA,NA,NA,NA,NA,NA,NA,NA,NA,NA,NA,NA,NA,0,
1802,04/28/2013 03:27:00 PM,"23 ALSTON STREET, Somerville, MA",-71.0896374,42.3817321,1,1,1,1,4,1,1,1,1,NA,,,,NA,NA,NA,NA,NA,NA,NA,NA,NA,NA,NA,NA,NA,NA,NA,0,1,0,4,2,,5,1,NA,1,3,4,0,,,NA,NA,NA,NA,NA,NA,NA,NA,NA,NA,NA,NA,NA,NA,0,
1803,04/28/2013 07:05:00 PM,"266 BROADWAY, Somerville, MA",-71.0911762,42.390861,1,1,4,2,1,3,4,1,4,NA,1,1,,NA,NA,NA,NA,NA,NA,NA,NA,NA,NA,NA,NA,NA,NA,NA,0,0,0,NA,,,,1,NA,1,28,3,1,,,NA,NA,NA,NA,NA,NA,NA,NA,NA,NA,NA,NA,NA,NA,0,
1804,04/29/2013 03:52:00 PM,"91 PROSPECT STREET, Somerville, MA",-71.0967185,42.3757616,,1,1,1,1,2,2,1,1,NA,1,99,,NA,NA,NA,NA,NA,NA,NA,NA,NA,NA,NA,NA,NA,NA,NA,0,0,0,NA,,,,1,NA,0,43,4,1,,,NA,NA,NA,NA,NA,NA,NA,NA,NA,NA,NA,NA,NA,NA,0,
1805,04/30/2013 02:23:00 PM,"278 ELM STREET, Somerville, MA",-71.1225189,42.3959728,1,1,1,1,4,4,2,1,9,NA,97,1,,NA,NA,NA,NA,NA,NA,NA,NA,NA,NA,NA,NA,NA,NA,NA,0,0,0,NA,,,,1,NA,1,83,4,0,,,NA,NA,NA,NA,NA,NA,NA,NA,NA,NA,NA,NA,NA,NA,1,
1806,05/01/2013 04:26:00 PM,"356 BEACON STREET, Somerville, MA",-71.1155543,42.3857062,1,1,1,1,1,2,3,2,19,NA,1,1,,1,1,NA,NA,NA,NA,NA,NA,NA,NA,NA,NA,NA,NA,NA,0,0,0,NA,,,,0,NA,,,,,,,NA,NA,NA,NA,NA,NA,NA,NA,NA,NA,NA,NA,NA,NA,0,
1807,05/02/2013 10:45:00 AM,"30 INNER BELT ROAD, Somerville, MA",-71.0798146,42.3794002,1,1,1,1,1,3,2,1,4,NA,2,1,,NA,NA,NA,NA,NA,NA,NA,NA,NA,NA,NA,NA,NA,NA,NA,0,0,0,NA,,,,0,NA,,,,,,,NA,NA,NA,NA,NA,NA,NA,NA,NA,NA,NA,NA,NA,NA,0,
1808,05/02/2013 04:00:00 PM,"1017 BROADWAY, Somerville, MA",-71.1231459,42.4017084,,,,,,,1,2,4,NA,,,,NA,NA,NA,NA,NA,NA,NA,NA,NA,NA,NA,NA,NA,NA,NA,1,0,0,10,2,,7,1,NA,1,,4,1,,,NA,NA,NA,NA,NA,NA,NA,NA,NA,NA,NA,NA,NA,NA,0,
1809,05/02/2013 06:14:00 PM,"175 BEACON STREET, Somerville, MA",-71.1076885,42.379791,2,1,1,,,1,1,1,4,NA,,,,NA,NA,NA,NA,NA,NA,NA,NA,NA,NA,NA,NA,NA,NA,NA,1,0,0,4,2,,3,1,NA,0,30,2,1,,,NA,NA,NA,NA,NA,NA,NA,NA,NA,NA,NA,NA,NA,NA,0,
1810,05/03/2013 02:40:00 PM,"1364 BROADWAY, Somerville, MA",-71.1331944,42.4067082,1,1,1,9,1,4,2,NA,NA,NA,,,,NA,NA,NA,NA,NA,NA,NA,NA,NA,NA,NA,NA,NA,NA,NA,0,0,0,NA,,,,0,NA,,,,,,,NA,NA,NA,NA,NA,NA,NA,NA,NA,NA,NA,NA,NA,NA,0,
1811,05/03/2013 03:20:00 PM," BROADWAY and GARFIELD AVENUE, Somerville, MA",-71.0867525,42.3889844,1,1,3,3,2,4,2,2,99,NA,1,,,NA,NA,NA,NA,NA,NA,NA,NA,NA,NA,NA,NA,NA,NA,NA,0,0,0,NA,,,,0,NA,,,,,,,NA,NA,NA,NA,NA,NA,NA,NA,NA,NA,NA,NA,NA,NA,0,
1812,05/03/2013 06:19:00 PM,"514 SOMERVILLE AVENUE, Somerville, MA",-71.1058387,42.3830744,,,,,,,2,1,1,NA,,,,NA,NA,NA,NA,NA,NA,NA,NA,NA,NA,NA,NA,NA,NA,NA,0,0,0,NA,,,,1,NA,1,4 mo.,4,1,,,NA,NA,NA,NA,NA,NA,NA,NA,NA,NA,NA,NA,NA,NA,0,
1813,05/04/2013 03:32:00 PM," TEMPLE STREET and JAQUES STREET, Somerville, MA",-71.092016,42.394362,1,1,23,23,24,24,2,1,97,NA,1,1,,NA,NA,NA,NA,NA,NA,NA,NA,NA,NA,NA,NA,NA,NA,NA,0,0,0,NA,,,,1,3,0,50,4,0,1,37,4,0,1,6,4,0,NA,NA,NA,NA,NA,NA,NA,NA,0,
1814,05/04/2013 10:44:00 PM," EDGAR AVENUE and HEATH STREET, Somerville, MA",-71.0971381,42.3960022,1,1,2,2,1,4,2,NA,NA,NA,2,,,NA,NA,NA,NA,NA,NA,NA,NA,NA,NA,NA,NA,NA,NA,NA,0,0,0,NA,,,,0,NA,,,,,,,NA,NA,NA,NA,NA,NA,NA,NA,NA,NA,NA,NA,NA,NA,0,
1815,05/05/2013 05:41:00 PM,"383 BROADWAY, Somerville, MA",-71.0969157,42.3947697,1,1,3,2,3,2,3,1,19,20,1,1,,1,1,NA,NA,NA,NA,NA,NA,NA,NA,NA,NA,NA,NA,NA,0,0,0,NA,,,,0,NA,,,,,,,NA,NA,NA,NA,NA,NA,NA,NA,NA,NA,NA,NA,NA,NA,0,
1816,05/07/2013 10:29:00 AM,"854 BROADWAY, Somerville, MA",-71.1174086,42.4007051,1,1,1,1,2,1,1,1,1,NA,,,,NA,NA,NA,NA,NA,NA,NA,NA,NA,NA,NA,NA,NA,NA,NA,1,0,0,10,2,,3,1,NA,0,48,4,0,,,NA,NA,NA,NA,NA,NA,NA,NA,NA,NA,NA,NA,NA,NA,0,
1817,05/09/2013 01:30:00 PM,"PROSPECT STREET and CONCORD AVENUE, Somerville, MA",-71.0956827,42.3768572,23,,3,3,1,2,2,2,1,NA,1,5,,NA,NA,NA,NA,NA,NA,NA,NA,NA,NA,NA,NA,NA,NA,NA,0,0,0,NA,,,,0,NA,,,,,,,NA,NA,NA,NA,NA,NA,NA,NA,NA,NA,NA,NA,NA,NA,0,
1818,05/09/2013 03:48:00 PM," PROSPECT STREET and SOMERVILLE AVENUE, Somerville, MA",-71.0941078,42.3791063,2,1,2,3,1,3,2,1,1,NA,,1,,NA,NA,NA,NA,NA,NA,NA,NA,NA,NA,NA,NA,NA,NA,NA,1,0,0,4,2,,5,1,NA,0,,4,1,,,NA,NA,NA,NA,NA,NA,NA,NA,NA,NA,NA,NA,NA,NA,0,
1819,05/09/2013 04:45:00 PM,"OAK STREET and PROSPECT STREET, Somerville, MA",-71.0962246,42.3760899,2,1,1,1,1,2,2,1,1,NA,2,5,,NA,NA,NA,NA,NA,NA,NA,NA,NA,NA,NA,NA,NA,NA,NA,0,0,0,NA,,,,1,NA,0,50,4,1,,,NA,NA,NA,NA,NA,NA,NA,NA,NA,NA,NA,NA,NA,NA,0,
1820,05/09/2013 10:00:00 PM," SOMERVILLE AVENUE and CENTRAL STREET, Somerville, MA",-71.1069016,42.3833311,3,2,1,3,1,2,2,1,5,NA,1,1,,NA,NA,NA,NA,NA,NA,NA,NA,NA,NA,NA,NA,NA,NA,NA,0,0,0,NA,,,,0,NA,,,,,,,NA,NA,NA,NA,NA,NA,NA,NA,NA,NA,NA,NA,NA,NA,0,
1821,05/11/2013 03:45:00 AM,"143 POWDER HOUSE BOULEVARD and COLLEGE AVENUE and COLLEGE AVENUE, Somerville, MA",-71.1172064,42.4040151,1,1,4,7,4,1,1,1,97,NA,,,,NA,NA,NA,NA,NA,NA,NA,NA,NA,NA,NA,NA,NA,NA,NA,0,0,1,1,97,Pole,,0,NA,,,,,,,NA,NA,NA,NA,NA,NA,NA,NA,NA,NA,NA,NA,NA,NA,0,
1822,05/12/2013 04:00:00 AM,"107 CROSS STREET, Somerville, MA",-71.0891065,42.3845042,99,2,1,1,1,2,1,1,1,NA,,,,NA,NA,NA,NA,NA,NA,NA,NA,NA,NA,NA,NA,NA,NA,NA,0,0,0,NA,,,,0,NA,,,,,,,NA,NA,NA,NA,NA,NA,NA,NA,NA,NA,NA,NA,NA,NA,0,
1823,05/12/2013 01:27:00 PM,"11 FLINT STREET, Somerville, MA",-71.085323,42.3838656,1,1,1,1,1,4,2,7,99,NA,1,,,NA,NA,NA,NA,NA,NA,NA,NA,NA,NA,NA,NA,NA,NA,NA,0,0,0,NA,,,,0,NA,,,,,,,NA,NA,NA,NA,NA,NA,NA,NA,NA,NA,NA,NA,NA,NA,1,
1824,05/12/2013 05:10:00 PM,"406 HIGHLAND AVENUE, Somerville, MA",-71.1213652,42.3958348,1,1,1,1,4,2,2,1,20,NA,1,1,,NA,NA,NA,NA,NA,NA,NA,NA,NA,NA,NA,NA,NA,NA,NA,0,0,0,NA,,,,0,NA,,,,,,,NA,NA,NA,NA,NA,NA,NA,NA,NA,NA,NA,NA,NA,NA,0,
1825,05/12/2013 05:47:00 PM,"231 HOLLAND STREET, Somerville, MA",-71.1266499,42.4025646,1,1,1,1,1,2,2,2,9,NA,1,1,,NA,NA,NA,NA,NA,NA,NA,NA,NA,NA,NA,NA,NA,NA,NA,0,0,0,NA,,,,1,2,0,40,3,0,1,32,3,0,NA,NA,NA,NA,NA,NA,NA,NA,NA,NA,NA,NA,0,
1826,05/12/2013 10:20:00 PM," LOWELL STREET and MEDFORD STREET, Somerville, MA",-71.1036591,42.396406,1,1,3,3,1,2,2,1,2,10,1,1,,NA,NA,NA,NA,NA,NA,NA,NA,NA,NA,NA,NA,NA,NA,NA,0,0,0,NA,,,,1,1,1,36,3,1,,,NA,NA,NA,NA,NA,NA,NA,NA,NA,NA,NA,NA,NA,NA,0,
1827,05/13/2013 01:35:00 AM,"1188 BROADWAY, Somerville, MA",-71.128438,42.403531,1,1,1,1,1,1,1,1,21,NA,,,,NA,NA,NA,NA,NA,NA,NA,NA,NA,NA,NA,NA,NA,NA,NA,0,0,1,NA,,Light pole,,0,NA,,,,,,,NA,NA,NA,NA,NA,NA,NA,NA,NA,NA,NA,NA,NA,NA,0,
1828,05/13/2013 09:30:00 AM," SOMERVILLE AVENUE and SCHOOL STREET, Somerville, MA",-71.1020177,42.381996,1,1,3,2,1,4,2,1,1,NA,2,3,,NA,NA,NA,NA,NA,NA,NA,NA,NA,NA,NA,NA,NA,NA,NA,0,0,0,NA,,,,0,NA,,,,,,,NA,NA,NA,NA,NA,NA,NA,NA,NA,NA,NA,NA,NA,NA,0,
1829,05/14/2013 05:29:00 PM," ELLSWORTH STREET and CROSS STREET, Somerville, MA",-71.0869684,42.3870626,,,,,,,2,1,1,NA,1,1,,NA,NA,NA,NA,NA,NA,NA,NA,NA,NA,NA,NA,NA,NA,NA,0,0,0,NA,,,,1,NA,0,55,4,1,,,NA,NA,NA,NA,NA,NA,NA,NA,NA,NA,NA,NA,NA,NA,0,
1830,05/14/2013 09:31:00 PM," BLAKELEY AVENUE, Somerville, MA",-71.0862006,42.3905678,,,,,,,1,NA,3,23,,,,NA,NA,NA,NA,NA,NA,NA,NA,NA,NA,NA,NA,NA,NA,NA,0,0,1,NA,,Utility pole,,0,NA,,,,,,,NA,NA,NA,NA,NA,NA,NA,NA,NA,NA,NA,NA,NA,NA,0,
1831,05/14/2013 09:20:00 AM," BEACON STREET and OXFORD STREET, Somerville, MA",-71.1161841,42.3860143,1,1,2,3,1,1,1,2,4,NA,,,,NA,NA,NA,NA,NA,NA,NA,NA,NA,NA,NA,NA,NA,NA,NA,1,0,0,4,2,,5,1,NA,1,31,4,1,,,NA,NA,NA,NA,NA,NA,NA,NA,NA,NA,NA,NA,NA,NA,0,
1832,05/15/2013 07:31:00 AM,"51 SCHOOL STREET, Somerville, MA",-71.1004336,42.3838807,1,1,1,1,4,4,2,2,1,NA,2,99,,NA,NA,NA,NA,NA,NA,NA,NA,NA,NA,NA,NA,NA,NA,NA,0,0,0,NA,,,,0,NA,,,,,,,NA,NA,NA,NA,NA,NA,NA,NA,NA,NA,NA,NA,NA,NA,0,
1833,05/15/2013 02:40:00 PM,"91 HIGHLAND AVENUE, Somerville, MA",-71.098537,42.386787,2,1,1,1,1,4,2,2,1,NA,6,1,,NA,NA,NA,NA,NA,NA,NA,NA,NA,NA,NA,NA,NA,NA,NA,0,0,0,NA,,,,0,NA,,,,,,,NA,NA,NA,NA,NA,NA,NA,NA,NA,NA,NA,NA,NA,NA,1,
1834,05/15/2013 03:20:00 PM,"78 GOVERNOR WINTHROP ROAD, Somerville, MA",-71.0884535,42.3966966,1,1,1,1,1,4,2,2,1,NA,1,9,10,NA,NA,NA,NA,NA,NA,NA,NA,NA,NA,NA,NA,NA,NA,NA,0,0,0,NA,,,,0,NA,,,,,,,NA,NA,NA,NA,NA,NA,NA,NA,NA,NA,NA,NA,NA,NA,0,
1835,05/15/2013 05:00:00 PM," MOSSLAND STREET, Somerville, MA",-71.1161651,42.3875215,1,1,1,1,4,3,1,1,4,NA,,,,NA,NA,NA,NA,NA,NA,NA,NA,NA,NA,NA,NA,NA,NA,NA,1,0,0,4,2,,3,1,NA,0,22,3,0,,,NA,NA,NA,NA,NA,NA,NA,NA,NA,NA,NA,NA,NA,NA,0,
1836,05/16/2013 06:16:00 PM," SOMERVILLE AVENUE and BEECH STREET, Somerville, MA",-71.1079791,42.3835696,1,1,1,3,1,1,1,1,1,NA,,,,NA,NA,NA,NA,NA,NA,NA,NA,NA,NA,NA,NA,NA,NA,NA,1,0,0,4,2,,1,1,NA,1,35,2,1,,,NA,NA,NA,NA,NA,NA,NA,NA,NA,NA,NA,NA,NA,NA,0,
1837,05/17/2013 11:25:00 AM," CHAPEL STREET and COLLEGE AVENUE, Somerville, MA",-71.1205715,42.398705,2,1,2,2,1,3,2,NA,1,NA,,6,,NA,NA,NA,NA,NA,NA,NA,NA,NA,NA,NA,NA,NA,NA,NA,0,0,0,NA,,,,0,NA,,,,,,,NA,NA,NA,NA,NA,NA,NA,NA,NA,NA,NA,NA,NA,NA,0,
1838,05/17/2013 02:27:00 PM,"28 PEARSON ROAD, Somerville, MA",-71.1148453,42.4013682,2,1,1,9,99,6,3,NA,30,NA,,0,,NA,0,NA,NA,NA,NA,NA,NA,NA,NA,NA,NA,NA,NA,NA,0,0,0,NA,,,,0,NA,,,,,,,NA,NA,NA,NA,NA,NA,NA,NA,NA,NA,NA,NA,NA,NA,0,
1839,05/17/2013 08:23:00 PM,"55 DAVIS SQUARE, Somerville, MA",-71.1230124,42.3966479,1,1,5,1,1,1,1,1,4,19,,,,NA,NA,NA,NA,NA,NA,NA,NA,NA,NA,NA,NA,NA,NA,NA,0,1,0,3,1,,5,1,NA,0,31,4,1,,,NA,NA,NA,NA,NA,NA,NA,NA,NA,NA,NA,NA,NA,NA,0,
1840,05/18/2013 09:08:00 PM," WARNER STREET and BROADWAY and POWDER HOUSE BOULEVARD, Somerville, MA",-71.1246937,42.4049572,1,1,3,7,2,1,1,1,1,NA,,,,NA,NA,NA,NA,NA,NA,NA,NA,NA,NA,NA,NA,NA,NA,NA,0,1,0,1,1,,5,1,NA,1,68,2,1,,,NA,NA,NA,NA,NA,NA,NA,NA,NA,NA,NA,NA,NA,NA,0,
1841,05/19/2013 10:41:00 AM," WASHINGTON STREET and MCGRATH HIGHWAY Rte 28 N, Somerville, MA",-71.0893942,42.3804355,1,1,3,8,3,3,1,1,4,NA,,,,NA,NA,NA,NA,NA,NA,NA,NA,NA,NA,NA,NA,NA,NA,NA,1,0,0,4,2,,1,1,NA,0,26,4,0,,,NA,NA,NA,NA,NA,NA,NA,NA,NA,NA,NA,NA,NA,NA,0,
1842,05/21/2013 10:00:00 AM," BROADWAY and MOUNT VERNON STREET, Somerville, MA",-71.0788702,42.3862206,1,1,3,2,1,6,2,1,1,NA,2,6,,NA,NA,NA,NA,NA,NA,NA,NA,NA,NA,NA,NA,NA,NA,NA,0,0,0,NA,,,,0,NA,,,,,,,NA,NA,NA,NA,NA,NA,NA,NA,NA,NA,NA,NA,NA,NA,0,
1843,05/22/2013 08:10:00 AM,"464 BROADWAY, Somerville, MA",-71.1022593,42.396726,2,2,1,1,1,3,2,1,4,NA,1,1,,NA,NA,NA,NA,NA,NA,NA,NA,NA,NA,NA,NA,NA,NA,NA,0,0,0,NA,,,,0,NA,,,,,,,NA,NA,NA,NA,NA,NA,NA,NA,NA,NA,NA,NA,NA,NA,0,
1844,05/22/2013 01:28:00 PM,"23 ELM STREET, Somerville, MA",-71.1140677,42.3870337,2,1,1,1,1,3,2,1,4,NA,2,1,,NA,NA,NA,NA,NA,NA,NA,NA,NA,NA,NA,NA,NA,NA,NA,0,0,0,NA,,,,0,NA,,,,,,,NA,NA,NA,NA,NA,NA,NA,NA,NA,NA,NA,NA,NA,NA,0,
1845,05/24/2013 03:10:00 PM," COLLEGE AVENUE and WINTER STREET, Somerville, MA",-71.1219632,42.3970411,2,1,1,3,2,3,2,1,4,NA,2,1,,NA,NA,NA,NA,NA,NA,NA,NA,NA,NA,NA,NA,NA,NA,NA,0,0,0,NA,,,,0,NA,,,,,,,NA,NA,NA,NA,NA,NA,NA,NA,NA,NA,NA,NA,NA,NA,0,
1846,05/24/2013 07:48:00 PM," PEARL STREET and DANA STREET, Somerville, MA",-71.0908197,42.3866432,3,2,1,3,1,1,1,1,1,NA,,,,NA,NA,NA,NA,NA,NA,NA,NA,NA,NA,NA,NA,NA,NA,NA,1,0,0,4,2,,5a,1,NA,1,19,3,1,,,NA,NA,NA,NA,NA,NA,NA,NA,NA,NA,NA,NA,NA,NA,0,
1847,05/25/2013 03:00:00 AM," HIGHLAND AVENUE and HAMLET STREET, Somerville, MA",-71.0926238,42.3845416,36,2,5,4,1,4,1,1,1,NA,,,,NA,NA,NA,NA,NA,NA,NA,NA,NA,NA,NA,NA,NA,NA,NA,0,0,1,NA,,Street sign,,0,NA,,,,,,,NA,NA,NA,NA,NA,NA,NA,NA,NA,NA,NA,NA,NA,NA,0,
1848,05/25/2013 08:10:00 AM,"30 COLLEGE AVENUE, Somerville, MA",-71.1220665,42.3974028,23,2,1,1,2,4,3,1,4,NA,8,1,,2,1,NA,NA,NA,NA,NA,NA,NA,NA,NA,NA,NA,NA,NA,0,0,0,NA,,,,0,NA,,,,,,,NA,NA,NA,NA,NA,NA,NA,NA,NA,NA,NA,NA,NA,NA,0,
1849,05/25/2013 11:53:00 AM," WASHINGTON STREET and LINE STREET, Somerville, MA",-71.1072776,42.3780914,23,2,2,3,1,2,2,2,7,NA,2,1,,NA,NA,NA,NA,NA,NA,NA,NA,NA,NA,NA,NA,NA,NA,NA,0,0,0,NA,,,,0,NA,,,,,,,NA,NA,NA,NA,NA,NA,NA,NA,NA,NA,NA,NA,NA,NA,0,
1850,05/26/2013 12:25:00 PM,"16 CRESCENT STREET, Somerville, MA",-71.0808076,42.3826625,2,1,1,1,4,3,2,1,1,NA,1,97,,NA,NA,NA,NA,NA,NA,NA,NA,NA,NA,NA,NA,NA,NA,NA,0,0,0,NA,,,,1,2,0,,4,0,0,63,4,0,NA,NA,NA,NA,NA,NA,NA,NA,NA,NA,NA,NA,0,