id,date_time,address,lon,lat,Weather,road_surface,traffic_control_device,intersection_type,traffic_way_desc,collision_manner,num_involved_vehicles,vehicle1_configuration,driver1_contrib1,driver1_contrib2,vehicle2_configuration,driver2_contrib1,driver2_contrib2,vehicle3_configuration,driver3_contrib1,driver3_contrib2,vehicle4_configuration,driver4_contrib1,driver4_contrib2,vehicle5_configuration,driver5_contrib1,driver5_contrib2,vehicle6_configuration,driver6_contrib1,driver6_contrib2,vehicle7_configuration,driver7_contrib1,driver7_contrib2,Bicycle,Pedestrian,non_mv,non_motorist_location,non_motorist_action,non_motorist_type,manner_of_non_motorist_collision,Injury,Multiple,Gender1,Age1,Severity1,Hospital1,Gender2,Age2,Severity2,Hospital2,Gender3,Age3,Severity3,Hospital3,Gender4,Age4,Severity4,Hospital4,Gender5,Age5,Severity5,Hospital5,city_vehicle,Notes
1851,05/28/2013 05:04:00 PM,"393 HIGHLAND AVENUE, Somerville, MA",-71.1198745,42.3958133,,,,,,,2,1,1,NA,2,1,,NA,NA,NA,NA,NA,NA,NA,NA,NA,NA,NA,NA,NA,NA,NA,0,0,0,NA,,,,0,NA,,,,,,,NA,NA,NA,NA,NA,NA,NA,NA,NA,NA,NA,NA,NA,NA,0,
1852,05/28/2013 04:07:00 PM," PEARL STREET and CROSS STREET, Somerville, MA",-71.0878325,42.3857024,1,1,3,2,1,1,1,1,4,19,,,,NA,NA,NA,NA,NA,NA,NA,NA,NA,NA,NA,NA,NA,NA,NA,0,1,0,1,1,,2,1,NA,1,23,3,0,,,NA,NA,NA,NA,NA,NA,NA,NA,NA,NA,NA,NA,NA,NA,0,
1853,05/29/2013 06:24:00 PM," BROADWAY and GRANT STREET, Somerville, MA",-71.0917969,42.3915907,2,1,1,3,2,2,2,1,5,19,1,1,,NA,NA,NA,NA,NA,NA,NA,NA,NA,NA,NA,NA,NA,NA,NA,0,0,0,NA,,,,1,NA,0,41,4,1,,,NA,NA,NA,NA,NA,NA,NA,NA,NA,NA,NA,NA,NA,NA,0,
1854,05/29/2013 07:44:00 PM,"393 HIGHLAND AVENUE, Somerville, MA",-71.1198745,42.3958133,1,1,1,1,4,4,2,1,1,NA,1,1,,NA,NA,NA,NA,NA,NA,NA,NA,NA,NA,NA,NA,NA,NA,NA,0,0,0,NA,,,,0,NA,,,,,,,NA,NA,NA,NA,NA,NA,NA,NA,NA,NA,NA,NA,NA,NA,0,
1855,05/29/2013 10:10:00 PM," BROADWAY and MEDFORD STREET, Somerville, MA",-71.1043116,42.3973445,3,2,3,8,3,1,2,1,1,NA,1,1,,NA,NA,NA,NA,NA,NA,NA,NA,NA,NA,NA,NA,NA,NA,NA,0,0,0,NA,,,,1,NA,1,31,4,1,,,NA,NA,NA,NA,NA,NA,NA,NA,NA,NA,NA,NA,NA,NA,0,
1856,05/30/2013 01:35:00 AM," CENTRAL STREET and VERNON STREET, Somerville, MA",-71.1015146,42.3911489,23,2,2,2,1,5,2,2,99,NA,2,99,,NA,NA,NA,NA,NA,NA,NA,NA,NA,NA,NA,NA,NA,NA,NA,0,0,0,NA,,,,1,NA,1,45,99,1,,,NA,NA,NA,NA,NA,NA,NA,NA,NA,NA,NA,NA,NA,NA,0,
1857,05/30/2013 01:40:00 PM,"96 WILLOW AVENUE, Somerville, MA",-71.1168397,42.3944201,1,1,3,1,2,4,2,1,10,NA,2,1,,NA,NA,NA,NA,NA,NA,NA,NA,NA,NA,NA,NA,NA,NA,NA,0,0,0,NA,,,,0,NA,,,,,,,NA,NA,NA,NA,NA,NA,NA,NA,NA,NA,NA,NA,NA,NA,1,
1858,05/30/2013 04:46:00 PM," DANE STREET, Somerville, MA",-71.1043636,42.3808559,1,1,1,1,1,3,2,1,4,NA,1,1,,NA,NA,NA,NA,NA,NA,NA,NA,NA,NA,NA,NA,NA,NA,NA,0,0,0,NA,,,,0,NA,,,,,,,NA,NA,NA,NA,NA,NA,NA,NA,NA,NA,NA,NA,NA,NA,0,
1859,05/30/2013 06:24:00 PM," SOMERVILLE AVENUE and SPRING STREET, Somerville, MA",-71.109476,42.3839008,1,1,1,3,1,1,1,1,4,NA,,,,NA,NA,NA,NA,NA,NA,NA,NA,NA,NA,NA,NA,NA,NA,NA,1,0,0,4,2,,5,1,NA,,,,,,,NA,NA,NA,NA,NA,NA,NA,NA,NA,NA,NA,NA,NA,NA,0,
1860,05/31/2013 07:41:00 AM,"ADAMS STREET and MEDFORD STREET, Somerville, MA",-71.1011739,42.3932483,1,1,2,3,1,3,2,1,4,NA,1,1,,NA,NA,NA,NA,NA,NA,NA,NA,NA,NA,NA,NA,NA,NA,NA,0,0,0,NA,,,,0,NA,,,,,,,NA,NA,NA,NA,NA,NA,NA,NA,NA,NA,NA,NA,NA,NA,0,
1861,05/31/2013 05:55:00 PM,"WILLOW AVENUE and BROADWAY, Somerville, MA",-71.1127004,42.4001,1,1,3,3,1,2,2,1,5,19,2,1,,NA,NA,NA,NA,NA,NA,NA,NA,NA,NA,NA,NA,NA,NA,NA,0,0,0,NA,,,,1,NA,1,76,3,1,,,NA,NA,NA,NA,NA,NA,NA,NA,NA,NA,NA,NA,NA,NA,0,
1862,05/31/2013 09:20:00 PM," WASHINGTON STREET and COLUMBUS AVENUE, Somerville, MA",-71.0930682,42.3795065,1,1,1,3,1,3,2,1,19,NA,2,1,,NA,NA,NA,NA,NA,NA,NA,NA,NA,NA,NA,NA,NA,NA,NA,0,0,0,NA,,,,0,NA,,,,,,,NA,NA,NA,NA,NA,NA,NA,NA,NA,NA,NA,NA,NA,NA,0,
1863,06/01/2013 11:31:00 AM,"180 SOMERVILLE AVENUE, Somerville, MA",-71.0904322,42.3764299,1,1,1,1,1,3,2,1,1,NA,,4,,NA,NA,NA,NA,NA,NA,NA,NA,NA,NA,NA,NA,NA,NA,NA,0,0,0,NA,,,,0,NA,,,,,,,NA,NA,NA,NA,NA,NA,NA,NA,NA,NA,NA,NA,NA,NA,0,
1864,06/02/2013 03:17:00 AM," WASHINGTON STREET and BONNER AVENUE, Somerville, MA",-71.0939847,42.3795851,1,1,4,3,1,4,2,NA,NA,NA,,,,NA,NA,NA,NA,NA,NA,NA,NA,NA,NA,NA,NA,NA,NA,NA,0,0,0,NA,,,,0,NA,,,,,,,NA,NA,NA,NA,NA,NA,NA,NA,NA,NA,NA,NA,NA,NA,0,
1865,06/02/2013 05:57:00 AM," SOMERVILLE AVENUE and MCGRATH HIGHWAY, Somerville, MA",-71.0861237,42.3756473,1,1,3,2,4,3,2,1,1,NA,2,4,,NA,NA,NA,NA,NA,NA,NA,NA,NA,NA,NA,NA,NA,NA,NA,0,0,0,NA,,,,0,NA,,,,,,,NA,NA,NA,NA,NA,NA,NA,NA,NA,NA,NA,NA,NA,NA,0,
1866,06/03/2013 07:12:00 AM,"167 WALNUT STREET, Somerville, MA",-71.0913813,42.3900881,23,2,1,1,4,3,2,1,1,NA,1,99,,NA,NA,NA,NA,NA,NA,NA,NA,NA,NA,NA,NA,NA,NA,NA,0,0,0,NA,,,,0,NA,,,,,,,NA,NA,NA,NA,NA,NA,NA,NA,NA,NA,NA,NA,NA,NA,0,
1867,06/03/2013 09:00:00 PM," POWDER HOUSE SQUARE, Somerville, MA",-71.1164661,42.4000893,2,1,4,8,1,4,2,1,1,NA,2,4,,NA,NA,NA,NA,NA,NA,NA,NA,NA,NA,NA,NA,NA,NA,NA,0,0,0,NA,,,,0,NA,,,,,,,NA,NA,NA,NA,NA,NA,NA,NA,NA,NA,NA,NA,NA,NA,0,
1868,06/04/2013 06:53:00 AM," BROADWAY and CENTRAL STREET, Somerville, MA",-71.0986355,42.395264,1,1,2,3,1,3,2,1,1,NA,1,1,,NA,NA,NA,NA,NA,NA,NA,NA,NA,NA,NA,NA,NA,NA,NA,0,0,0,NA,,,,0,NA,,,,,,,NA,NA,NA,NA,NA,NA,NA,NA,NA,NA,NA,NA,NA,NA,0,
1869,06/04/2013 09:10:00 AM,"40 BEACON STREET, Somerville, MA",-71.103185,42.3752629,1,1,1,1,1,3,1,1,1,NA,,,,NA,NA,NA,NA,NA,NA,NA,NA,NA,NA,NA,NA,NA,NA,NA,1,0,0,4,2,,3,1,NA,1,30,3,0,,,NA,NA,NA,NA,NA,NA,NA,NA,NA,NA,NA,NA,NA,NA,0,
1870,06/04/2013 03:20:00 PM," BOW STREET and SUMMER STREET, Somerville, MA",-71.0983021,42.3816555,1,1,3,4,4,4,1,2,1,NA,,,,NA,NA,NA,NA,NA,NA,NA,NA,NA,NA,NA,NA,NA,NA,NA,1,0,0,4,2,,7,1,NA,1,45,3,0,,,NA,NA,NA,NA,NA,NA,NA,NA,NA,NA,NA,NA,NA,NA,0,
1871,06/06/2013 09:08:00 AM,"16 BEACON STREET, Somerville, MA",-71.1025604,42.374749,1,1,1,1,1,3,1,1,19,NA,,,,NA,NA,NA,NA,NA,NA,NA,NA,NA,NA,NA,NA,NA,NA,NA,1,0,0,10,2,,2,1,NA,0,25,4,0,,,NA,NA,NA,NA,NA,NA,NA,NA,NA,NA,NA,NA,NA,NA,0,
1872,06/06/2013 05:11:00 PM," WASHINGTON STREET and TUFTS STREET, Somerville, MA",-71.0875544,42.3809863,1,1,1,3,1,3,2,1,4,NA,2,1,,NA,NA,NA,NA,NA,NA,NA,NA,NA,NA,NA,NA,NA,NA,NA,0,0,0,NA,,,,1,NA,0,31,4,1,,,NA,NA,NA,NA,NA,NA,NA,NA,NA,NA,NA,NA,NA,NA,0,
1873,06/07/2013 12:00:00 PM," PROSPECT STREET and SOMERVILLE AVENUE, Somerville, MA",-71.0941078,42.3791063,23,2,3,2,1,2,2,1,99,NA,1,5,,NA,NA,NA,NA,NA,NA,NA,NA,NA,NA,NA,NA,NA,NA,NA,0,0,0,NA,,,,1,NA,1,28,4,1,,,NA,NA,NA,NA,NA,NA,NA,NA,NA,NA,NA,NA,NA,NA,0,
1874,06/07/2013 05:05:00 PM," BROADWAY and MCGRATH HIGHWAY, Somerville, MA",-71.0880963,42.3897397,3,2,3,2,2,1,2,1,19,NA,2,1,,NA,NA,NA,NA,NA,NA,NA,NA,NA,NA,NA,NA,NA,NA,NA,0,0,0,NA,,,,1,NA,0,,3,0,,,NA,NA,NA,NA,NA,NA,NA,NA,NA,NA,NA,NA,NA,NA,0,
1875,06/08/2013 01:45:00 AM," BOW STREET and WESLEY PARK, Somerville, MA",-71.0977567,42.3816491,1,1,1,4,4,2,1,2,99,NA,,,,NA,NA,NA,NA,NA,NA,NA,NA,NA,NA,NA,NA,NA,NA,NA,1,0,0,4,2,,1,0,NA,,,,,,,NA,NA,NA,NA,NA,NA,NA,NA,NA,NA,NA,NA,NA,NA,0,
1876,06/12/2013 06:45:00 AM," SUMMER STREET and CEDAR STREET, Somerville, MA",-71.1136266,42.3904869,1,2,3,2,1,3,2,1,3,NA,2,1,,NA,NA,NA,NA,NA,NA,NA,NA,NA,NA,NA,NA,NA,NA,NA,0,0,0,NA,,,,0,NA,,,,,,,NA,NA,NA,NA,NA,NA,NA,NA,NA,NA,NA,NA,NA,NA,0,
1877,06/12/2013 05:47:00 PM," SOMERVILLE AVENUE and DANE STREET, Somerville, MA",-71.1034094,42.3824407,2,1,3,3,1,3,2,2,1,NA,97,1,,NA,NA,NA,NA,NA,NA,NA,NA,NA,NA,NA,NA,NA,NA,NA,0,0,0,NA,,,,1,NA,0,32,4,0,,,NA,NA,NA,NA,NA,NA,NA,NA,NA,NA,NA,NA,NA,NA,0,
1878,06/13/2013 03:00:00 AM,"36 HAMLET STREET, Somerville, MA",-71.093186,42.3833421,1,1,1,1,1,3,2,NA,10,NA,,1,,NA,NA,NA,NA,NA,NA,NA,NA,NA,NA,NA,NA,NA,NA,NA,0,0,0,NA,,,,0,NA,,,,,,,NA,NA,NA,NA,NA,NA,NA,NA,NA,NA,NA,NA,NA,NA,0,
1879,06/13/2013 04:16:00 PM," BROADWAY and CURTIS STREET, Somerville, MA",-71.1272773,42.4033029,3,2,3,3,1,3,2,2,99,NA,2,99,,NA,NA,NA,NA,NA,NA,NA,NA,NA,NA,NA,NA,NA,NA,NA,0,0,0,NA,,,,0,NA,,,,,,,NA,NA,NA,NA,NA,NA,NA,NA,NA,NA,NA,NA,NA,NA,0,
1880,06/13/2013 06:16:00 PM," MOUNT VERNON STREET and BROADWAY, Somerville, MA",-71.0788702,42.3862206,,,,,,,2,NA,1,NA,,3,,NA,NA,NA,NA,NA,NA,NA,NA,NA,NA,NA,NA,NA,NA,NA,0,0,0,NA,,,,0,NA,,,,,,,NA,NA,NA,NA,NA,NA,NA,NA,NA,NA,NA,NA,NA,NA,1,
1881,06/13/2013 11:15:00 PM," OXFORD STREET and BEACON STREET, Somerville, MA",-71.1161841,42.3860143,,,,,,,2,1,1,NA,97,1,,NA,NA,NA,NA,NA,NA,NA,NA,NA,NA,NA,NA,NA,NA,NA,1,0,0,4,1,,6,0,NA,,,,,,,NA,NA,NA,NA,NA,NA,NA,NA,NA,NA,NA,NA,NA,NA,0,
1882,06/15/2013 09:07:00 AM,"136 COLLEGE AVENUE, Somerville, MA",-71.1174847,42.4005883,1,1,1,1,2,4,2,NA,19,NA,,1,,NA,NA,NA,NA,NA,NA,NA,NA,NA,NA,NA,NA,NA,NA,NA,0,0,0,NA,,,,0,NA,,,,,,,NA,NA,NA,NA,NA,NA,NA,NA,NA,NA,NA,NA,NA,NA,0,
1883,06/16/2013 12:38:00 PM,"212 BROADWAY, Somerville, MA",-71.088149,42.389341,1,1,1,99,99,99,1,1,99,NA,,,,NA,NA,NA,NA,NA,NA,NA,NA,NA,NA,NA,NA,NA,NA,NA,0,1,0,5,97,,8,1,NA,0,49,4,0,,,NA,NA,NA,NA,NA,NA,NA,NA,NA,NA,NA,NA,NA,NA,0,
1884,06/17/2013 12:00:00 AM," COLUMBUS AVENUE and WASHINGTON STREET, Somerville, MA",-71.0930682,42.3795065,1,1,1,1,1,1,1,8,6,NA,,,,NA,NA,NA,NA,NA,NA,NA,NA,NA,NA,NA,NA,NA,NA,NA,0,0,1,NA,,Fire hydrant,,0,NA,,,,,,,NA,NA,NA,NA,NA,NA,NA,NA,NA,NA,NA,NA,NA,NA,0,
1885,06/17/2013 09:28:00 AM," SUMMER STREET and GREENE STREET, Somerville, MA",-71.1029969,42.3852989,1,1,1,3,1,2,2,1,97,NA,1,1,,NA,NA,NA,NA,NA,NA,NA,NA,NA,NA,NA,NA,NA,NA,NA,0,0,0,NA,,,,0,NA,,,,,,,NA,NA,NA,NA,NA,NA,NA,NA,NA,NA,NA,NA,NA,NA,0,
1886,06/17/2013 02:17:00 PM," MASON STREET and WHITMAN STREET, Somerville, MA",-71.1223065,42.402041,1,1,2,3,1,1,1,2,1,NA,,,,NA,NA,NA,NA,NA,NA,NA,NA,NA,NA,NA,NA,NA,NA,NA,1,0,0,4,2,,5a,1,NA,1,20,3,1,,,NA,NA,NA,NA,NA,NA,NA,NA,NA,NA,NA,NA,NA,NA,0,
1887,06/19/2013 09:49:00 PM," HIGHLAND AVENUE and CEDAR STREET, Somerville, MA",-71.1124128,42.3922125,1,1,3,3,1,1,1,1,1,NA,,,,NA,NA,NA,NA,NA,NA,NA,NA,NA,NA,NA,NA,NA,NA,NA,0,1,0,1,2,,1,0,NA,,,,,,,NA,NA,NA,NA,NA,NA,NA,NA,NA,NA,NA,NA,NA,NA,0,
1888,06/19/2013 06:42:00 PM," SOMERVILLE AVENUE and CENTRAL STREET, Somerville, MA",-71.1069016,42.3833311,1,1,1,3,1,1,1,2,4,NA,,,,NA,NA,NA,NA,NA,NA,NA,NA,NA,NA,NA,NA,NA,NA,NA,1,0,0,4,2,,1,1,NA,0,22,4,0,,,NA,NA,NA,NA,NA,NA,NA,NA,NA,NA,NA,NA,NA,NA,0,
1889,06/20/2013 10:00:00 AM,"161 BOSTON AVENUE, Somerville, MA",-71.1110547,42.3991851,1,1,3,1,1,2,5,2,99,NA,2,1,,1,1,NA,2,1,NA,6,1,NA,NA,NA,NA,NA,NA,NA,0,0,0,NA,,,,0,NA,,,,,,,NA,NA,NA,NA,NA,NA,NA,NA,NA,NA,NA,NA,NA,NA,0,
1890,06/20/2013 10:40:00 PM," BROADWAY and MEDFORD STREET, Somerville, MA",-71.1043116,42.3973445,12,1,3,2,,1,1,1,99,NA,,,,NA,NA,NA,NA,NA,NA,NA,NA,NA,NA,NA,NA,NA,NA,NA,0,1,0,1,1,,2,1,NA,0,25,3,1,,,NA,NA,NA,NA,NA,NA,NA,NA,NA,NA,NA,NA,NA,NA,0,
1891,06/21/2013 12:30:00 PM," CENTRAL STREET and HUDSON STREET, Somerville, MA",-71.1028442,42.3892476,1,1,2,3,1,3,2,1,4,NA,2,1,,NA,NA,NA,NA,NA,NA,NA,NA,NA,NA,NA,NA,NA,NA,NA,0,0,0,NA,,,,0,NA,,,,,,,NA,NA,NA,NA,NA,NA,NA,NA,NA,NA,NA,NA,NA,NA,0,
1892,06/22/2013 11:56:00 AM,"280 BROADWAY, Somerville, MA",-71.0918036,42.3913411,1,1,1,1,3,2,2,2,99,NA,1,99,,NA,NA,NA,NA,NA,NA,NA,NA,NA,NA,NA,NA,NA,NA,NA,0,0,0,NA,,,,0,NA,,,,,,,NA,NA,NA,NA,NA,NA,NA,NA,NA,NA,NA,NA,NA,NA,1,
1893,06/22/2013 03:04:00 PM," SOMERVILLE AVENUE and CENTRAL STREET, Somerville, MA",-71.1069016,42.3833311,1,1,1,3,2,2,2,2,1,NA,1,5,,NA,NA,NA,NA,NA,NA,NA,NA,NA,NA,NA,NA,NA,NA,NA,0,0,0,NA,,,,0,NA,,,,,,,NA,NA,NA,NA,NA,NA,NA,NA,NA,NA,NA,NA,NA,NA,0,
1894,06/22/2013 05:45:00 PM," BROADWAY and SARGENT AVENUE, Somerville, MA",-71.091949,42.3916851,1,1,1,1,3,4,2,1,1,NA,,,,NA,NA,NA,NA,NA,NA,NA,NA,NA,NA,NA,NA,NA,NA,NA,0,0,0,NA,,,,0,NA,,,,,,,NA,NA,NA,NA,NA,NA,NA,NA,NA,NA,NA,NA,NA,NA,0,
1895,06/23/2013 01:30:00 AM,"87 WALLACE STREET, Somerville, MA",-71.1211825,42.4003519,1,1,1,1,4,6,4,1,NA,NA,1,10,,1,NA,NA,1,NA,NA,NA,NA,NA,NA,NA,NA,NA,NA,NA,0,0,0,NA,,,,0,NA,,,,,,,NA,NA,NA,NA,NA,NA,NA,NA,NA,NA,NA,NA,NA,NA,0,
1896,06/23/2013 07:30:00 AM," SOMERVILLE AVENUE and PROSPECT STREET, Somerville, MA",-71.0941078,42.3791063,1,1,3,2,,6,2,2,3,NA,1,3,,NA,NA,NA,NA,NA,NA,NA,NA,NA,NA,NA,NA,NA,NA,NA,0,0,0,NA,,,,0,NA,,,,,,,NA,NA,NA,NA,NA,NA,NA,NA,NA,NA,NA,NA,NA,NA,0,
1897,06/25/2013 08:34:00 AM,"BEACON STREET and PARK STREET, Somerville, MA",-71.0632255,42.3577002,1,1,3,2,1,2,3,1,1,NA,2,,,1,1,NA,NA,NA,NA,NA,NA,NA,NA,NA,NA,NA,NA,NA,0,0,0,NA,,,,0,NA,,,,,,,NA,NA,NA,NA,NA,NA,NA,NA,NA,NA,NA,NA,NA,NA,0,
1898,06/25/2013 07:04:00 PM," FLINT STREET and GLEN STREET, Somerville, MA",-71.0865946,42.3842428,,,,,,,2,1,3,NA,2,1,,NA,NA,NA,NA,NA,NA,NA,NA,NA,NA,NA,NA,NA,NA,NA,0,0,0,NA,,,,0,NA,,,,,,,NA,NA,NA,NA,NA,NA,NA,NA,NA,NA,NA,NA,NA,NA,0,
1899,06/25/2013 04:37:00 PM," TEN HILLS ROAD and PUTNAM ROAD, Somerville, MA",-71.0853692,42.3963527,,,,,,,1,1,1,NA,,,,NA,NA,NA,NA,NA,NA,NA,NA,NA,NA,NA,NA,NA,NA,NA,1,0,0,4,1,,5,1,NA,0,53,4,1,,,NA,NA,NA,NA,NA,NA,NA,NA,NA,NA,NA,NA,NA,NA,0,
1901,06/26/2013 02:39:00 PM," BENNETT STREET and PROSPECT STREET, Somerville, MA",-71.0948423,42.378024,,,,,,,2,1,4,NA,1,1,,NA,NA,NA,NA,NA,NA,NA,NA,NA,NA,NA,NA,NA,NA,NA,0,0,0,NA,,,,0,NA,,,,,,,NA,NA,NA,NA,NA,NA,NA,NA,NA,NA,NA,NA,NA,NA,0,
1902,06/26/2013 03:25:00 PM,"90 SOMERVILLE AVENUE, Somerville, MA",-71.0892535,42.3772698,,,,,,,3,2,19,NA,2,1,,2,1,NA,NA,NA,NA,NA,NA,NA,NA,NA,NA,NA,NA,NA,0,0,0,NA,,,,0,NA,,,,,,,NA,NA,NA,NA,NA,NA,NA,NA,NA,NA,NA,NA,NA,NA,0,
1903,06/26/2013 06:05:00 PM,"220 WASHINGTON STREET, Somerville, MA",-71.0923918,42.3789618,1,1,1,1,2,2,2,NA,NA,NA,1,1,,NA,NA,NA,NA,NA,NA,NA,NA,NA,NA,NA,NA,NA,NA,NA,0,0,0,NA,,,,1,NA,1,35,3,0,,,NA,NA,NA,NA,NA,NA,NA,NA,NA,NA,NA,NA,NA,NA,0,
1904,06/28/2013 12:00:00 PM,"600 MYSTIC VALLEY PARKWAY, Somerville, MA",-71.1280458,42.4168071,2,2,1,1,1,3,2,2,NA,NA,2,,,NA,NA,NA,NA,NA,NA,NA,NA,NA,NA,NA,NA,NA,NA,NA,0,0,0,NA,,,,0,NA,,,,,,,NA,NA,NA,NA,NA,NA,NA,NA,NA,NA,NA,NA,NA,NA,0,
1905,06/28/2013 03:47:00 PM," CROSS STREET and PEARL STREET, Somerville, MA",-71.0878325,42.3857024,1,1,3,2,1,3,2,1,1,NA,1,99,,NA,NA,NA,NA,NA,NA,NA,NA,NA,NA,NA,NA,NA,NA,NA,0,0,0,NA,,,,1,2,0,25,3,1,0,28,3,1,NA,NA,NA,NA,NA,NA,NA,NA,NA,NA,NA,NA,0,
1906,06/29/2013 09:29:00 AM,"79 HIGHLAND AVENUE, Somerville, MA",-71.0943955,42.385793,2,1,1,1,1,3,3,1,1,NA,2,4,,NA,NA,NA,NA,NA,NA,NA,NA,NA,NA,NA,NA,NA,NA,NA,0,0,0,NA,,,,0,NA,,,,,,,NA,NA,NA,NA,NA,NA,NA,NA,NA,NA,NA,NA,NA,NA,0,
1907,06/29/2013 05:25:00 PM,"247 HIGHLAND AVENUE, Somerville, MA",-71.1097808,42.3912368,1,1,1,1,1,3,2,1,1,NA,1,1,,NA,NA,NA,NA,NA,NA,NA,NA,NA,NA,NA,NA,NA,NA,NA,0,0,0,NA,,,,1,2,0,60,3,1,0,,3,1,NA,NA,NA,NA,NA,NA,NA,NA,NA,NA,NA,NA,0,
1908,06/30/2013 12:00:00 PM," SOMERVILLE AVENUE and CRAIGIE STREET, Somerville, MA",-71.1128913,42.3852149,1,1,2,3,1,4,1,NA,97,NA,,,,NA,NA,NA,NA,NA,NA,NA,NA,NA,NA,NA,NA,NA,NA,NA,1,0,0,4,2,,1,0,NA,,,,,,,NA,NA,NA,NA,NA,NA,NA,NA,NA,NA,NA,NA,NA,NA,0,
1909,06/30/2013 06:28:00 PM,"30 COLLEGE AVENUE, Somerville, MA",-71.1220665,42.3974028,1,1,1,1,1,4,1,2,4,19,,,,NA,NA,NA,NA,NA,NA,NA,NA,NA,NA,NA,NA,NA,NA,NA,1,0,0,4,2,,3,1,NA,1,25,2,1,,,NA,NA,NA,NA,NA,NA,NA,NA,NA,NA,NA,NA,NA,NA,0,
1910,07/01/2013 11:39:00 AM,"21 MONROE STREET, Somerville, MA",-71.0921142,42.3809451,1,1,1,1,1,4,2,NA,NA,NA,,,,NA,NA,NA,NA,NA,NA,NA,NA,NA,NA,NA,NA,NA,NA,NA,0,0,0,NA,,,,0,NA,,,,,,,NA,NA,NA,NA,NA,NA,NA,NA,NA,NA,NA,NA,NA,NA,0,
1911,07/01/2013 06:24:00 PM,"5 BEACON STREET, Somerville, MA",-71.101562,42.374659,197,1,1,1,2,2,2,2,99,NA,1,1,,NA,NA,NA,NA,NA,NA,NA,NA,NA,NA,NA,NA,NA,NA,NA,0,0,0,NA,,,,1,3,1,64,4,0,1,54,4,0,1,32,4,0,NA,NA,NA,NA,NA,NA,NA,NA,0,
1912,07/01/2013 08:05:00 PM,"273 WASHINGTON STREET, Somerville, MA",-71.09759,42.379782,197,1,1,1,2,2,2,2,1,NA,1,99,,NA,NA,NA,NA,NA,NA,NA,NA,NA,NA,NA,NA,NA,NA,NA,0,0,0,NA,,,,1,2,1,25,4,0,0,31,4,0,NA,NA,NA,NA,NA,NA,NA,NA,NA,NA,NA,NA,0,
1913,07/02/2013 05:11:00 AM," BROADWAY and BELKNAP STREET, Somerville, MA",-71.1301662,42.4051142,2,1,1,3,1,4,3,1,NA,NA,1,1,,1,1,NA,NA,NA,NA,NA,NA,NA,NA,NA,NA,NA,NA,NA,0,0,0,NA,,,,0,NA,,,,,,,NA,NA,NA,NA,NA,NA,NA,NA,NA,NA,NA,NA,NA,NA,0,
1914,07/02/2013 05:30:00 AM," WASHINGTON STREET and WEBSTER AVENUE, Somerville, MA",-71.0964021,42.3796323,1,1,3,2,2,2,2,NA,NA,NA,,,,NA,NA,NA,NA,NA,NA,NA,NA,NA,NA,NA,NA,NA,NA,NA,0,0,0,NA,,,,0,NA,,,,,,,NA,NA,NA,NA,NA,NA,NA,NA,NA,NA,NA,NA,NA,NA,0,
1915,07/02/2013 11:00:00 AM,"32 CAMERON AVENUE, Somerville, MA",-71.1271848,42.3998544,2,1,1,1,1,6,2,NA,NA,NA,,,,NA,NA,NA,NA,NA,NA,NA,NA,NA,NA,NA,NA,NA,NA,NA,0,0,0,NA,,,,0,NA,,,,,,,NA,NA,NA,NA,NA,NA,NA,NA,NA,NA,NA,NA,NA,NA,0,
1916,07/02/2013 11:11:00 AM," HIGHLAND AVENUE and WALNUT STREET, Somerville, MA",-71.0941672,42.3851419,2,1,3,2,1,3,2,1,3,NA,1,1,,NA,NA,NA,NA,NA,NA,NA,NA,NA,NA,NA,NA,NA,NA,NA,0,0,0,NA,,,,1,NA,0,6,3,1,,,NA,NA,NA,NA,NA,NA,NA,NA,NA,NA,NA,NA,NA,NA,0,
1917,07/02/2013 01:03:00 PM," WILLOW AVENUE and MORRISON AVENUE, Somerville, MA",-71.1157237,42.3956925,2,1,2,2,1,3,2,1,18,NA,1,1,,NA,NA,NA,NA,NA,NA,NA,NA,NA,NA,NA,NA,NA,NA,NA,0,0,0,NA,,,,0,NA,,,,,,,NA,NA,NA,NA,NA,NA,NA,NA,NA,NA,NA,NA,NA,NA,0,
1918,07/02/2013 04:19:00 PM," BROADWAY and DICKSON STREET, Somerville, MA",-71.1286642,42.403998,,,,,,,2,1,NA,NA,2,,,NA,NA,NA,NA,NA,NA,NA,NA,NA,NA,NA,NA,NA,NA,NA,0,0,0,NA,,,,0,NA,,,,,,,NA,NA,NA,NA,NA,NA,NA,NA,NA,NA,NA,NA,NA,NA,0,
1919,07/02/2013 04:44:00 PM,"400 BROADWAY, Somerville, MA",-71.0986457,42.3952524,,,,,,,3,1,5,NA,2,,,2,NA,NA,NA,NA,NA,NA,NA,NA,NA,NA,NA,NA,NA,NA,0,0,0,NA,,,,1,4,1,28,4,0,1,29,4,0,0,34,4,0,1,41,4,0,NA,NA,NA,NA,0,
1920,07/03/2013 06:40:00 AM," MEDFORD STREET and LOWELL STREET, Somerville, MA",-71.1036591,42.396406,1,1,3,3,1,3,2,1,4,NA,1,1,,NA,NA,NA,NA,NA,NA,NA,NA,NA,NA,NA,NA,NA,NA,NA,0,0,0,NA,,,,1,NA,1,61,4,0,,,NA,NA,NA,NA,NA,NA,NA,NA,NA,NA,NA,NA,NA,NA,0,