id,date_time,address,lon,lat,Weather,road_surface,traffic_control_device,intersection_type,traffic_way_desc,collision_manner,num_involved_vehicles,vehicle1_configuration,driver1_contrib1,driver1_contrib2,vehicle2_configuration,driver2_contrib1,driver2_contrib2,vehicle3_configuration,driver3_contrib1,driver3_contrib2,vehicle4_configuration,driver4_contrib1,driver4_contrib2,vehicle5_configuration,driver5_contrib1,driver5_contrib2,vehicle6_configuration,driver6_contrib1,driver6_contrib2,vehicle7_configuration,driver7_contrib1,driver7_contrib2,Bicycle,Pedestrian,non_mv,non_motorist_location,non_motorist_action,non_motorist_type,manner_of_non_motorist_collision,Injury,Multiple,Gender1,Age1,Severity1,Hospital1,Gender2,Age2,Severity2,Hospital2,Gender3,Age3,Severity3,Hospital3,Gender4,Age4,Severity4,Hospital4,Gender5,Age5,Severity5,Hospital5,city_vehicle,Notes
1921,07/03/2013 01:47:00 PM," PEARL STREET and CROSS STREET, Somerville, MA",-71.0878325,42.3857024,1,1,3,2,1,4,2,10,1,NA,2,97,,NA,NA,NA,NA,NA,NA,NA,NA,NA,NA,NA,NA,NA,NA,NA,0,0,0,NA,,,,0,NA,,,,,,,NA,NA,NA,NA,NA,NA,NA,NA,NA,NA,NA,NA,NA,NA,1,
1922,07/04/2013 12:50:00 PM,"114 HIGHLAND AVENUE, Somerville, MA",-71.1005969,42.3872039,1,1,1,1,1,3,1,1,4,NA,,,,NA,NA,NA,NA,NA,NA,NA,NA,NA,NA,NA,NA,NA,NA,NA,1,0,0,4,2,,2,1,NA,0,,3,1,,,NA,NA,NA,NA,NA,NA,NA,NA,NA,NA,NA,NA,NA,NA,0,
1923,07/05/2013 08:30:00 AM,"57 HOLLAND STREET, Somerville, MA",-71.1235483,42.3982146,1,1,1,1,2,1,1,1,NA,NA,,,,NA,NA,NA,NA,NA,NA,NA,NA,NA,NA,NA,NA,NA,NA,NA,1,0,0,4,5,,8,0,NA,,,,,,,NA,NA,NA,NA,NA,NA,NA,NA,NA,NA,NA,NA,NA,NA,0,
1924,07/05/2013 07:06:00 PM,"PEARL STREET and WALNUT STREET, Somerville, MA",-71.0931605,42.3873566,1,1,3,2,1,1,1,1,1,NA,,,,NA,NA,NA,NA,NA,NA,NA,NA,NA,NA,NA,NA,NA,NA,NA,0,1,0,1,2,,5,1,NA,1,43,2,1,,,NA,NA,NA,NA,NA,NA,NA,NA,NA,NA,NA,NA,NA,NA,0,
1925,07/06/2013 12:00:00 PM," MIDDLESEX AVENUE and MYSTIC AVENUE, Somerville, MA",-71.0824658,42.3906811,1,1,2,4,3,2,2,1,1,NA,2,5,19,NA,NA,NA,NA,NA,NA,NA,NA,NA,NA,NA,NA,NA,NA,NA,0,0,0,NA,,,,0,NA,,,,,,,NA,NA,NA,NA,NA,NA,NA,NA,NA,NA,NA,NA,NA,NA,0,
1926,07/08/2013 12:15:00 PM,"317 HIGHLAND AVENUE, Somerville, MA",-71.1145602,42.3931909,1,1,1,1,1,2,2,1,99,NA,2,99,,NA,NA,NA,NA,NA,NA,NA,NA,NA,NA,NA,NA,NA,NA,NA,0,0,0,NA,,,,0,NA,,,,,,,NA,NA,NA,NA,NA,NA,NA,NA,NA,NA,NA,NA,NA,NA,1,
1927,07/08/2013 11:55:00 PM," GLEN STREET and BROADWAY, Somerville, MA",-71.08417,42.3878167,1,1,1,3,3,2,2,NA,99,NA,,1,,NA,NA,NA,NA,NA,NA,NA,NA,NA,NA,NA,NA,NA,NA,NA,0,0,0,NA,,,,0,NA,,,,,,,NA,NA,NA,NA,NA,NA,NA,NA,NA,NA,NA,NA,NA,NA,1,
1928,07/09/2013 08:43:00 AM," SOMERVILLE AVENUE and CENTRAL STREET, Somerville, MA",-71.1069016,42.3833311,2,1,1,3,2,4,2,2,1,NA,6,1,,NA,NA,NA,NA,NA,NA,NA,NA,NA,NA,NA,NA,NA,NA,NA,0,0,0,NA,,,,0,NA,,,,,,,NA,NA,NA,NA,NA,NA,NA,NA,NA,NA,NA,NA,NA,NA,1,
1929,07/09/2013 07:41:00 PM," MANSFIELD STREET and WASHINGTON STREET, Somerville, MA",-71.0906664,42.3798839,,,,,,,2,2,1,NA,1,4,,NA,NA,NA,NA,NA,NA,NA,NA,NA,NA,NA,NA,NA,NA,NA,0,0,0,NA,,,,0,NA,,,,,,,NA,NA,NA,NA,NA,NA,NA,NA,NA,NA,NA,NA,NA,NA,0,
1930,07/09/2013 06:36:00 PM,"182 WASHINGTON STREET, Somerville, MA",-71.0903363,42.3796678,1,1,1,1,1,4,1,1,4,5,,,,NA,NA,NA,NA,NA,NA,NA,NA,NA,NA,NA,NA,NA,NA,NA,1,0,0,4,2,,1,1,NA,0,25,3,1,,,NA,NA,NA,NA,NA,NA,NA,NA,NA,NA,NA,NA,NA,NA,0,
1931,07/13/2013 02:05:00 PM," MEDFORD STREET and CENTRAL STREET, Somerville, MA",-71.1005865,42.392482,1,1,3,2,1,3,3,1,4,NA,2,1,,1,1,NA,NA,NA,NA,NA,NA,NA,NA,NA,NA,NA,NA,NA,0,0,0,NA,,,,1,NA,0,1,3,0,,,NA,NA,NA,NA,NA,NA,NA,NA,NA,NA,NA,NA,NA,NA,0,
1932,07/13/2013 09:20:00 PM," CENTRAL STREET and MEDFORD STREET, Somerville, MA",-71.1005865,42.392482,23,2,3,2,2,3,2,1,1,NA,1,99,,NA,NA,NA,NA,NA,NA,NA,NA,NA,NA,NA,NA,NA,NA,NA,0,0,0,NA,,,,1,4,1,27,4,0,1,27,4,0,0,26,4,0,1,18,4,0,NA,NA,NA,NA,0,
1933,07/15/2013 07:17:00 AM," BROADWAY and SCHOOL STREET, Somerville, MA",-71.0944105,42.3932298,1,1,3,3,3,1,1,1,1,NA,,,,NA,NA,NA,NA,NA,NA,NA,NA,NA,NA,NA,NA,NA,NA,NA,1,0,0,2,2,,5a,1,NA,,,3,1,,,NA,NA,NA,NA,NA,NA,NA,NA,NA,NA,NA,NA,NA,NA,0,
1934,07/16/2013 09:55:00 AM,"10 WEBSTER AVENUE, Somerville, MA",-71.096046,42.3791698,1,1,1,1,4,2,3,1,97,NA,1,1,,1,1,NA,NA,NA,NA,NA,NA,NA,NA,NA,NA,NA,NA,NA,0,0,0,NA,,,,0,NA,,,,,,,NA,NA,NA,NA,NA,NA,NA,NA,NA,NA,NA,NA,NA,NA,0,
1935,07/17/2013 07:45:00 AM," SCHOOL STREET and EVERGREEN AVENUE, Somerville, MA",-71.0956539,42.391425,1,1,2,2,1,6,2,NA,99,NA,,99,,NA,NA,NA,NA,NA,NA,NA,NA,NA,NA,NA,NA,NA,NA,NA,0,0,0,NA,,,,1,5,0,36,4,1,1,9,4,1,1,9,4,1,0,36,4,1,0,25,4,1,0,
1936,07/17/2013 06:54:00 PM," GOVERNOR WINTHROP ROAD and TEN HILLS ROAD, Somerville, MA",-71.0858667,42.3949875,1,1,2,2,1,3,2,2,3,4,1,1,,NA,NA,NA,NA,NA,NA,NA,NA,NA,NA,NA,NA,NA,NA,NA,0,0,0,NA,,,,1,NA,0,23,3,1,,,NA,NA,NA,NA,NA,NA,NA,NA,NA,NA,NA,NA,NA,NA,0,
1937,07/17/2013 07:47:00 PM,"105 TEN HILLS ROAD, Somerville, MA",-71.0865998,42.3981542,2,1,1,1,1,4,4,8,99,NA,1,,,1,NA,NA,1,NA,NA,NA,NA,NA,NA,NA,NA,NA,NA,NA,0,0,0,NA,,,,0,NA,,,,,,,NA,NA,NA,NA,NA,NA,NA,NA,NA,NA,NA,NA,NA,NA,0,
1938,07/18/2013 09:23:00 AM," TENNYSON STREET and MEDFORD STREET, Somerville, MA",-71.0999939,42.3918987,1,1,2,2,1,3,2,1,4,NA,2,1,,NA,NA,NA,NA,NA,NA,NA,NA,NA,NA,NA,NA,NA,NA,NA,0,0,0,NA,,,,1,NA,1,24,4,1,,,NA,NA,NA,NA,NA,NA,NA,NA,NA,NA,NA,NA,NA,NA,0,
1939,07/21/2013 08:16:00 PM,"113 WASHINGTON STREET, Somerville, MA",-71.0868865,42.3813466,1,1,1,1,2,2,3,2,1,NA,1,1,,2,5,NA,NA,NA,NA,NA,NA,NA,NA,NA,NA,NA,NA,NA,0,0,0,NA,,,,0,NA,,,,,,,NA,NA,NA,NA,NA,NA,NA,NA,NA,NA,NA,NA,NA,NA,0,
1940,07/23/2013 06:00:00 PM,"250 SCHOOL STREET, Somerville, MA",-71.0952095,42.3925057,3,2,1,1,1,4,2,1,99,NA,1,99,,NA,NA,NA,NA,NA,NA,NA,NA,NA,NA,NA,NA,NA,NA,NA,0,0,0,NA,,,,0,NA,,,,,,,NA,NA,NA,NA,NA,NA,NA,NA,NA,NA,NA,NA,NA,NA,0,
1941,07/24/2013 09:14:00 PM,"24 IBBETSON STREET, Somerville, MA",-71.1119446,42.38568,1,1,1,1,1,3,4,1,10,7,1,1,,1,1,NA,1,1,NA,NA,NA,NA,NA,NA,NA,NA,NA,NA,0,0,0,NA,,,,0,NA,,,,,,,NA,NA,NA,NA,NA,NA,NA,NA,NA,NA,NA,NA,NA,NA,0,
1942,07/25/2013 10:00:00 AM," KIRKLAND STREET, Somerville, MA",-71.1123403,42.3770154,,,,,,,NA,NA,NA,NA,,,,NA,NA,NA,NA,NA,NA,NA,NA,NA,NA,NA,NA,NA,NA,NA,0,0,0,NA,,,,0,NA,,,,,,,NA,NA,NA,NA,NA,NA,NA,NA,NA,NA,NA,NA,NA,NA,0,
1943,07/26/2013 08:06:00 PM,"136 HIGHLAND AVENUE, Somerville, MA",-71.1021032,42.3877053,3,2,1,1,1,1,1,1,1,NA,,,,NA,NA,NA,NA,NA,NA,NA,NA,NA,NA,NA,NA,NA,NA,NA,0,1,0,3,1,,5,1,NA,0,23,4,1,,,NA,NA,NA,NA,NA,NA,NA,NA,NA,NA,NA,NA,NA,NA,0,
1944,07/26/2013 01:07:00 PM,"237 WASHINGTON STREET, Somerville, MA",-71.0935829,42.3798769,2,1,1,1,1,3,1,1,99,NA,,,,NA,NA,NA,NA,NA,NA,NA,NA,NA,NA,NA,NA,NA,NA,NA,1,0,0,4,2,,5,1,NA,1,31,4,0,,,NA,NA,NA,NA,NA,NA,NA,NA,NA,NA,NA,NA,NA,NA,0,
1945,07/27/2013 02:09:00 AM," SOMERVILLE AVENUE and CENTRAL STREET, Somerville, MA",-71.1069016,42.3833311,1,1,3,3,1,2,2,1,1,NA,,,,NA,NA,NA,NA,NA,NA,NA,NA,NA,NA,NA,NA,NA,NA,NA,0,0,0,NA,,,,1,NA,1,37,4,0,,,NA,NA,NA,NA,NA,NA,NA,NA,NA,NA,NA,NA,NA,NA,0,
1946,07/28/2013 12:00:00 AM,"155 CENTRAL STREET, Somerville, MA",-71.099948,42.392932,1,1,1,1,1,4,3,1,14,NA,1,1,,1,1,NA,NA,NA,NA,NA,NA,NA,NA,NA,NA,NA,NA,NA,0,0,0,NA,,,,0,NA,,,,,,,NA,NA,NA,NA,NA,NA,NA,NA,NA,NA,NA,NA,NA,NA,0,
1947,07/29/2013 12:32:00 PM,"140 SUMMER STREET, Somerville, MA",-71.1046578,42.3857115,1,1,1,1,2,3,2,1,9,10,1,,,NA,NA,NA,NA,NA,NA,NA,NA,NA,NA,NA,NA,NA,NA,NA,0,0,0,NA,,,,0,NA,,,,,,,NA,NA,NA,NA,NA,NA,NA,NA,NA,NA,NA,NA,NA,NA,0,
1948,07/29/2013 06:09:00 PM,"36 MONTROSE STREET, Somerville, MA",-71.0998547,42.3886056,2,1,1,1,4,3,2,1,4,NA,1,1,,NA,NA,NA,NA,NA,NA,NA,NA,NA,NA,NA,NA,NA,NA,NA,0,0,0,NA,,,,1,2,0,56,4,1,1,33,4,1,NA,NA,NA,NA,NA,NA,NA,NA,NA,NA,NA,NA,0,
1949,07/30/2013 11:15:00 AM,"197 CEDAR STREET, Somerville, MA",-71.1102288,42.3951123,1,1,1,1,1,4,3,NA,99,NA,2,,,2,NA,NA,NA,NA,NA,NA,NA,NA,NA,NA,NA,NA,NA,NA,0,0,0,NA,,,,0,NA,,,,,,,NA,NA,NA,NA,NA,NA,NA,NA,NA,NA,NA,NA,NA,NA,0,
1950,07/30/2013 02:03:00 PM," ASSEMBLY SQUARE DRIVE and GRAND UNION BOULEVARD, Somerville, MA",-71.0799614,42.3913094,1,1,1,2,1,3,1,1,4,NA,,,,NA,NA,NA,NA,NA,NA,NA,NA,NA,NA,NA,NA,NA,NA,NA,1,0,0,4,2,,2,1,NA,1,66,3,1,,,NA,NA,NA,NA,NA,NA,NA,NA,NA,NA,NA,NA,NA,NA,0,
1951,07/31/2013 09:07:00 AM," BROADWAY and WILLOW AVENUE, Somerville, MA",-71.1127004,42.4001,1,1,3,2,1,5,2,2,99,NA,2,99,,NA,NA,NA,NA,NA,NA,NA,NA,NA,NA,NA,NA,NA,NA,NA,0,0,0,NA,,,,1,NA,0,63,3,0,,,NA,NA,NA,NA,NA,NA,NA,NA,NA,NA,NA,NA,NA,NA,1,
1952,08/01/2013 03:55:00 PM," BROADWAY and GARFIELD AVENUE, Somerville, MA",-71.0867525,42.3889844,,,,,,,1,NA,NA,NA,,,,NA,NA,NA,NA,NA,NA,NA,NA,NA,NA,NA,NA,NA,NA,NA,1,0,0,1,2,,5,1,NA,0,12,4,0,,,NA,NA,NA,NA,NA,NA,NA,NA,NA,NA,NA,NA,NA,NA,0,
1953,08/02/2013 11:05:00 AM," SHORE DRIVE and TEMPLE ROAD, Somerville, MA",-71.0851791,42.3984315,1,1,1,3,1,3,2,6,97,NA,1,1,,NA,NA,NA,NA,NA,NA,NA,NA,NA,NA,NA,NA,NA,NA,NA,0,0,0,NA,,,,1,3,1,22,4,0,0,20,4,0,1,24,4,1,NA,NA,NA,NA,NA,NA,NA,NA,0,
1954,08/02/2013 03:40:00 PM,"75 CENTRAL STREET, Somerville, MA",-71.1034775,42.3879483,1,1,1,1,1,1,1,2,1,NA,,,,NA,NA,NA,NA,NA,NA,NA,NA,NA,NA,NA,NA,NA,NA,NA,0,1,0,4,2,,7,1,NA,1,33,3,0,,,NA,NA,NA,NA,NA,NA,NA,NA,NA,NA,NA,NA,NA,NA,0,
1955,08/03/2013 12:00:00 PM," WILLOW AVENUE and APPLETON STREET, Somerville, MA",-71.1153251,42.3962894,2,1,1,3,1,1,1,1,4,NA,,,,NA,NA,NA,NA,NA,NA,NA,NA,NA,NA,NA,NA,NA,NA,NA,1,0,0,NA,,,2,1,NA,1,,4,1,,,NA,NA,NA,NA,NA,NA,NA,NA,NA,NA,NA,NA,NA,NA,0,
1956,08/03/2013 10:00:00 AM,"400 SOMERVILLE AVENUE, Somerville, MA",-71.1015967,42.3807302,2,1,1,1,1,3,1,1,4,NA,,,,NA,NA,NA,NA,NA,NA,NA,NA,NA,NA,NA,NA,NA,NA,NA,1,0,0,4,2,,2,1,NA,0,27,3,0,,,NA,NA,NA,NA,NA,NA,NA,NA,NA,NA,NA,NA,NA,NA,0,
1957,08/04/2013 11:15:00 AM," SCHOOL STREET and RICHDALE AVENUE, Somerville, MA",-71.09741,42.3887757,1,1,99,3,4,6,1,NA,99,NA,,,,NA,NA,NA,NA,NA,NA,NA,NA,NA,NA,NA,NA,NA,NA,NA,1,0,0,NA,,,6,1,NA,1,14,4,1,,,NA,NA,NA,NA,NA,NA,NA,NA,NA,NA,NA,NA,NA,NA,0,
1958,08/05/2013 12:00:00 AM,"102 WHEATLAND STREET, Somerville, MA",-71.0876341,42.3939491,1,1,1,1,4,2,3,1,99,NA,1,1,,1,1,NA,NA,NA,NA,NA,NA,NA,NA,NA,NA,NA,NA,NA,0,0,0,NA,,,,0,NA,,,,,,,NA,NA,NA,NA,NA,NA,NA,NA,NA,NA,NA,NA,NA,NA,0,
1959,08/05/2013 08:01:00 AM,"242 SOMERVILLE AVENUE, Somerville, MA",-71.0928179,42.3784542,197,1,3,1,1,2,2,1,99,NA,1,99,,NA,NA,NA,NA,NA,NA,NA,NA,NA,NA,NA,NA,NA,NA,NA,0,0,0,NA,,,,0,NA,,,,,,,NA,NA,NA,NA,NA,NA,NA,NA,NA,NA,NA,NA,NA,NA,0,
1960,08/05/2013 08:31:00 AM," WARNER STREET and BROADWAY, Somerville, MA",-71.116275,42.401082,1,1,2,7,1,2,2,1,19,NA,,1,,NA,NA,NA,NA,NA,NA,NA,NA,NA,NA,NA,NA,NA,NA,NA,0,0,0,NA,,,,1,NA,0,51,4,0,,,NA,NA,NA,NA,NA,NA,NA,NA,NA,NA,NA,NA,NA,NA,0,
1961,08/05/2013 09:05:00 AM," BEACON STREET and MUSEUM STREET, Somerville, MA",-71.110988,42.382024,1,1,1,3,1,2,3,1,19,NA,1,1,,2,1,NA,NA,NA,NA,NA,NA,NA,NA,NA,NA,NA,NA,NA,0,0,0,NA,,,,0,NA,,,,,,,NA,NA,NA,NA,NA,NA,NA,NA,NA,NA,NA,NA,NA,NA,0,
1962,08/05/2013 09:43:00 PM," WEBSTER AVENUE and PROSPECT STREET, Somerville, MA",-71.0955943,42.376968,1,1,1,4,2,2,2,2,99,NA,1,99,,NA,NA,NA,NA,NA,NA,NA,NA,NA,NA,NA,NA,NA,NA,NA,0,0,0,NA,,,,1,NA,0,42,4,0,,,NA,NA,NA,NA,NA,NA,NA,NA,NA,NA,NA,NA,NA,NA,0,
1963,08/07/2013 10:08:00 AM,"12 TYLER STREET, Somerville, MA",-71.1057021,42.3816412,1,1,1,1,1,4,2,NA,NA,NA,,4,9,NA,NA,NA,NA,NA,NA,NA,NA,NA,NA,NA,NA,NA,NA,NA,0,0,0,NA,,,,0,NA,,,,,,,NA,NA,NA,NA,NA,NA,NA,NA,NA,NA,NA,NA,NA,NA,0,
1964,08/08/2013 02:06:00 PM," BROADWAY and MAIN STREET, Somerville, MA",-71.0975984,42.3947314,2,1,3,2,3,2,2,1,5,NA,2,1,,NA,NA,NA,NA,NA,NA,NA,NA,NA,NA,NA,NA,NA,NA,NA,0,0,0,NA,,,,1,2,1,45,4,1,0,,4,1,NA,NA,NA,NA,NA,NA,NA,NA,NA,NA,NA,NA,0,
1965,08/09/2013 05:55:00 AM,"229 PEARL STREET, Somerville, MA",-71.0941056,42.3878308,3,2,1,1,2,2,2,1,NA,NA,1,,,NA,NA,NA,NA,NA,NA,NA,NA,NA,NA,NA,NA,NA,NA,NA,0,0,0,NA,,,,0,NA,,,,,,,NA,NA,NA,NA,NA,NA,NA,NA,NA,NA,NA,NA,NA,NA,0,
1966,08/09/2013 07:26:00 AM," OLIVER STREET and CROSS STREET, Somerville, MA",-71.0891001,42.3842254,3,1,2,3,1,3,2,2,3,4,2,1,,NA,NA,NA,NA,NA,NA,NA,NA,NA,NA,NA,NA,NA,NA,NA,0,0,0,NA,,,,0,NA,,,,,,,NA,NA,NA,NA,NA,NA,NA,NA,NA,NA,NA,NA,NA,NA,0,
1967,08/09/2013 10:36:00 AM," BROADWAY and CLARENDON AVENUE, Somerville, MA",-71.1276129,42.4034575,3,2,1,3,1,3,2,1,99,NA,2,99,,NA,NA,NA,NA,NA,NA,NA,NA,NA,NA,NA,NA,NA,NA,NA,0,0,0,NA,,,,0,NA,,,,,,,NA,NA,NA,NA,NA,NA,NA,NA,NA,NA,NA,NA,NA,NA,0,
1968,08/09/2013 03:30:00 PM," WILLOW AVENUE and MORRISON AVENUE, Somerville, MA",-71.1157237,42.3956925,3,2,2,2,1,3,2,2,1,NA,1,4,,NA,NA,NA,NA,NA,NA,NA,NA,NA,NA,NA,NA,NA,NA,NA,0,0,0,NA,,,,0,NA,,,,,,,NA,NA,NA,NA,NA,NA,NA,NA,NA,NA,NA,NA,NA,NA,0,
1969,08/10/2013 10:30:00 AM," NORTH STREET and CONWELL AVENUE, Somerville, MA",-71.129517,42.4085307,,,,,,,2,1,19,NA,,1,,NA,NA,NA,NA,NA,NA,NA,NA,NA,NA,NA,NA,NA,NA,NA,0,0,0,NA,,,,1,NA,1,40,4,1,,,NA,NA,NA,NA,NA,NA,NA,NA,NA,NA,NA,NA,NA,NA,0,
1970,08/11/2013 09:56:00 PM," MEDFORD STREET and WALNUT STREET, Somerville, MA",-71.0937489,42.3857992,1,1,,2,1,3,2,1,99,NA,1,,,NA,NA,NA,NA,NA,NA,NA,NA,NA,NA,NA,NA,NA,NA,NA,0,0,0,NA,,,,0,NA,,,,,,,NA,NA,NA,NA,NA,NA,NA,NA,NA,NA,NA,NA,NA,NA,0,
1971,08/14/2013 10:15:00 AM," CARLTON STREET and LAKE STREET, Somerville, MA",-71.1003246,42.3803681,1,1,2,3,1,4,2,2,18,NA,1,,,NA,NA,NA,NA,NA,NA,NA,NA,NA,NA,NA,NA,NA,NA,NA,0,0,0,NA,,,,0,NA,,,,,,,NA,NA,NA,NA,NA,NA,NA,NA,NA,NA,NA,NA,NA,NA,0,
1972,08/14/2013 04:30:00 PM," BROADWAY and WINCHESTER STREET, Somerville, MA",-71.1093871,42.3989607,1,1,2,3,1,3,2,NA,20,NA,,1,,NA,NA,NA,NA,NA,NA,NA,NA,NA,NA,NA,NA,NA,NA,NA,0,0,0,NA,,,,0,NA,,,,,,,NA,NA,NA,NA,NA,NA,NA,NA,NA,NA,NA,NA,NA,NA,0,
1973,08/14/2013 10:22:00 PM,"79 WOODS AVENUE, Somerville, MA",-71.1300253,42.4128056,1,1,1,1,4,3,2,1,19,NA,2,1,,NA,NA,NA,NA,NA,NA,NA,NA,NA,NA,NA,NA,NA,NA,NA,0,0,0,NA,,,,0,NA,,,,,,,NA,NA,NA,NA,NA,NA,NA,NA,NA,NA,NA,NA,NA,NA,0,
1974,08/15/2013 02:37:00 PM," BROADWAY and WESTON AVENUE, Somerville, MA",-71.1286642,42.403998,1,1,4,2,1,2,2,1,1,NA,1,5,19,NA,NA,NA,NA,NA,NA,NA,NA,NA,NA,NA,NA,NA,NA,NA,0,0,0,NA,,,,1,NA,0,46,4,1,,,NA,NA,NA,NA,NA,NA,NA,NA,NA,NA,NA,NA,NA,NA,0,
1975,08/15/2013 04:04:00 PM," WILLOW AVENUE and BROADWAY, Somerville, MA",-71.1127004,42.4001,1,1,3,2,1,2,2,2,3,NA,1,1,,NA,NA,NA,NA,NA,NA,NA,NA,NA,NA,NA,NA,NA,NA,NA,0,0,0,NA,,,,0,NA,,,,,,,NA,NA,NA,NA,NA,NA,NA,NA,NA,NA,NA,NA,NA,NA,0,
1976,08/16/2013 03:00:00 AM,"267 SUMMER STREET, Somerville, MA",-71.113789,42.390941,1,1,1,1,1,4,2,NA,10,NA,1,1,,NA,NA,NA,NA,NA,NA,NA,NA,NA,NA,NA,NA,NA,NA,NA,0,0,0,NA,,,,0,NA,,,,,,,NA,NA,NA,NA,NA,NA,NA,NA,NA,NA,NA,NA,NA,NA,0,
1977,08/17/2013 05:20:00 PM,"75 PROSPECT STREET, Somerville, MA",-71.0962188,42.3764114,1,1,1,1,1,3,2,1,1,NA,1,3,4,NA,NA,NA,NA,NA,NA,NA,NA,NA,NA,NA,NA,NA,NA,NA,0,0,0,NA,,,,1,NA,0,24,4,0,,,NA,NA,NA,NA,NA,NA,NA,NA,NA,NA,NA,NA,NA,NA,0,
1978,08/19/2013 02:28:00 PM,"270 CEDAR STREET, Somerville, MA",-71.1092238,42.3970429,1,1,1,1,1,3,2,2,4,NA,8,1,,NA,NA,NA,NA,NA,NA,NA,NA,NA,NA,NA,NA,NA,NA,NA,0,0,0,NA,,,,0,NA,,,,,,,NA,NA,NA,NA,NA,NA,NA,NA,NA,NA,NA,NA,NA,NA,0,
1979,08/19/2013 07:25:00 PM,"711 SOMERVILLE AVENUE, Somerville, MA",-71.1143317,42.3862566,1,1,1,1,1,1,1,1,19,NA,,,,NA,NA,NA,NA,NA,NA,NA,NA,NA,NA,NA,NA,NA,NA,NA,1,0,0,4,2,,4,1,NA,1,27,2,1,,,NA,NA,NA,NA,NA,NA,NA,NA,NA,NA,NA,NA,NA,NA,0,
1980,08/21/2013 05:35:00 PM," BEACON STREET and WASHINGTON STREET, Somerville, MA",-71.106382,42.3782892,1,1,3,2,2,2,2,1,99,NA,2,99,,NA,NA,NA,NA,NA,NA,NA,NA,NA,NA,NA,NA,NA,NA,NA,0,0,0,NA,,,,0,NA,,,,,,,NA,NA,NA,NA,NA,NA,NA,NA,NA,NA,NA,NA,NA,NA,0,
1981,08/23/2013 09:15:00 AM,"519 BROADWAY, Somerville, MA",-71.1050886,42.3978873,1,1,1,1,99,4,1,8,99,NA,,,,NA,NA,NA,NA,NA,NA,NA,NA,NA,NA,NA,NA,NA,NA,NA,0,0,1,NA,,Light pole,,0,NA,,,,,,,NA,NA,NA,NA,NA,NA,NA,NA,NA,NA,NA,NA,NA,NA,0,
1982,08/23/2013 01:26:00 PM," DAVENPORT STREET and ELM STREET, Somerville, MA",-71.117959,42.3905691,1,1,2,3,1,3,2,1,4,NA,1,1,,NA,NA,NA,NA,NA,NA,NA,NA,NA,NA,NA,NA,NA,NA,NA,0,0,0,NA,,,,1,NA,1,42,4,1,,,NA,NA,NA,NA,NA,NA,NA,NA,NA,NA,NA,NA,NA,NA,0,
1983,08/23/2013 04:00:00 PM," BROADWAY and TEMPLE STREET, Somerville, MA",-71.0934064,42.3925566,1,1,1,1,3,1,1,1,11,NA,,,,NA,NA,NA,NA,NA,NA,NA,NA,NA,NA,NA,NA,NA,NA,NA,0,0,1,9,97,Light pole,,0,NA,,,,,,,NA,NA,NA,NA,NA,NA,NA,NA,NA,NA,NA,NA,NA,NA,0,
1984,08/23/2013 04:18:00 PM," TEMPLE ROAD and GOVERNOR WINTHROP ROAD, Somerville, MA",-71.0878246,42.3964715,1,1,2,2,1,3,2,NA,99,NA,,99,,NA,NA,NA,NA,NA,NA,NA,NA,NA,NA,NA,NA,NA,NA,NA,0,0,0,NA,,,,1,NA,0,21,4,1,,,NA,NA,NA,NA,NA,NA,NA,NA,NA,NA,NA,NA,NA,NA,0,
1985,08/23/2013 03:08:00 PM," BROADWAY and MOUNT VERNON STREET, Somerville, MA",-71.0788702,42.3862206,1,1,3,3,1,99,1,1,1,NA,,,,NA,NA,NA,NA,NA,NA,NA,NA,NA,NA,NA,NA,NA,NA,NA,1,0,0,4,2,,5a,1,NA,1,48,99,1,,,NA,NA,NA,NA,NA,NA,NA,NA,NA,NA,NA,NA,NA,NA,0,
1986,08/24/2013 11:57:00 AM," BROADWAY and NORTH STREET, Somerville, MA",-71.1313375,42.4058176,1,1,3,2,2,5,1,1,1,NA,,,,NA,NA,NA,NA,NA,NA,NA,NA,NA,NA,NA,NA,NA,NA,NA,1,0,0,NA,,,2,1,NA,0,26,4,0,,,NA,NA,NA,NA,NA,NA,NA,NA,NA,NA,NA,NA,NA,NA,0,
1987,08/25/2013 07:10:00 AM,"65 EDGAR AVENUE, Somerville, MA",-71.0958266,42.3970459,1,1,1,1,1,3,3,2,1,NA,1,1,,NA,NA,NA,NA,NA,NA,NA,NA,NA,NA,NA,NA,NA,NA,NA,0,0,0,NA,,,,0,NA,,,,,,,NA,NA,NA,NA,NA,NA,NA,NA,NA,NA,NA,NA,NA,NA,0,
1988,08/25/2013 03:10:00 PM," PORTER STREET and ELM STREET, Somerville, MA",-71.1138121,42.3860941,1,1,1,1,1,4,3,NA,NA,NA,,,,NA,NA,NA,NA,NA,NA,NA,NA,NA,NA,NA,NA,NA,NA,NA,0,0,0,NA,,,,0,NA,,,,,,,NA,NA,NA,NA,NA,NA,NA,NA,NA,NA,NA,NA,NA,NA,0,
1989,08/26/2013 03:30:00 PM," MEDFORD STREET and PEARL STREET, Somerville, MA",-71.0962952,42.3882985,,,,,,,2,1,1,NA,1,1,,NA,NA,NA,NA,NA,NA,NA,NA,NA,NA,NA,NA,NA,NA,NA,0,0,0,NA,,,,0,NA,,,,,,,NA,NA,NA,NA,NA,NA,NA,NA,NA,NA,NA,NA,NA,NA,0,