id,date_time,address,lon,lat,Weather,road_surface,traffic_control_device,intersection_type,traffic_way_desc,collision_manner,num_involved_vehicles,vehicle1_configuration,driver1_contrib1,driver1_contrib2,vehicle2_configuration,driver2_contrib1,driver2_contrib2,vehicle3_configuration,driver3_contrib1,driver3_contrib2,vehicle4_configuration,driver4_contrib1,driver4_contrib2,vehicle5_configuration,driver5_contrib1,driver5_contrib2,vehicle6_configuration,driver6_contrib1,driver6_contrib2,vehicle7_configuration,driver7_contrib1,driver7_contrib2,Bicycle,Pedestrian,non_mv,non_motorist_location,non_motorist_action,non_motorist_type,manner_of_non_motorist_collision,Injury,Multiple,Gender1,Age1,Severity1,Hospital1,Gender2,Age2,Severity2,Hospital2,Gender3,Age3,Severity3,Hospital3,Gender4,Age4,Severity4,Hospital4,Gender5,Age5,Severity5,Hospital5,city_vehicle,Notes
1990,08/26/2013 07:20:00 PM,"180 SOMERVILLE AVENUE, Somerville, MA",-71.0904322,42.3764299,1,1,1,1,1,2,2,1,1,NA,8,1,,NA,NA,NA,NA,NA,NA,NA,NA,NA,NA,NA,NA,NA,NA,NA,0,0,0,NA,,,,1,NA,0,26,4,1,,,NA,NA,NA,NA,NA,NA,NA,NA,NA,NA,NA,NA,NA,NA,0,
1991,08/26/2013 08:40:00 PM,"511 BROADWAY, Somerville, MA",-71.1050084,42.3978342,,,,,,,8,1,NA,NA,2,,,1,NA,NA,2,NA,NA,1,NA,NA,1,NA,NA,1,NA,NA,0,0,0,NA,,,,1,NA,1,66,3,1,,,NA,NA,NA,NA,NA,NA,NA,NA,NA,NA,NA,NA,NA,NA,0,
1992,08/27/2013 04:28:00 PM,"461 BROADWAY, Somerville, MA",-71.1021001,42.3967164,1,1,1,1,2,6,2,1,6,NA,1,,,NA,NA,NA,NA,NA,NA,NA,NA,NA,NA,NA,NA,NA,NA,NA,0,0,0,NA,,,,0,NA,,,,,,,NA,NA,NA,NA,NA,NA,NA,NA,NA,NA,NA,NA,NA,NA,0,
1993,08/27/2013 06:08:00 PM," SOMERVILLE AVENUE and PARK STREET, Somerville, MA",-71.1063139,42.3831974,1,1,3,3,1,3,1,NA,4,NA,,,,NA,NA,NA,NA,NA,NA,NA,NA,NA,NA,NA,NA,NA,NA,NA,1,0,0,NA,,,2,1,NA,,,4,0,,,NA,NA,NA,NA,NA,NA,NA,NA,NA,NA,NA,NA,NA,NA,0,
1994,08/28/2013 10:50:00 AM," COLUMBUS AVENUE and STONE AVENUE, Somerville, MA",-71.0943581,42.3813448,1,1,2,7,1,3,2,8,19,NA,,,,NA,NA,NA,NA,NA,NA,NA,NA,NA,NA,NA,NA,NA,NA,NA,0,0,0,NA,,,,0,NA,,,,,,,NA,NA,NA,NA,NA,NA,NA,NA,NA,NA,NA,NA,NA,NA,0,
1995,08/30/2013 03:50:00 PM,"850 BROADWAY, Somerville, MA",-71.1173247,42.4006957,1,1,4,7,2,1,1,1,1,NA,,,,NA,NA,NA,NA,NA,NA,NA,NA,NA,NA,NA,NA,NA,NA,NA,0,1,0,NA,,,4,1,NA,1,35,3,0,,,NA,NA,NA,NA,NA,NA,NA,NA,NA,NA,NA,NA,NA,NA,0,
1996,08/30/2013 05:30:00 PM,"BROADWAY and WALLACE STREET, Somerville, MA",-71.1207517,42.4011008,1,1,1,2,1,3,1,NA,4,NA,,,,NA,NA,NA,NA,NA,NA,NA,NA,NA,NA,NA,NA,NA,NA,NA,1,0,0,NA,,,2,1,NA,1,45,3,0,,,NA,NA,NA,NA,NA,NA,NA,NA,NA,NA,NA,NA,NA,NA,NA,
1997,08/31/2013 01:53:00 PM," WASHINGTON STREET and MCGRATH HIGHWAY, Somerville, MA",-71.0893942,42.3804355,1,1,3,3,3,4,2,1,1,NA,1,6,9,NA,NA,NA,NA,NA,NA,NA,NA,NA,NA,NA,NA,NA,NA,NA,0,0,0,NA,,,,0,NA,,,,,,,NA,NA,NA,NA,NA,NA,NA,NA,NA,NA,NA,NA,NA,NA,0,
1998,09/02/2013 05:35:00 AM," HARDAN ROAD and SOUTH STREET, Somerville, MA",-71.1273551,42.4051819,3,2,2,2,2,6,2,1,1,NA,,3,,NA,NA,NA,NA,NA,NA,NA,NA,NA,NA,NA,NA,NA,NA,NA,0,0,0,NA,,,,1,NA,0,20,4,1,,,NA,NA,NA,NA,NA,NA,NA,NA,NA,NA,NA,NA,NA,NA,0,
1999,09/02/2013 06:07:00 PM," MICHIGAN AVENUE and PENNSYLVANIA AVENUE, Somerville, MA",-71.082823,42.3890344,1,1,2,3,4,4,2,6,99,NA,1,1,,NA,NA,NA,NA,NA,NA,NA,NA,NA,NA,NA,NA,NA,NA,NA,0,0,0,NA,,,,0,NA,,,,,,,NA,NA,NA,NA,NA,NA,NA,NA,NA,NA,NA,NA,NA,NA,0,
2000,09/03/2013 08:04:00 AM,"49 TUFTS STREET, Somerville, MA",-71.0890008,42.3827872,1,1,1,1,1,3,2,1,4,NA,1,1,,NA,NA,NA,NA,NA,NA,NA,NA,NA,NA,NA,NA,NA,NA,NA,0,0,0,NA,,,,0,NA,,,,,,,NA,NA,NA,NA,NA,NA,NA,NA,NA,NA,NA,NA,NA,NA,0,
2001,09/03/2013 02:32:00 PM," BROADWAY and GRANT STREET, Somerville, MA",-71.0917969,42.3915907,1,1,1,3,3,3,2,1,4,NA,1,1,,NA,NA,NA,NA,NA,NA,NA,NA,NA,NA,NA,NA,NA,NA,NA,0,0,0,NA,,,,0,NA,,,,,,,NA,NA,NA,NA,NA,NA,NA,NA,NA,NA,NA,NA,NA,NA,0,
2002,09/04/2013 01:44:00 PM," SYCAMORE STREET and MEDFORD STREET, Somerville, MA",-71.0994049,42.3913289,1,1,3,2,4,4,2,8,12,NA,2,1,,NA,NA,NA,NA,NA,NA,NA,NA,NA,NA,NA,NA,NA,NA,NA,0,0,0,NA,,,,0,NA,,,,,,,NA,NA,NA,NA,NA,NA,NA,NA,NA,NA,NA,NA,NA,NA,0,
2003,09/04/2013 02:57:00 PM,"12 UNION SQUARE, Somerville, MA",-71.095853,42.3794761,1,1,1,1,3,3,2,1,1,NA,2,9,,NA,NA,NA,NA,NA,NA,NA,NA,NA,NA,NA,NA,NA,NA,NA,0,0,0,NA,,,,0,NA,,,,,,,NA,NA,NA,NA,NA,NA,NA,NA,NA,NA,NA,NA,NA,NA,0,
2004,09/05/2013 12:10:00 PM," ELM STREET and ELSTON STREET, Somerville, MA",-71.1198085,42.3923387,2,1,2,3,1,3,2,1,1,NA,2,4,,NA,NA,NA,NA,NA,NA,NA,NA,NA,NA,NA,NA,NA,NA,NA,0,0,0,NA,,,,0,NA,,,,,,,NA,NA,NA,NA,NA,NA,NA,NA,NA,NA,NA,NA,NA,NA,0,
2005,09/05/2013 12:00:00 PM," BROADWAY and BAY STATE AVENUE, Somerville, MA",-71.1143386,42.4006346,1,1,1,3,2,3,1,1,1,NA,,,,NA,NA,NA,NA,NA,NA,NA,NA,NA,NA,NA,NA,NA,NA,NA,1,0,0,NA,,,2,1,NA,1,22,3,1,,,NA,NA,NA,NA,NA,NA,NA,NA,NA,NA,NA,NA,NA,NA,0,
2006,09/06/2013 04:30:00 PM,"23 FLINT STREET, Somerville, MA",-71.0860499,42.3842033,,,,,,,2,NA,1,NA,,1,,NA,NA,NA,NA,NA,NA,NA,NA,NA,NA,NA,NA,NA,NA,NA,0,0,0,NA,,,,0,NA,,,,,,,NA,NA,NA,NA,NA,NA,NA,NA,NA,NA,NA,NA,NA,NA,0,
2007,09/07/2013 01:19:00 AM," SYCAMORE STREET and BROADWAY, Somerville, MA",-71.0970579,42.3944512,1,1,2,3,4,4,2,1,99,NA,1,99,,NA,NA,NA,NA,NA,NA,NA,NA,NA,NA,NA,NA,NA,NA,NA,0,0,0,NA,,,,0,NA,,,,,,,NA,NA,NA,NA,NA,NA,NA,NA,NA,NA,NA,NA,NA,NA,0,
2008,09/07/2013 01:05:00 PM,"523 BROADWAY, Somerville, MA",-71.105691,42.3977868,2,1,1,3,2,2,2,1,1,NA,2,1,,NA,NA,NA,NA,NA,NA,NA,NA,NA,NA,NA,NA,NA,NA,NA,0,0,0,NA,,,,0,NA,,,,,,,NA,NA,NA,NA,NA,NA,NA,NA,NA,NA,NA,NA,NA,NA,0,
2009,09/07/2013 01:27:00 PM," BALL SQUARE and BOSTON AVENUE, Somerville, MA",-71.11218,42.399952,1,1,1,1,2,2,5,1,1,NA,1,1,,1,1,NA,1,1,NA,1,5,NA,NA,NA,NA,NA,NA,NA,0,0,0,NA,,,,1,NA,0,33,4,1,,,NA,NA,NA,NA,NA,NA,NA,NA,NA,NA,NA,NA,NA,NA,0,
2010,09/09/2013 08:08:00 AM," BOW STREET and SUMMER STREET, Somerville, MA",-71.0983021,42.3816555,1,1,5,4,4,4,2,NA,NA,NA,,,,NA,NA,NA,NA,NA,NA,NA,NA,NA,NA,NA,NA,NA,NA,NA,0,0,0,NA,,,,0,NA,,,,,,,NA,NA,NA,NA,NA,NA,NA,NA,NA,NA,NA,NA,NA,NA,0,
2011,09/09/2013 10:22:00 PM," BROADWAY, Somerville, MA",-71.1075914,42.3983788,2,1,2,3,3,3,2,1,4,NA,1,1,,NA,NA,NA,NA,NA,NA,NA,NA,NA,NA,NA,NA,NA,NA,NA,0,0,0,NA,,,,0,NA,,,,,,,NA,NA,NA,NA,NA,NA,NA,NA,NA,NA,NA,NA,NA,NA,0,
2012,09/10/2013 12:30:00 PM," SUMMER STREET and SCHOOL STREET, Somerville, MA",-71.1003999,42.3843689,23,2,3,2,1,3,2,2,4,NA,2,1,,NA,NA,NA,NA,NA,NA,NA,NA,NA,NA,NA,NA,NA,NA,NA,0,0,0,NA,,,,0,NA,,,,,,,NA,NA,NA,NA,NA,NA,NA,NA,NA,NA,NA,NA,NA,NA,0,
2013,09/10/2013 01:13:00 PM," BROADWAY and MEDFORD STREET, Somerville, MA",-71.1043116,42.3973445,23,2,3,2,3,2,2,1,1,NA,6,97,,NA,NA,NA,NA,NA,NA,NA,NA,NA,NA,NA,NA,NA,NA,NA,0,0,0,NA,,,,0,NA,,,,,,,NA,NA,NA,NA,NA,NA,NA,NA,NA,NA,NA,NA,NA,NA,0,
2014,09/10/2013 05:06:00 PM," PARK STREET, Somerville, MA",-71.1070707,42.381611,2,1,8,1,1,2,2,1,19,NA,1,1,,NA,NA,NA,NA,NA,NA,NA,NA,NA,NA,NA,NA,NA,NA,NA,0,0,0,NA,,,,1,NA,1,48,3,0,,,NA,NA,NA,NA,NA,NA,NA,NA,NA,NA,NA,NA,NA,NA,0,
2015,09/11/2013 10:10:00 AM," MCGRATH HIGHWAY and PEARL STREET, Somerville, MA",-71.0904563,42.3865189,1,1,3,2,3,4,2,NA,1,NA,,1,,NA,NA,NA,NA,NA,NA,NA,NA,NA,NA,NA,NA,NA,NA,NA,0,0,0,NA,,,,0,NA,,,,,,,NA,NA,NA,NA,NA,NA,NA,NA,NA,NA,NA,NA,NA,NA,1,
2016,09/11/2013 10:40:00 AM,"324 SOMERVILLE AVENUE, Somerville, MA",-71.097751,42.3804924,1,1,1,1,4,3,1,2,19,NA,,,,NA,NA,NA,NA,NA,NA,NA,NA,NA,NA,NA,NA,NA,NA,NA,1,0,0,NA,,,3,1,NA,0,26,3,1,,,NA,NA,NA,NA,NA,NA,NA,NA,NA,NA,NA,NA,NA,NA,0,
2017,09/11/2013 08:35:00 AM,"160 HIGHLAND AVENUE, Somerville, MA",-71.1040445,42.3884317,1,1,1,1,1,3,1,1,19,NA,,,,NA,NA,NA,NA,NA,NA,NA,NA,NA,NA,NA,NA,NA,NA,NA,1,0,0,4,2,,3,1,NA,0,29,4,0,,,NA,NA,NA,NA,NA,NA,NA,NA,NA,NA,NA,NA,NA,NA,0,
2018,09/12/2013 02:46:00 PM,"1 AVON STREET, Somerville, MA",-71.1001022,42.3850682,1,1,1,3,4,4,2,5,99,NA,2,,,NA,NA,NA,NA,NA,NA,NA,NA,NA,NA,NA,NA,NA,NA,NA,0,0,0,NA,,,,0,NA,,,,,,,NA,NA,NA,NA,NA,NA,NA,NA,NA,NA,NA,NA,NA,NA,0,
2019,09/12/2013 06:50:00 PM," SOUTH STREET and HARDING STREET, Somerville, MA",-71.0902116,42.3743491,1,1,2,2,4,3,2,1,4,NA,1,1,,NA,NA,NA,NA,NA,NA,NA,NA,NA,NA,NA,NA,NA,NA,NA,0,0,0,NA,,,,1,NA,0,40,3,0,,,NA,NA,NA,NA,NA,NA,NA,NA,NA,NA,NA,NA,NA,NA,0,
2020,09/12/2013 12:11:00 PM," BROADWAY and PAULINA STREET, Somerville, MA",-71.1237159,42.4018427,2,1,2,3,1,4,1,1,99,NA,,,,NA,NA,NA,NA,NA,NA,NA,NA,NA,NA,NA,NA,NA,NA,NA,1,0,0,4,2,,5a,1,NA,0,21,4,0,,,NA,NA,NA,NA,NA,NA,NA,NA,NA,NA,NA,NA,NA,NA,0,
2021,09/13/2013 09:05:00 AM," ALBION STREET and LOWELL STREET, Somerville, MA",-71.1071395,42.3913877,3,2,2,3,1,1,2,1,NA,NA,,,,NA,NA,NA,NA,NA,NA,NA,NA,NA,NA,NA,NA,NA,NA,NA,0,0,0,NA,,,,0,NA,,,,,,,NA,NA,NA,NA,NA,NA,NA,NA,NA,NA,NA,NA,NA,NA,0,
2022,09/13/2013 04:55:00 PM," PAULINA STREET and BROADWAY, Somerville, MA",-71.1237159,42.4018427,1,1,4,2,1,2,1,2,1,NA,,,,NA,NA,NA,NA,NA,NA,NA,NA,NA,NA,NA,NA,NA,NA,NA,1,0,0,4,1,,5,1,NA,0,,4,1,,,NA,NA,NA,NA,NA,NA,NA,NA,NA,NA,NA,NA,NA,NA,0,
2023,09/14/2013 09:13:00 PM," BROADWAY and SCHOOL STREET, Somerville, MA",-71.0944105,42.3932298,1,1,3,3,3,2,2,2,1,NA,1,5,10,NA,NA,NA,NA,NA,NA,NA,NA,NA,NA,NA,NA,NA,NA,NA,0,0,0,NA,,,,0,NA,,,,,,,NA,NA,NA,NA,NA,NA,NA,NA,NA,NA,NA,NA,NA,NA,0,
2024,09/15/2013 06:09:00 PM,"235 HIGHLAND AVENUE, Somerville, MA",-71.1089411,42.3908234,2,1,1,1,1,3,2,2,1,NA,1,4,19,NA,NA,NA,NA,NA,NA,NA,NA,NA,NA,NA,NA,NA,NA,NA,0,0,0,NA,,,,0,NA,,,,,,,NA,NA,NA,NA,NA,NA,NA,NA,NA,NA,NA,NA,NA,NA,0,
2025,09/15/2013 07:22:00 PM,"608 SOMERVILLE AVENUE, Somerville, MA",-71.1095749,42.3837807,2,1,1,1,1,2,3,1,1,NA,2,5,19,NA,2,5,19,NA,NA,NA,NA,NA,NA,NA,NA,NA,NA,NA,0,0,0,NA,,,,1,NA,0,27,4,1,,,NA,NA,NA,NA,NA,NA,NA,NA,NA,NA,NA,NA,NA,NA,0,
2026,09/16/2013 07:42:00 AM," BROADWAY, Somerville, MA",-71.1075914,42.3983788,1,1,2,2,1,1,2,1,1,NA,7,97,,NA,NA,NA,NA,NA,NA,NA,NA,NA,NA,NA,NA,NA,NA,NA,0,0,0,NA,,,,0,NA,,,,,,,NA,NA,NA,NA,NA,NA,NA,NA,NA,NA,NA,NA,NA,NA,0,
2027,09/18/2013 06:57:00 PM," BROADWAY and CLARENDON AVENUE, Somerville, MA",-71.1276129,42.4034575,1,1,1,3,1,1,1,1,4,NA,,,,NA,NA,NA,NA,NA,NA,NA,NA,NA,NA,NA,NA,NA,NA,NA,1,0,0,4,2,,2,1,NA,1,26,3,1,,,NA,NA,NA,NA,NA,NA,NA,NA,NA,NA,NA,NA,NA,NA,0,
2028,09/19/2013 10:28:00 AM,"454 MEDFORD STREET, Somerville, MA",-71.1014192,42.3935315,197,1,1,1,2,4,2,2,1,NA,,,,NA,NA,NA,NA,NA,NA,NA,NA,NA,NA,NA,NA,NA,NA,NA,0,0,0,NA,,,,0,NA,,,,,,,NA,NA,NA,NA,NA,NA,NA,NA,NA,NA,NA,NA,NA,NA,0,
2029,09/19/2013 08:00:00 PM," CUTTER AVENUE and ELM STREET, Somerville, MA",-71.1199488,42.3947038,1,1,3,3,4,3,2,3,1,NA,1,3,4,NA,NA,NA,NA,NA,NA,NA,NA,NA,NA,NA,NA,NA,NA,NA,0,0,1,NA,,Motorcycle,,1,NA,1,27,4,0,,,NA,NA,NA,NA,NA,NA,NA,NA,NA,NA,NA,NA,NA,NA,0,
2030,09/19/2013 07:36:00 AM,"64 UNION SQUARE, Somerville, MA",-71.0953636,42.3798823,1,1,1,1,1,4,1,2,9,NA,,,,NA,NA,NA,NA,NA,NA,NA,NA,NA,NA,NA,NA,NA,NA,NA,1,0,0,4,2,,7,1,NA,1,35,3,1,,,NA,NA,NA,NA,NA,NA,NA,NA,NA,NA,NA,NA,NA,NA,0,
2031,09/19/2013 08:04:00 AM,"15 BEACON STREET, Somerville, MA",-71.1019853,42.374941,1,1,1,1,1,3,1,6,1,NA,,,,NA,NA,NA,NA,NA,NA,NA,NA,NA,NA,NA,NA,NA,NA,NA,1,0,0,4,2,,3,1,NA,1,49,3,1,,,NA,NA,NA,NA,NA,NA,NA,NA,NA,NA,NA,NA,NA,NA,0,
2032,09/20/2013 07:38:00 PM,"133 HOLLAND STREET, Somerville, MA",-71.125252,42.4001393,1,1,1,1,1,99,2,1,NA,NA,1,,,NA,NA,NA,NA,NA,NA,NA,NA,NA,NA,NA,NA,NA,NA,NA,0,0,0,NA,,,3,1,NA,1,57,4,1,,,NA,NA,NA,NA,NA,NA,NA,NA,NA,NA,NA,NA,NA,NA,0,
2033,09/20/2013 08:48:00 AM," SOMERVILLE AVENUE and KENT STREET, Somerville, MA",-71.1097087,42.3839475,1,1,1,3,1,3,1,2,99,NA,,,,NA,NA,NA,NA,NA,NA,NA,NA,NA,NA,NA,NA,NA,NA,NA,1,0,0,4,2,,2,1,NA,0,24,3,0,,,NA,NA,NA,NA,NA,NA,NA,NA,NA,NA,NA,NA,NA,NA,0,
2034,09/21/2013 10:15:00 AM," COLUMBUS AVENUE and WASHINGTON STREET, Somerville, MA",-71.0930682,42.3795065,1,1,2,3,1,3,2,1,NA,NA,1,,,NA,NA,NA,NA,NA,NA,NA,NA,NA,NA,NA,NA,NA,NA,NA,0,0,0,NA,,,,0,NA,,,,,,,NA,NA,NA,NA,NA,NA,NA,NA,NA,NA,NA,NA,NA,NA,0,
2035,09/22/2013 06:58:00 AM," PACKARD AVENUE, Somerville, MA",-71.1232672,42.4047614,23,2,3,3,1,2,2,1,1,NA,1,5,,NA,NA,NA,NA,NA,NA,NA,NA,NA,NA,NA,NA,NA,NA,NA,0,0,0,NA,,,,0,NA,,,,,,,NA,NA,NA,NA,NA,NA,NA,NA,NA,NA,NA,NA,NA,NA,0,
2036,09/22/2013 11:20:00 AM,"213 HIGHLAND AVENUE, Somerville, MA",-71.1074469,42.390242,1,1,1,1,1,2,2,1,99,NA,1,99,,NA,NA,NA,NA,NA,NA,NA,NA,NA,NA,NA,NA,NA,NA,NA,0,0,0,NA,,,,1,NA,0,42,99,1,,,NA,NA,NA,NA,NA,NA,NA,NA,NA,NA,NA,NA,NA,NA,0,
2037,09/23/2013 06:28:00 AM,"16 BEACON STREET, Somerville, MA",-71.1025604,42.374749,1,1,1,1,2,1,1,1,6,NA,,,,NA,NA,NA,NA,NA,NA,NA,NA,NA,NA,NA,NA,NA,NA,NA,1,0,0,10,2,,1,0,NA,,,,,,,NA,NA,NA,NA,NA,NA,NA,NA,NA,NA,NA,NA,NA,NA,0,
2038,09/24/2013 11:55:00 AM," BOSTON STREET and WALNUT STREET, Somerville, MA",-71.0952886,42.3835185,1,1,2,3,4,3,2,2,4,NA,1,1,,NA,NA,NA,NA,NA,NA,NA,NA,NA,NA,NA,NA,NA,NA,NA,0,0,0,NA,,,,0,NA,,,,,,,NA,NA,NA,NA,NA,NA,NA,NA,NA,NA,NA,NA,NA,NA,0,
2039,09/24/2013 01:07:00 PM," BROADWAY and TEMPLE STREET, Somerville, MA",-71.0934064,42.3925566,1,1,2,2,1,,1,2,19,NA,,,,NA,NA,NA,NA,NA,NA,NA,NA,NA,NA,NA,NA,NA,NA,NA,0,1,0,1,1,,4,0,NA,,,,,,,NA,NA,NA,NA,NA,NA,NA,NA,NA,NA,NA,NA,NA,NA,0,
2040,09/24/2013 02:30:00 PM,"16 WINTER STREET, Somerville, MA",-71.122777,42.3972561,1,1,1,1,4,4,2,6,1,NA,10,1,,NA,NA,NA,NA,NA,NA,NA,NA,NA,NA,NA,NA,NA,NA,NA,0,0,0,NA,,,,0,NA,,,,,,,NA,NA,NA,NA,NA,NA,NA,NA,NA,NA,NA,NA,NA,NA,1,
2041,09/24/2013 11:55:00 PM," POWDER HOUSE BOULEVARD and CURTIS STREET, Somerville, MA",-71.1258479,42.4054336,1,1,3,2,2,99,1,1,99,NA,,,,NA,NA,NA,NA,NA,NA,NA,NA,NA,NA,NA,NA,NA,NA,NA,0,0,1,99,1,Skater,5,1,NA,1,23,2,1,,,NA,NA,NA,NA,NA,NA,NA,NA,NA,NA,NA,NA,NA,NA,0,
2042,09/24/2013 06:28:00 PM,"596 SOMERVILLE AVENUE, Somerville, MA",-71.1094869,42.3838109,1,1,1,9,1,1,1,2,4,NA,,,,NA,NA,NA,NA,NA,NA,NA,NA,NA,NA,NA,NA,NA,NA,NA,1,0,0,4,2,,2,1,NA,1,27,3,1,,,NA,NA,NA,NA,NA,NA,NA,NA,NA,NA,NA,NA,NA,NA,0,
2043,09/25/2013 12:56:00 PM,"186 LOWELL STREET, Somerville, MA",-71.1079264,42.3904391,1,1,1,1,1,4,2,2,1,NA,1,6,9,NA,NA,NA,NA,NA,NA,NA,NA,NA,NA,NA,NA,NA,NA,NA,0,0,0,NA,,,,1,NA,1,74,4,1,,,NA,NA,NA,NA,NA,NA,NA,NA,NA,NA,NA,NA,NA,NA,0,
2044,09/25/2013 02:20:00 PM,"353 MEDFORD STREET, Somerville, MA",-71.0962865,42.3887792,1,1,1,1,1,2,1,6,1,NA,,,,NA,NA,NA,NA,NA,NA,NA,NA,NA,NA,NA,NA,NA,NA,NA,1,0,0,4,2,,4a,1,NA,1,48,3,1,,,NA,NA,NA,NA,NA,NA,NA,NA,NA,NA,NA,NA,NA,NA,1,
2045,09/26/2013 07:40:00 PM,"27 DICKINSON STREET, Somerville, MA",-71.1010795,42.3754717,2,1,2,1,4,3,2,NA,NA,NA,,,,NA,NA,NA,NA,NA,NA,NA,NA,NA,NA,NA,NA,NA,NA,NA,0,0,0,NA,,,,0,NA,,,,,,,NA,NA,NA,NA,NA,NA,NA,NA,NA,NA,NA,NA,NA,NA,1,
2046,09/26/2013 11:31:00 AM," WASHINGTON STREET and INNER BELT ROAD, Somerville, MA",-71.0815211,42.3820437,1,1,3,3,2,5,1,NA,4,NA,,,,NA,NA,NA,NA,NA,NA,NA,NA,NA,NA,NA,NA,NA,NA,NA,1,0,0,2,2,,5,1,NA,1,,4,0,,,NA,NA,NA,NA,NA,NA,NA,NA,NA,NA,NA,NA,NA,NA,0,
2047,09/27/2013 07:47:00 AM," BEACON STREET and WASHINGTON STREET, Somerville, MA",-71.106382,42.3782892,1,1,3,2,2,3,2,6,99,NA,,,,NA,NA,NA,NA,NA,NA,NA,NA,NA,NA,NA,NA,NA,NA,NA,0,0,0,NA,,,,0,NA,,,,,,,NA,NA,NA,NA,NA,NA,NA,NA,NA,NA,NA,NA,NA,NA,0,
2048,09/27/2013 11:21:00 AM,"33 BOW STREET, Somerville, MA",-71.0974367,42.3817822,2,1,3,3,4,1,1,1,NA,NA,,,,NA,NA,NA,NA,NA,NA,NA,NA,NA,NA,NA,NA,NA,NA,NA,0,0,1,NA,,Fence; street sign; parking meter,,0,NA,,,,,,,NA,NA,NA,NA,NA,NA,NA,NA,NA,NA,NA,NA,NA,NA,0,
2049,09/27/2013 11:43:00 AM," BROADWAY and FELLSWAY, Somerville, MA",-71.0903539,42.390614,2,1,3,3,2,2,2,2,19,NA,2,1,,NA,NA,NA,NA,NA,NA,NA,NA,NA,NA,NA,NA,NA,NA,NA,0,0,0,NA,,,,0,NA,,,,,,,NA,NA,NA,NA,NA,NA,NA,NA,NA,NA,NA,NA,NA,NA,0,
2050,09/27/2013 02:40:00 PM,"45 BROADWAY, Somerville, MA",-71.0796898,42.3865844,1,1,1,1,2,5,2,6,99,NA,2,1,,NA,NA,NA,NA,NA,NA,NA,NA,NA,NA,NA,NA,NA,NA,NA,0,0,0,NA,,,,0,NA,,,,,,,NA,NA,NA,NA,NA,NA,NA,NA,NA,NA,NA,NA,NA,NA,0,
2051,09/27/2013 07:54:00 AM,"31 UNION SQUARE, Somerville, MA",-71.0968735,42.3801397,2,1,3,1,4,3,1,1,4,NA,,,,NA,NA,NA,NA,NA,NA,NA,NA,NA,NA,NA,NA,NA,NA,NA,0,1,0,1,1,,5,0,NA,,,,,,,NA,NA,NA,NA,NA,NA,NA,NA,NA,NA,NA,NA,NA,NA,0,Ped walking bike
2052,09/28/2013 01:17:00 PM," CENTRAL STREET and HIGHLAND AVENUE, Somerville, MA",-71.1034359,42.3884241,1,1,3,2,1,3,2,2,1,NA,1,4,,NA,NA,NA,NA,NA,NA,NA,NA,NA,NA,NA,NA,NA,NA,NA,0,0,0,NA,,,,0,NA,,,,,,,NA,NA,NA,NA,NA,NA,NA,NA,NA,NA,NA,NA,NA,NA,0,
2053,09/28/2013 06:59:00 PM,"180 SOMERVILLE AVENUE, Somerville, MA",-71.0904322,42.3764299,1,1,1,1,1,4,2,NA,99,NA,,,,NA,NA,NA,NA,NA,NA,NA,NA,NA,NA,NA,NA,NA,NA,NA,0,0,0,NA,,,,0,NA,,,,,,,NA,NA,NA,NA,NA,NA,NA,NA,NA,NA,NA,NA,NA,NA,0,
2054,09/28/2013 07:00:00 PM,"70 PEARL STREET, Somerville, MA",-71.0841287,42.3843658,1,1,1,1,1,1,1,2,10,9,,,,NA,NA,NA,NA,NA,NA,NA,NA,NA,NA,NA,NA,NA,NA,NA,0,0,1,NA,,Tree; fence,,0,NA,,,,,,,NA,NA,NA,NA,NA,NA,NA,NA,NA,NA,NA,NA,NA,NA,0,
2055,09/30/2013 12:00:00 PM," PARK STREET and SOMERVILLE AVENUE, Somerville, MA",-71.1063139,42.3831974,1,1,3,3,1,2,2,1,1,NA,2,5,,NA,NA,NA,NA,NA,NA,NA,NA,NA,NA,NA,NA,NA,NA,NA,0,0,0,NA,,,,0,NA,,,,,,,NA,NA,NA,NA,NA,NA,NA,NA,NA,NA,NA,NA,NA,NA,0,
2056,10/01/2013 08:51:00 PM,"196 BROADWAY, Somerville, MA",-71.0875226,42.3891573,1,1,1,1,2,2,2,1,10,9,1,1,,NA,NA,NA,NA,NA,NA,NA,NA,NA,NA,NA,NA,NA,NA,NA,0,0,0,NA,,,,1,NA,1,40,4,0,,,NA,NA,NA,NA,NA,NA,NA,NA,NA,NA,NA,NA,NA,NA,0,
2057,10/01/2013 06:29:00 AM,"167 HIGHLAND AVENUE, Somerville, MA",-71.1045294,42.3890104,1,1,1,1,2,1,1,1,19,NA,,,,NA,NA,NA,NA,NA,NA,NA,NA,NA,NA,NA,NA,NA,NA,NA,0,1,0,4,2,,7,1,NA,0,87,4,1,,,NA,NA,NA,NA,NA,NA,NA,NA,NA,NA,NA,NA,NA,NA,0,
2058,10/01/2013 06:09:00 PM,"71 BEACON STREET, Somerville, MA",-71.103989,42.3765334,1,1,1,1,1,1,1,1,19,NA,,,,NA,NA,NA,NA,NA,NA,NA,NA,NA,NA,NA,NA,NA,NA,NA,1,0,0,4,2,,3,1,NA,1,35,4,0,,,NA,NA,NA,NA,NA,NA,NA,NA,NA,NA,NA,NA,NA,NA,0,