id,date_time,address,lon,lat,Weather,road_surface,traffic_control_device,intersection_type,traffic_way_desc,collision_manner,num_involved_vehicles,vehicle1_configuration,driver1_contrib1,driver1_contrib2,vehicle2_configuration,driver2_contrib1,driver2_contrib2,vehicle3_configuration,driver3_contrib1,driver3_contrib2,vehicle4_configuration,driver4_contrib1,driver4_contrib2,vehicle5_configuration,driver5_contrib1,driver5_contrib2,vehicle6_configuration,driver6_contrib1,driver6_contrib2,vehicle7_configuration,driver7_contrib1,driver7_contrib2,Bicycle,Pedestrian,non_mv,non_motorist_location,non_motorist_action,non_motorist_type,manner_of_non_motorist_collision,Injury,Multiple,Gender1,Age1,Severity1,Hospital1,Gender2,Age2,Severity2,Hospital2,Gender3,Age3,Severity3,Hospital3,Gender4,Age4,Severity4,Hospital4,Gender5,Age5,Severity5,Hospital5,city_vehicle,Notes
2059,10/02/2013 06:36:00 PM," SYCAMORE STREET and MEDFORD STREET, Somerville, MA",-71.0994049,42.3913289,,,,,,,1,1,1,NA,,,,NA,NA,NA,NA,NA,NA,NA,NA,NA,NA,NA,NA,NA,NA,NA,1,0,0,4,1,,5,1,NA,1,54,4,1,,,NA,NA,NA,NA,NA,NA,NA,NA,NA,NA,NA,NA,NA,NA,0,
2060,10/04/2013 03:28:00 PM,"175 HIGHLAND AVENUE, Somerville, MA",-71.1052208,42.3890411,2,1,1,1,1,4,2,2,1,NA,2,1,,NA,NA,NA,NA,NA,NA,NA,NA,NA,NA,NA,NA,NA,NA,NA,0,0,0,NA,,,,1,NA,0,17,3,1,,,NA,NA,NA,NA,NA,NA,NA,NA,NA,NA,NA,NA,NA,NA,0,
2061,10/04/2013 06:58:00 AM,"15 BEACON STREET, Somerville, MA",-71.1019853,42.374941,1,1,1,1,1,,1,NA,1,NA,,,,NA,NA,NA,NA,NA,NA,NA,NA,NA,NA,NA,NA,NA,NA,NA,1,0,0,4,2,,3,1,NA,1,55,4,1,,,NA,NA,NA,NA,NA,NA,NA,NA,NA,NA,NA,NA,NA,NA,0,
2062,10/06/2013 03:00:00 PM," TEMPLE STREET and DERBY STREET, Somerville, MA",-71.0915388,42.3950558,23,2,1,1,1,3,2,1,7,NA,1,1,,NA,NA,NA,NA,NA,NA,NA,NA,NA,NA,NA,NA,NA,NA,NA,0,0,0,NA,,,,1,NA,0,27,4,1,,,NA,NA,NA,NA,NA,NA,NA,NA,NA,NA,NA,NA,NA,NA,0,
2063,10/07/2013 07:22:00 PM," POWDER HOUSE BOULEVARD and NORTH STREET, Somerville, MA",-71.1302644,42.4073825,3,2,3,2,1,3,2,1,3,10,1,1,,NA,NA,NA,NA,NA,NA,NA,NA,NA,NA,NA,NA,NA,NA,NA,0,0,0,NA,,,,0,NA,,,,,,,NA,NA,NA,NA,NA,NA,NA,NA,NA,NA,NA,NA,NA,NA,0,
2064,10/08/2013 01:05:00 PM," SUMMER STREET and WINDOM STREET, Somerville, MA",-71.1196495,42.3937005,1,1,1,3,4,2,3,1,20,NA,,,,NA,NA,NA,NA,NA,NA,NA,NA,NA,NA,NA,NA,NA,NA,NA,0,0,0,NA,,,,1,NA,1,49,4,0,,,NA,NA,NA,NA,NA,NA,NA,NA,NA,NA,NA,NA,NA,NA,0,
2065,10/08/2013 10:30:00 AM," BEACON STREET and OXFORD STREET, Somerville, MA",-71.1161841,42.3860143,1,1,1,3,1,1,1,1,13,NA,,,,NA,NA,NA,NA,NA,NA,NA,NA,NA,NA,NA,NA,NA,NA,NA,1,0,0,10,2,,1,1,NA,1,31,3,0,,,NA,NA,NA,NA,NA,NA,NA,NA,NA,NA,NA,NA,NA,NA,0,
2066,10/11/2013 10:01:00 PM,"344 SOMERVILLE AVENUE, Somerville, MA",-71.0984401,42.3806646,2,1,1,1,4,4,2,2,4,NA,1,1,,NA,NA,NA,NA,NA,NA,NA,NA,NA,NA,NA,NA,NA,NA,NA,0,0,0,NA,,,,1,NA,0,41,4,1,,,NA,NA,NA,NA,NA,NA,NA,NA,NA,NA,NA,NA,NA,NA,0,
2067,10/14/2013 07:35:00 AM," LOMBARDI WAY and MYSTIC AVENUE, Somerville, MA",-71.0776432,42.3869834,1,1,3,2,1,3,2,1,3,NA,1,1,,NA,NA,NA,NA,NA,NA,NA,NA,NA,NA,NA,NA,NA,NA,NA,0,0,0,NA,,,,1,NA,0,,4,1,,,NA,NA,NA,NA,NA,NA,NA,NA,NA,NA,NA,NA,NA,NA,0,
2068,10/14/2013 10:53:00 PM," CROSS STREET and FLINT STREET, Somerville, MA",-71.0885192,42.3848417,1,1,2,2,1,3,2,1,1,NA,1,2,3,NA,NA,NA,NA,NA,NA,NA,NA,NA,NA,NA,NA,NA,NA,NA,0,0,0,NA,,,,0,NA,,,,,,,NA,NA,NA,NA,NA,NA,NA,NA,NA,NA,NA,NA,NA,NA,0,
2069,10/14/2013 11:08:00 PM,"30 GILMAN STREET, Somerville, MA",-71.090365,42.384669,1,1,1,1,4,4,3,1,1,NA,1,1,,2,9,10,NA,NA,NA,NA,NA,NA,NA,NA,NA,NA,NA,NA,0,0,0,NA,,,,0,NA,,,,,,,NA,NA,NA,NA,NA,NA,NA,NA,NA,NA,NA,NA,NA,NA,0,
2070,10/15/2013 12:00:00 AM,"229 TREMONT STREET, Somerville, MA",-71.095674,42.375716,1,1,1,4,4,4,2,1,99,NA,1,1,,NA,NA,NA,NA,NA,NA,NA,NA,NA,NA,NA,NA,NA,NA,NA,0,0,0,NA,,,,0,NA,,,,,,,NA,NA,NA,NA,NA,NA,NA,NA,NA,NA,NA,NA,NA,NA,0,
2071,10/15/2013 03:02:00 PM," BROADWAY and CHARLES E RYAN ROAD, Somerville, MA",-71.1056987,42.3977741,1,1,1,3,3,3,2,2,1,NA,6,1,,NA,NA,NA,NA,NA,NA,NA,NA,NA,NA,NA,NA,NA,NA,NA,0,0,0,NA,,,,1,NA,1,58,3,1,,,NA,NA,NA,NA,NA,NA,NA,NA,NA,NA,NA,NA,NA,NA,0,
2072,10/15/2013 10:30:00 PM," POWDER HOUSE BOULEVARD and MASON STREET, Somerville, MA",-71.12136,42.4034151,1,1,1,3,1,4,2,1,20,NA,1,1,,NA,NA,NA,NA,NA,NA,NA,NA,NA,NA,NA,NA,NA,NA,NA,0,0,0,NA,,,,0,NA,,,,,,,NA,NA,NA,NA,NA,NA,NA,NA,NA,NA,NA,NA,NA,NA,0,
2073,10/16/2013 08:19:00 PM," PEARL STREET, Somerville, MA",-71.0878325,42.3857024,1,1,1,1,3,4,2,1,9,10,1,1,,NA,NA,NA,NA,NA,NA,NA,NA,NA,NA,NA,NA,NA,NA,NA,0,0,0,NA,,,,0,NA,,,,,,,NA,NA,NA,NA,NA,NA,NA,NA,NA,NA,NA,NA,NA,NA,0,
2074,10/16/2013 11:17:00 PM,"2 HIGHLAND AVENUE, Somerville, MA",-71.0927047,42.3845571,2,1,3,2,2,1,1,1,99,NA,,,,NA,NA,NA,NA,NA,NA,NA,NA,NA,NA,NA,NA,NA,NA,NA,0,0,1,NA,,Traffic sign,,0,NA,,,,,,,NA,NA,NA,NA,NA,NA,NA,NA,NA,NA,NA,NA,NA,NA,0,
2075,10/18/2013 06:56:00 PM," WALNUT STREET and SUMMER STREET, Somerville, MA",-71.113778,42.414777,1,1,1,3,4,3,1,NA,NA,NA,,,,NA,NA,NA,NA,NA,NA,NA,NA,NA,NA,NA,NA,NA,NA,NA,1,0,0,1,2,,1,1,NA,1,15,2,1,,,NA,NA,NA,NA,NA,NA,NA,NA,NA,NA,NA,NA,NA,NA,0,
2076,10/19/2013 01:30:00 AM,"4 EVERGREEN AVENUE, Somerville, MA",-71.094565,42.39079,99,99,1,1,4,34,2,1,1,NA,2,97,,NA,NA,NA,NA,NA,NA,NA,NA,NA,NA,NA,NA,NA,NA,NA,0,0,0,NA,,,,0,NA,,,,,,,NA,NA,NA,NA,NA,NA,NA,NA,NA,NA,NA,NA,NA,NA,0,
2077,10/19/2013 09:37:00 AM,"195 HIGHLAND AVENUE, Somerville, MA",-71.106374,42.389846,1,1,1,1,2,3,2,3,1,NA,1,4,,NA,NA,NA,NA,NA,NA,NA,NA,NA,NA,NA,NA,NA,NA,NA,0,0,1,NA,,Motorcycle,,1,2,1,38,2,1,0,29,4,0,NA,NA,NA,NA,NA,NA,NA,NA,NA,NA,NA,NA,0,
2078,10/20/2013 01:33:00 AM,"HAWTHORNE STREET and WILLOW STREET, Somerville, MA",-71.1171936,42.39359,3,2,2,3,4,3,2,1,1,NA,1,4,,NA,NA,NA,NA,NA,NA,NA,NA,NA,NA,NA,NA,NA,NA,NA,0,0,0,NA,,,,0,NA,,,,,,,NA,NA,NA,NA,NA,NA,NA,NA,NA,NA,NA,NA,NA,NA,0,
2079,10/21/2013 04:34:00 PM,"32 CLARENDON AVENUE, Somerville, MA",-71.1286745,42.4025745,1,1,1,1,4,5,2,10,3,8,1,,,NA,NA,NA,NA,NA,NA,NA,NA,NA,NA,NA,NA,NA,NA,NA,0,0,0,NA,,,,0,NA,,,,,,,NA,NA,NA,NA,NA,NA,NA,NA,NA,NA,NA,NA,NA,NA,0,
2080,10/22/2013 07:54:00 AM,"130 SUMMER STREET, Somerville, MA",-71.1040791,42.3855264,1,1,1,1,2,2,2,1,5,NA,1,1,,NA,NA,NA,NA,NA,NA,NA,NA,NA,NA,NA,NA,NA,NA,NA,0,0,0,NA,,,,0,NA,,,,,,,NA,NA,NA,NA,NA,NA,NA,NA,NA,NA,NA,NA,NA,NA,0,
2081,10/23/2013 06:11:00 PM," COLLEGE AVENUE and MORRISON AVENUE, Somerville, MA",-71.1214296,42.3979434,1,1,3,3,1,2,2,1,19,NA,1,1,,NA,NA,NA,NA,NA,NA,NA,NA,NA,NA,NA,NA,NA,NA,NA,0,0,0,NA,,,,1,NA,0,49,3,0,,,NA,NA,NA,NA,NA,NA,NA,NA,NA,NA,NA,NA,NA,NA,0,
2082,10/23/2013 05:37:00 AM,"216 MCGRATH HIGHWAY, Somerville, MA",-71.0887457,42.3767344,1,1,1,1,1,3,1,1,1,NA,,,,NA,NA,NA,NA,NA,NA,NA,NA,NA,NA,NA,NA,NA,NA,NA,1,0,0,4,1,,5a,1,NA,1,16,3,0,,,NA,NA,NA,NA,NA,NA,NA,NA,NA,NA,NA,NA,NA,NA,0,
2083,10/24/2013 06:58:00 AM," BEACON STREET and WASHINGTON STREET, Somerville, MA",-71.106382,42.3782892,,,,,,,1,1,6,NA,,,,NA,NA,NA,NA,NA,NA,NA,NA,NA,NA,NA,NA,NA,NA,NA,0,1,0,1,1,,2,1,NA,,26,4,1,,,NA,NA,NA,NA,NA,NA,NA,NA,NA,NA,NA,NA,NA,NA,0,
2084,10/24/2013 09:57:00 AM," PRESCOTT STREET and HIGHLAND AVENUE, Somerville, MA",-71.0978014,42.3865229,1,1,2,3,1,3,2,1,3,NA,1,1,,NA,NA,NA,NA,NA,NA,NA,NA,NA,NA,NA,NA,NA,NA,NA,0,0,0,NA,,,,0,NA,,,,,,,NA,NA,NA,NA,NA,NA,NA,NA,NA,NA,NA,NA,NA,NA,0,
2085,10/25/2013 08:44:00 AM," BROADWAY and MAIN STREET, Somerville, MA",-71.0975984,42.3947314,2,1,3,2,1,3,2,2,3,NA,1,1,,NA,NA,NA,NA,NA,NA,NA,NA,NA,NA,NA,NA,NA,NA,NA,0,0,0,NA,,,,0,NA,,,,,,,NA,NA,NA,NA,NA,NA,NA,NA,NA,NA,NA,NA,NA,NA,0,
2086,10/26/2013 03:54:00 PM," MEDFORD STREET and WALNUT STREET, Somerville, MA",-71.0937489,42.3857992,1,1,3,2,4,6,2,NA,99,NA,1,99,,NA,NA,NA,NA,NA,NA,NA,NA,NA,NA,NA,NA,NA,NA,NA,0,0,0,NA,,,,0,NA,,,,,,,NA,NA,NA,NA,NA,NA,NA,NA,NA,NA,NA,NA,NA,NA,0,
2087,10/27/2013 02:00:00 AM,"400 SOMERVILLE AVENUE, Somerville, MA",-71.1015967,42.3807302,2,1,1,1,1,3,3,1,2,10,1,1,,2,1,NA,NA,NA,NA,NA,NA,NA,NA,NA,NA,NA,NA,NA,0,0,0,NA,,,,0,NA,,,,,,,NA,NA,NA,NA,NA,NA,NA,NA,NA,NA,NA,NA,NA,NA,0,
2088,10/27/2013 02:10:00 AM,"38 DANE STREET, Somerville, MA",-71.1042738,42.3806498,2,1,1,1,1,3,2,1,2,99,2,1,,NA,NA,NA,NA,NA,NA,NA,NA,NA,NA,NA,NA,NA,NA,NA,0,0,0,NA,,,,0,NA,,,,,,,NA,NA,NA,NA,NA,NA,NA,NA,NA,NA,NA,NA,NA,NA,0,
2089,10/27/2013 01:52:00 PM," WEBSTER AVENUE and COLUMBIA STREET, Somerville, MA",-71.0952351,42.3758647,2,1,2,3,1,3,2,1,1,NA,1,4,,NA,NA,NA,NA,NA,NA,NA,NA,NA,NA,NA,NA,NA,NA,NA,0,0,0,NA,,,,0,NA,,,,,,,NA,NA,NA,NA,NA,NA,NA,NA,NA,NA,NA,NA,NA,NA,0,
2090,10/27/2013 05:09:00 PM," COLUMBUS AVENUE and BONNER AVENUE, Somerville, MA",-71.0935999,42.3807138,1,1,1,3,1,2,2,2,10,7,1,1,,NA,NA,NA,NA,NA,NA,NA,NA,NA,NA,NA,NA,NA,NA,NA,0,0,0,NA,,,,1,NA,1,55,2,1,,,NA,NA,NA,NA,NA,NA,NA,NA,NA,NA,NA,NA,NA,NA,0,
2091,10/28/2013 08:56:00 AM," WASHINGTON STREET and WEBSTER AVENUE, Somerville, MA",-71.0964021,42.3796323,1,1,3,2,1,4,2,NA,99,NA,2,3,,NA,NA,NA,NA,NA,NA,NA,NA,NA,NA,NA,NA,NA,NA,NA,0,0,0,NA,,,,0,NA,,,,,,,NA,NA,NA,NA,NA,NA,NA,NA,NA,NA,NA,NA,NA,NA,0,
2092,10/29/2013 12:05:00 PM," Rte 16 W and ALEWIFE BROOK PARKWAY, Somerville, MA",-71.1413056,42.3972212,1,1,,1,1,2,2,2,1,NA,1,5,20,NA,NA,NA,NA,NA,NA,NA,NA,NA,NA,NA,NA,NA,NA,NA,0,0,0,NA,,,,0,NA,,,,,,,NA,NA,NA,NA,NA,NA,NA,NA,NA,NA,NA,NA,NA,NA,0,
2093,10/30/2013 07:18:00 PM,"REVOLUTION DRIVE, Somerville, MA",-71.0808,42.3905269,1,1,1,1,3,3,2,1,1,NA,2,1,,NA,NA,NA,NA,NA,NA,NA,NA,NA,NA,NA,NA,NA,NA,NA,0,0,0,NA,,,,0,NA,,,,,,,NA,NA,NA,NA,NA,NA,NA,NA,NA,NA,NA,NA,NA,NA,0,
2094,10/31/2013 12:58:00 AM,"BROADWAY and BOSTON AVENUE, Somerville, MA",-71.111491,42.399676,1,1,3,2,1,3,2,NA,NA,NA,,,,NA,NA,NA,NA,NA,NA,NA,NA,NA,NA,NA,NA,NA,NA,NA,0,0,0,NA,,,,0,NA,,,,,,,NA,NA,NA,NA,NA,NA,NA,NA,NA,NA,NA,NA,NA,NA,0,
2095,10/31/2013 11:22:00 AM,"SUMMER STREET and CHURCH STREET, Somerville, MA",-71.0993429,42.3832593,2,1,1,2,1,4,2,2,1,NA,,9,,NA,NA,NA,NA,NA,NA,NA,NA,NA,NA,NA,NA,NA,NA,NA,0,0,0,NA,,,,0,NA,,,,,,,NA,NA,NA,NA,NA,NA,NA,NA,NA,NA,NA,NA,NA,NA,1,
2096,10/31/2013 05:49:00 PM,"26 TEMPLE STREET, Somerville, MA",-71.0929289,42.393522,3,2,3,1,1,2,3,1,99,NA,1,1,,1,1,NA,NA,NA,NA,NA,NA,NA,NA,NA,NA,NA,NA,NA,0,0,0,NA,,,,0,NA,,,,,,,NA,NA,NA,NA,NA,NA,NA,NA,NA,NA,NA,NA,NA,NA,0,
2097,11/01/2013 09:00:00 AM,"Sycamore St and Highland Ave, Somerville, MA",-71.1019077,42.387909,23,2,1,3,4,3,1,1,99,NA,,,,NA,NA,NA,NA,NA,NA,NA,NA,NA,NA,NA,NA,NA,NA,NA,0,1,0,1,1,,1,1,NA,1,75,2,1,,,NA,NA,NA,NA,NA,NA,NA,NA,NA,NA,NA,NA,NA,NA,0,
2098,11/01/2013 12:02:00 PM,"216 College Ave, Somerville, MA",-71.1173888,42.4058935,23,2,2,3,1,3,1,NA,1,NA,,,,NA,NA,NA,NA,NA,NA,NA,NA,NA,NA,NA,NA,NA,NA,NA,1,0,0,4,2,,5a,1,NA,0,20,2,1,,,NA,NA,NA,NA,NA,NA,NA,NA,NA,NA,NA,NA,NA,NA,0,
2099,11/02/2013 09:48:00 AM,"158 Highland Ave, Somerville, MA",-71.1038226,42.3885396,1,1,3,2,1,3,2,2,99,NA,1,99,,NA,NA,NA,NA,NA,NA,NA,NA,NA,NA,NA,NA,NA,NA,NA,0,0,0,NA,,,,0,NA,,,,,,,NA,NA,NA,NA,NA,NA,NA,NA,NA,NA,NA,NA,NA,NA,0,
2100,11/05/2013 06:25:00 AM,"Central St and Summer St, Somerville, MA",-71.1050912,42.3860322,1,1,3,2,1,3,2,1,1,NA,1,1,,NA,NA,NA,NA,NA,NA,NA,NA,NA,NA,NA,NA,NA,NA,NA,0,0,0,NA,,,,1,NA,1,55,4,0,,,NA,NA,NA,NA,NA,NA,NA,NA,NA,NA,NA,NA,NA,NA,0,
2101,11/05/2013 10:44:00 AM,"Harrison St and Ivaloo St, Somerville, MA",-71.1083248,42.3816706,1,1,2,4,1,1,1,7,99,NA,,,,NA,NA,NA,NA,NA,NA,NA,NA,NA,NA,NA,NA,NA,NA,NA,0,0,1,NA,,Overhead electric wires,,0,NA,,,,,,,NA,NA,NA,NA,NA,NA,NA,NA,NA,NA,NA,NA,NA,NA,0,
2102,11/05/2013 07:40:00 PM,"Broadway and Willow Ave, Somerville, MA",-71.1127004,42.4001,1,1,3,2,1,5,2,1,1,NA,2,1,,NA,NA,NA,NA,NA,NA,NA,NA,NA,NA,NA,NA,NA,NA,NA,0,0,0,NA,,,,0,NA,,,,,,,NA,NA,NA,NA,NA,NA,NA,NA,NA,NA,NA,NA,NA,NA,1,
2103,11/05/2013 07:53:00 PM,"Paulina St and Holland St, Somerville, MA",-71.1252368,42.3998502,1,1,1,3,1,1,1,2,4,NA,,,,NA,NA,NA,NA,NA,NA,NA,NA,NA,NA,NA,NA,NA,NA,NA,0,1,0,1,2,,2,1,NA,0,32,3,1,,,NA,NA,NA,NA,NA,NA,NA,NA,NA,NA,NA,NA,NA,NA,0,
2104,11/07/2013 01:18:00 PM,"Somerville Ave and Loring St, Somerville, MA",-71.1041532,42.3827009,3,2,1,3,1,1,1,6,4,NA,,,,NA,NA,NA,NA,NA,NA,NA,NA,NA,NA,NA,NA,NA,NA,NA,1,0,0,4,2,,2,1,NA,1,33,2,1,,,NA,NA,NA,NA,NA,NA,NA,NA,NA,NA,NA,NA,NA,NA,0,
2105,11/09/2013 07:45:00 PM,"226 Pearl St, Somerville, MA",-71.093987,42.387431,1,1,1,1,1,4,5,2,9,11,1,1,,1,1,NA,1,1,NA,2,1,NA,NA,NA,NA,NA,NA,NA,0,0,0,NA,,,,0,NA,,,,,,,NA,NA,NA,NA,NA,NA,NA,NA,NA,NA,NA,NA,NA,NA,0,
2106,11/10/2013 10:00:00 PM,"201 Willow Ave, Somerville, MA",-71.1141142,42.3973541,1,1,,1,1,4,1,NA,99,NA,,,,NA,NA,NA,NA,NA,NA,NA,NA,NA,NA,NA,NA,NA,NA,NA,1,0,0,4,2,,7,0,NA,,,,,,,NA,NA,NA,NA,NA,NA,NA,NA,NA,NA,NA,NA,NA,NA,0,
2107,11/11/2013 08:00:00 PM,"Cherry St and Summer St, Somerville, MA",-71.1149866,42.3914194,1,1,2,2,1,3,1,NA,NA,NA,,,,NA,NA,NA,NA,NA,NA,NA,NA,NA,NA,NA,NA,NA,NA,NA,1,0,0,4,2,,5,1,NA,0,28,3,1,,,NA,NA,NA,NA,NA,NA,NA,NA,NA,NA,NA,NA,NA,NA,0,
2108,11/12/2013 03:45:00 PM,"40 Holland St, Somerville, MA",-71.1236271,42.3975004,2,1,1,1,1,3,2,NA,4,NA,,99,,NA,NA,NA,NA,NA,NA,NA,NA,NA,NA,NA,NA,NA,NA,NA,0,0,0,NA,,,,0,NA,,,,,,,NA,NA,NA,NA,NA,NA,NA,NA,NA,NA,NA,NA,NA,NA,0,
2109,11/12/2013 05:40:00 PM,"Washington St and Hawkins St, Somerville, MA",-71.0979887,42.3794877,1,1,6,3,1,2,2,1,1,NA,1,10,19,NA,NA,NA,NA,NA,NA,NA,NA,NA,NA,NA,NA,NA,NA,NA,0,0,0,NA,,,,0,NA,,,,,,,NA,NA,NA,NA,NA,NA,NA,NA,NA,NA,NA,NA,NA,NA,0,
2110,11/14/2013 08:29:00 AM,"103 College Ave, Somerville, MA",-71.1184969,42.3994253,1,1,1,1,1,2,2,NA,19,NA,2,,,NA,NA,NA,NA,NA,NA,NA,NA,NA,NA,NA,NA,NA,NA,NA,0,0,0,NA,,,,0,NA,,,,,,,NA,NA,NA,NA,NA,NA,NA,NA,NA,NA,NA,NA,NA,NA,1,
2111,11/14/2013 03:41:00 PM,"148 Highland Ave, Somerville, MA",-71.1030961,42.388151,2,1,1,1,1,3,2,1,1,NA,2,3,,NA,NA,NA,NA,NA,NA,NA,NA,NA,NA,NA,NA,NA,NA,NA,0,0,0,NA,,,,0,NA,,,,,,,NA,NA,NA,NA,NA,NA,NA,NA,NA,NA,NA,NA,NA,NA,0,
2112,11/14/2013 04:50:00 PM,"99 Holland St, Somerville, MA",-71.1246194,42.3990907,1,1,1,1,1,2,2,1,NA,NA,,,,NA,NA,NA,NA,NA,NA,NA,NA,NA,NA,NA,NA,NA,NA,NA,0,0,0,NA,,,,1,NA,0,22,4,1,,,NA,NA,NA,NA,NA,NA,NA,NA,NA,NA,NA,NA,NA,NA,0,
2113,11/14/2013 11:15:00 AM,"689 Somerville Ave, Somerville, MA",-71.1129319,42.3854236,1,1,1,1,1,1,1,1,4,NA,,,,NA,NA,NA,NA,NA,NA,NA,NA,NA,NA,NA,NA,NA,NA,NA,1,0,0,4,2,,2,1,NA,0,41,3,1,,,NA,NA,NA,NA,NA,NA,NA,NA,NA,NA,NA,NA,NA,NA,0,
2114,11/15/2013 03:49:00 PM,"13 Cutter St, Somerville, MA",-71.083977,42.386985,1,1,1,1,4,1,1,1,10,NA,,,,NA,NA,NA,NA,NA,NA,NA,NA,NA,NA,NA,NA,NA,NA,NA,0,0,1,NA,,Exterior wall of residence; fence,,0,NA,,,,,,,NA,NA,NA,NA,NA,NA,NA,NA,NA,NA,NA,NA,NA,NA,0,
2115,11/15/2013 08:00:00 AM,"157 Beacon St, Somerville, MA",-71.1072828,42.3793216,,,,,,,2,1,1,NA,97,1,,NA,NA,NA,NA,NA,NA,NA,NA,NA,NA,NA,NA,NA,NA,NA,1,0,0,10,2,,3,1,NA,0,,4,0,,,NA,NA,NA,NA,NA,NA,NA,NA,NA,NA,NA,NA,NA,NA,0,
2116,11/16/2013 04:49:00 PM,"Fellsway and Grand Union Blvd, Somerville, MA",-71.0845567,42.3976274,,,,,,,3,1,5,NA,1,1,,1,1,NA,NA,NA,NA,NA,NA,NA,NA,NA,NA,NA,NA,NA,0,0,0,NA,,,,1,NA,1,31,4,1,,,NA,NA,NA,NA,NA,NA,NA,NA,NA,NA,NA,NA,NA,NA,0,
2117,11/16/2013 06:30:00 PM,"Summer St and Cutter Ave, Somerville, MA",-71.1206131,42.3940936,1,1,3,3,4,2,3,1,14,17,1,1,,1,NA,NA,NA,NA,NA,NA,NA,NA,NA,NA,NA,NA,NA,NA,0,0,0,NA,,,,1,NA,1,57,3,1,,,NA,NA,NA,NA,NA,NA,NA,NA,NA,NA,NA,NA,NA,NA,0,
2118,11/18/2013 07:58:00 AM,"Broadway and Fellsway W, Somerville, MA",-71.0903539,42.390614,23,2,25,2,3,3,2,1,1,NA,2,99,,NA,NA,NA,NA,NA,NA,NA,NA,NA,NA,NA,NA,NA,NA,NA,0,0,0,NA,,,,0,NA,,,,,,,NA,NA,NA,NA,NA,NA,NA,NA,NA,NA,NA,NA,NA,NA,0,
2119,11/18/2013 11:53:00 AM,"176 Tremont St, Somerville, MA",-71.0957363,42.3751736,1,1,1,1,4,4,2,1,1,NA,,,,NA,NA,NA,NA,NA,NA,NA,NA,NA,NA,NA,NA,NA,NA,NA,0,0,0,NA,,,,0,NA,,,,,,,NA,NA,NA,NA,NA,NA,NA,NA,NA,NA,NA,NA,NA,NA,0,
2120,11/18/2013 07:35:00 AM,"181 Washington St, Somerville, MA",-71.0910397,42.3800532,23,2,1,1,2,3,1,NA,1,NA,,,,NA,NA,NA,NA,NA,NA,NA,NA,NA,NA,NA,NA,NA,NA,NA,1,0,0,4,2,,5a,1,NA,1,16,3,1,,,NA,NA,NA,NA,NA,NA,NA,NA,NA,NA,NA,NA,NA,NA,0,
2121,11/19/2013 08:59:00 AM,"605 Broadway, Somerville, MA",-71.108667,42.398939,1,1,1,1,2,2,2,1,1,NA,1,97,,NA,NA,NA,NA,NA,NA,NA,NA,NA,NA,NA,NA,NA,NA,NA,0,0,0,NA,,,,1,2,1,63,4,0,1,41,4,0,NA,NA,NA,NA,NA,NA,NA,NA,NA,NA,NA,NA,0,
2122,11/19/2013 01:15:00 PM,"Latin Way and Professor's Row, Somerville, MA",-71.1203151,42.4061406,2,1,2,3,1,3,1,2,NA,NA,,,,NA,NA,NA,NA,NA,NA,NA,NA,NA,NA,NA,NA,NA,NA,NA,1,0,0,4,2,,5a,1,NA,1,20,3,1,,,NA,NA,NA,NA,NA,NA,NA,NA,NA,NA,NA,NA,NA,NA,0,
2123,11/19/2013 07:00:00 PM,"Somerville Ave and Kent St, Somerville, MA",-71.1097087,42.3839475,1,1,1,3,,5,1,1,99,NA,,,,NA,NA,NA,NA,NA,NA,NA,NA,NA,NA,NA,NA,NA,NA,NA,1,0,0,4,2,,2,0,NA,,,,,,,NA,NA,NA,NA,NA,NA,NA,NA,NA,NA,NA,NA,NA,NA,0,
2124,11/20/2013 07:26:00 AM,"Farragut Ave and Hooker Ave, Somerville, MA",-71.1320764,42.4029427,1,1,2,3,1,3,2,1,3,NA,1,1,,NA,NA,NA,NA,NA,NA,NA,NA,NA,NA,NA,NA,NA,NA,NA,0,0,0,NA,,,,0,NA,,,,,,,NA,NA,NA,NA,NA,NA,NA,NA,NA,NA,NA,NA,NA,NA,0,
2125,11/21/2013 01:07:00 PM,"Prospect St and Somerville Ave, Somerville, MA",-71.0941078,42.3791063,1,1,3,2,1,4,2,2,1,NA,10,1,,NA,NA,NA,NA,NA,NA,NA,NA,NA,NA,NA,NA,NA,NA,NA,0,0,0,NA,,,,0,NA,,,,,,,NA,NA,NA,NA,NA,NA,NA,NA,NA,NA,NA,NA,NA,NA,0,
2126,11/21/2013 01:07:00 PM,"Broadway and McGrath Hwy, Somerville, MA",-71.0880963,42.3897397,1,1,3,2,2,3,1,2,NA,NA,,,,NA,NA,NA,NA,NA,NA,NA,NA,NA,NA,NA,NA,NA,NA,NA,0,1,0,1,1,Electric Wheelchair,5,1,NA,1,73,4,1,,,NA,NA,NA,NA,NA,NA,NA,NA,NA,NA,NA,NA,NA,NA,0,
2127,11/21/2013 02:00:00 PM,"Washington St and Florence St, Somerville, MA",-71.0830775,42.38179,1,1,1,1,1,1,1,2,1,NA,,,,NA,NA,NA,NA,NA,NA,NA,NA,NA,NA,NA,NA,NA,NA,NA,1,0,0,4,2,,6,1,NA,1,74,4,0,,,NA,NA,NA,NA,NA,NA,NA,NA,NA,NA,NA,NA,NA,NA,0,
2128,11/23/2013 05:53:00 AM,"Walnut St and Gilman St, Somerville, MA",-71.093397,42.3867133,1,1,1,3,4,2,4,1,10,NA,1,1,,1,1,NA,1,1,NA,NA,NA,NA,NA,NA,NA,NA,NA,NA,0,0,0,NA,,,,1,NA,0,28,2,1,,,NA,NA,NA,NA,NA,NA,NA,NA,NA,NA,NA,NA,NA,NA,0,