id,date_time,address,lon,lat,Weather,road_surface,traffic_control_device,intersection_type,traffic_way_desc,collision_manner,num_involved_vehicles,vehicle1_configuration,driver1_contrib1,driver1_contrib2,vehicle2_configuration,driver2_contrib1,driver2_contrib2,vehicle3_configuration,driver3_contrib1,driver3_contrib2,vehicle4_configuration,driver4_contrib1,driver4_contrib2,vehicle5_configuration,driver5_contrib1,driver5_contrib2,vehicle6_configuration,driver6_contrib1,driver6_contrib2,vehicle7_configuration,driver7_contrib1,driver7_contrib2,Bicycle,Pedestrian,non_mv,non_motorist_location,non_motorist_action,non_motorist_type,manner_of_non_motorist_collision,Injury,Multiple,Gender1,Age1,Severity1,Hospital1,Gender2,Age2,Severity2,Hospital2,Gender3,Age3,Severity3,Hospital3,Gender4,Age4,Severity4,Hospital4,Gender5,Age5,Severity5,Hospital5,city_vehicle,Notes
2198,01/08/2014 08:00:00 AM,"Lowell Street and Albion Street, Somerville, MA",-71.1071395,42.3913877,1,1,2,2,1,3,2,1,4,NA,2,1,,NA,NA,NA,NA,NA,NA,NA,NA,NA,NA,NA,NA,NA,NA,NA,0,0,0,0,0,,,0,NA,,,,,,,NA,NA,NA,NA,NA,NA,NA,NA,NA,NA,NA,NA,NA,NA,0,
2199,01/08/2014 03:37:00 PM,"Washington Street and Mansfield Street, Somerville, MA",-71.0906664,42.3798839,1,1,1,3,1,3,3,2,1,NA,2,1,,1,3,4,NA,NA,NA,NA,NA,NA,NA,NA,NA,NA,NA,NA,0,0,0,0,0,,,0,NA,,,,,,,NA,NA,NA,NA,NA,NA,NA,NA,NA,NA,NA,NA,NA,NA,0,
2200,01/09/2014 07:02:00 PM,"250 Elm Street, Somerville, MA",-71.1222737,42.3954169,99,99,1,1,99,3,2,1,4,NA,13,1,,NA,NA,NA,NA,NA,NA,NA,NA,NA,NA,NA,NA,NA,NA,NA,0,0,0,0,0,,,0,NA,,,,,,,NA,NA,NA,NA,NA,NA,NA,NA,NA,NA,NA,NA,NA,NA,1,MV changed lanes into DPW MV
2201,01/10/2014 05:35:00 AM,"7 Washington Street, Somerville, MA",-71.08145,42.382388,1,1,1,1,2,6,1,2,1,NA,,8,9,NA,NA,NA,NA,NA,NA,NA,NA,NA,NA,NA,NA,NA,NA,NA,1,0,0,10,2,,6,1,NA,1,36,3,1,,,NA,NA,NA,NA,NA,NA,NA,NA,NA,NA,NA,NA,NA,NA,0,
2202,01/11/2014 12:27:00 AM,"51 Tufts St, Somerville, MA",-71.0890697,42.3828821,,,,,,,NA,NA,NA,NA,,,,NA,NA,NA,NA,NA,NA,NA,NA,NA,NA,NA,NA,NA,NA,NA,0,0,0,0,0,,,0,NA,,,,,,,NA,NA,NA,NA,NA,NA,NA,NA,NA,NA,NA,NA,NA,NA,0,14001153
2203,01/13/2014 09:45:00 AM,"Cedar Street and Franey Road, Somerville, MA",-71.1085009,42.3977226,1,1,1,3,1,3,2,2,1,NA,1,4,,NA,NA,NA,NA,NA,NA,NA,NA,NA,NA,NA,NA,NA,NA,NA,0,0,0,0,0,,,0,NA,,,,,,,NA,NA,NA,NA,NA,NA,NA,NA,NA,NA,NA,NA,NA,NA,0,
2204,01/13/2014 12:29:00 PM,"Grant Street and Broadway, Somerville, MA",-71.0917969,42.3915907,1,1,2,1,4,1,1,1,11,NA,,,,NA,NA,NA,NA,NA,NA,NA,NA,NA,NA,NA,NA,NA,NA,NA,0,0,1,0,0,Tree,,0,NA,,,,,,,NA,NA,NA,NA,NA,NA,NA,NA,NA,NA,NA,NA,NA,NA,0,
2205,01/14/2014 09:30:00 AM,"727 Somerville Ave, Somerville, MA",-71.1146465,42.3863138,3,2,1,1,,3,2,1,1,NA,2,1,,NA,NA,NA,NA,NA,NA,NA,NA,NA,NA,NA,NA,NA,NA,NA,0,0,0,0,0,,,0,NA,,,,,,,NA,NA,NA,NA,NA,NA,NA,NA,NA,NA,NA,NA,NA,NA,0,
2206,01/15/2014 09:46:00 AM,"Medford St and Warren St, Somerville, MA",-71.0876474,42.3737985,1,1,2,3,1,3,2,1,1,NA,1,4,3,NA,NA,NA,NA,NA,NA,NA,NA,NA,NA,NA,NA,NA,NA,NA,0,0,0,0,0,,,0,NA,,,,,,,NA,NA,NA,NA,NA,NA,NA,NA,NA,NA,NA,NA,NA,NA,0,
2207,01/16/2014 08:00:00 AM,"Central St and Forster St, Somerville, MA",-71.0998751,42.3934793,99,99,2,3,99,3,2,1,4,NA,1,1,,NA,NA,NA,NA,NA,NA,NA,NA,NA,NA,NA,NA,NA,NA,NA,0,0,0,0,0,,,0,NA,,,,,,,NA,NA,NA,NA,NA,NA,NA,NA,NA,NA,NA,NA,NA,NA,0,
2208,01/16/2014 12:04:00 PM,"14 McGrath Hwy, Somerville, MA",-71.0850044,42.3743491,2,2,1,1,1,1,1,2,3,NA,,,,NA,NA,NA,NA,NA,NA,NA,NA,NA,NA,NA,NA,NA,NA,NA,0,1,0,1,1,,5,0,NA,,,,,,,NA,NA,NA,NA,NA,NA,NA,NA,NA,NA,NA,NA,NA,NA,0,
2209,01/17/2014 08:21:00 AM,"56 Beacon St, Somerville, MA",-71.103773,42.375817,1,1,1,1,2,1,3,1,10,NA,1,,,1,1,1,NA,NA,NA,NA,NA,NA,NA,NA,NA,NA,NA,NA,0,0,0,0,0,,,1,NA,0,29,4,1,,,NA,NA,NA,NA,NA,NA,NA,NA,NA,NA,NA,NA,NA,NA,0,
2210,01/17/2014 09:27:00 AM,"Broadway and Bay State Ave, Somerville, MA",-71.1143386,42.4006346,1,1,1,3,1,3,2,2,8,NA,1,1,,NA,NA,NA,NA,NA,NA,NA,NA,NA,NA,NA,NA,NA,NA,NA,0,0,0,0,0,,,0,NA,,,,,,,NA,NA,NA,NA,NA,NA,NA,NA,NA,NA,NA,NA,NA,NA,0,
2211,01/20/2014 04:35:00 PM,"Elm St and Beech St, Somerville, MA",-71.1190479,42.3915262,1,1,1,2,1,2,2,1,5,NA,2,1,,NA,NA,NA,NA,NA,NA,NA,NA,NA,NA,NA,NA,NA,NA,NA,0,0,0,0,0,,,0,NA,,,,,,,NA,NA,NA,NA,NA,NA,NA,NA,NA,NA,NA,NA,NA,NA,0,
2212,01/21/2014 08:19:00 AM,"Medford St and Walnut St, Somerville, MA",-71.0937489,42.3857992,2,1,3,2,1,2,2,1,19,NA,2,1,,NA,NA,NA,NA,NA,NA,NA,NA,NA,NA,NA,NA,NA,NA,NA,0,0,0,0,0,,,0,NA,,,,,,,NA,NA,NA,NA,NA,NA,NA,NA,NA,NA,NA,NA,NA,NA,0,
2213,01/21/2014 12:53:00 PM,"Cross St and Brooks St, Somerville, MA",-71.0866999,42.3874834,2,1,1,3,1,2,2,2,9,NA,2,1,,NA,NA,NA,NA,NA,NA,NA,NA,NA,NA,NA,NA,NA,NA,NA,0,0,0,0,0,,,1,NA,1,27,3,1,,,NA,NA,NA,NA,NA,NA,NA,NA,NA,NA,NA,NA,NA,NA,0,
2228,02/01/2014 05:07:00 AM,"240 Summer St, Somerville, MA",-71.1124211,42.3894559,1,1,99,7,2,4,2,1,21,NA,1,99,,NA,NA,NA,NA,NA,NA,NA,NA,NA,NA,NA,NA,NA,NA,NA,0,0,0,0,0,,,0,NA,,,,,,,NA,NA,NA,NA,NA,NA,NA,NA,NA,NA,NA,NA,NA,NA,0,
2214,01/21/2014 09:54:00 PM,"30 Washington St, Somerville, MA",-71.0820238,42.3813271,4,3,1,1,1,6,2,1,14,NA,1,1,,NA,NA,NA,NA,NA,NA,NA,NA,NA,NA,NA,NA,NA,NA,NA,0,0,1,0,0,Brick Barrier,,0,NA,,,,,,,NA,NA,NA,NA,NA,NA,NA,NA,NA,NA,NA,NA,NA,NA,0,Brick barrier fell onto 2nd vehicle 
2215,01/23/2014 08:39:00 AM,"Lowell St and Hudson St, Somerville, MA",-71.1075438,42.3908061,1,1,1,3,1,2,2,1,9,NA,1,,,NA,NA,NA,NA,NA,NA,NA,NA,NA,NA,NA,NA,NA,NA,NA,0,0,0,0,0,,,0,NA,,,,,,,NA,NA,NA,NA,NA,NA,NA,NA,NA,NA,NA,NA,NA,NA,0,
2216,01/24/2014 03:02:00 PM,"Broadway and MacArthur St, Somerville, MA",-71.0877919,42.3894343,1,1,1,3,3,3,2,6,99,NA,1,99,,NA,NA,NA,NA,NA,NA,NA,NA,NA,NA,NA,NA,NA,NA,NA,0,0,0,0,0,,,0,NA,,,,,,,NA,NA,NA,NA,NA,NA,NA,NA,NA,NA,NA,NA,NA,NA,0,
2217,01/24/2014 06:58:00 PM,"Cedar St and Elm St, Somerville, MA",-71.115425,42.3879583,48,3,1,1,4,1,1,1,1,NA,,,,NA,NA,NA,NA,NA,NA,NA,NA,NA,NA,NA,NA,NA,NA,NA,0,0,1,0,0,Metal box,,0,NA,,,,,,,NA,NA,NA,NA,NA,NA,NA,NA,NA,NA,NA,NA,NA,NA,0,
2218,01/26/2014 11:30:00 AM,"Derby St and Grant St, Somerville, MA",-71.0893042,42.3934171,1,1,1,2,99,5,2,2,1,NA,13,1,,NA,NA,NA,NA,NA,NA,NA,NA,NA,NA,NA,NA,NA,NA,NA,0,0,0,0,0,,,0,NA,,,,,,,NA,NA,NA,NA,NA,NA,NA,NA,NA,NA,NA,NA,NA,NA,1,Fire truck scraped cruiser while responding to fire
2219,01/28/2014 09:46:00 AM,"Holland St and Simpson Ave, Somerville, MA",-71.1245848,42.399049,1,1,2,3,1,3,2,2,4,NA,2,1,,NA,NA,NA,NA,NA,NA,NA,NA,NA,NA,NA,NA,NA,NA,NA,0,0,0,0,0,,,1,2,0,63,3,1,0,40,4,1,NA,NA,NA,NA,NA,NA,NA,NA,NA,NA,NA,NA,0,
2220,01/28/2014 05:03:00 PM,"114 Temple St, Somerville, MA",-71.0900588,42.3956935,1,12,1,1,2,34,2,2,1,NA,2,99,,NA,NA,NA,NA,NA,NA,NA,NA,NA,NA,NA,NA,NA,NA,NA,0,0,0,0,0,,,0,NA,,,,,,,NA,NA,NA,NA,NA,NA,NA,NA,NA,NA,NA,NA,NA,NA,0,
2221,01/28/2014 11:40:00 AM,"Somerville Ave and Elm St, Somerville, MA",-71.1136035,42.3855028,1,1,1,1,2,4,1,1,4,NA,,,,NA,NA,NA,NA,NA,NA,NA,NA,NA,NA,NA,NA,NA,NA,NA,1,0,0,10,2,,1,1,NA,1,27,3,1,,,NA,NA,NA,NA,NA,NA,NA,NA,NA,NA,NA,NA,NA,NA,0,
2222,01/29/2014 04:17:00 AM,"Cross St and Fountain Ave, Somerville, MA",-71.0895188,42.3836836,1,1,1,99,1,2,2,1,97,NA,2,99,,NA,NA,NA,NA,NA,NA,NA,NA,NA,NA,NA,NA,NA,NA,NA,0,0,0,0,0,,,0,NA,,,,,,,NA,NA,NA,NA,NA,NA,NA,NA,NA,NA,NA,NA,NA,NA,0,
2223,01/29/2014 10:00:00 AM,"358 Somerville Ave, Somerville, MA",-71.0991251,42.3809129,4,6,1,1,4,2,2,1,1,NA,1,5,,NA,NA,NA,NA,NA,NA,NA,NA,NA,NA,NA,NA,NA,NA,NA,0,0,0,0,0,,,0,NA,,,,,,,NA,NA,NA,NA,NA,NA,NA,NA,NA,NA,NA,NA,NA,NA,0,
2224,01/29/2014 01:04:00 PM,"65 Mystic Ave, Somerville, MA",-71.0805284,42.3892062,1,1,1,1,1,3,1,8,99,NA,,,,NA,NA,NA,NA,NA,NA,NA,NA,NA,NA,NA,NA,NA,NA,NA,0,0,1,0,0,Metal pole,,0,NA,,,,,,,NA,NA,NA,NA,NA,NA,NA,NA,NA,NA,NA,NA,NA,NA,0,
2225,01/31/2014 06:21:00 PM,"Broadway and Garfield Ave, Somerville, MA",-71.0867525,42.3889844,1,1,3,3,2,3,2,1,3,10,1,1,,NA,NA,NA,NA,NA,NA,NA,NA,NA,NA,NA,NA,NA,NA,NA,0,0,0,0,0,,,1,NA,0,38,3,1,,,NA,NA,NA,NA,NA,NA,NA,NA,NA,NA,NA,NA,NA,NA,0,
2226,01/31/2014 07:44:00 PM,"Washington St and Florence St, Somerville, MA",-71.0830775,42.38179,1,1,1,3,1,2,3,2,19,NA,2,1,,1,1,NA,NA,NA,NA,NA,NA,NA,NA,NA,NA,NA,NA,NA,0,0,0,0,0,,,1,NA,1,38,3,0,,,NA,NA,NA,NA,NA,NA,NA,NA,NA,NA,NA,NA,NA,NA,0,
2227,02/01/2014 12:30:00 AM,"115 Broadway, Somerville, MA",-71.0835844,42.3879313,1,1,1,1,3,6,2,1,99,NA,97,,,NA,NA,NA,NA,NA,NA,NA,NA,NA,NA,NA,NA,NA,NA,NA,0,0,1,0,0,Jersey Barrier,,0,NA,,,,,,,NA,NA,NA,NA,NA,NA,NA,NA,NA,NA,NA,NA,NA,NA,0,
2229,02/02/2014 05:36:00 AM,"School St and Montrose St, Somerville, MA",-71.0978695,42.388066,1,1,1,99,4,2,2,1,9,NA,2,1,,NA,NA,NA,NA,NA,NA,NA,NA,NA,NA,NA,NA,NA,NA,NA,0,0,0,0,0,,,0,NA,,,,,,,NA,NA,NA,NA,NA,NA,NA,NA,NA,NA,NA,NA,NA,NA,0,
2230,02/02/2014 11:09:00 AM,"Somerville Ave and Hawkins St, Somerville, MA",-71.097742,42.3805046,1,1,1,1,4,4,2,1,4,9,99,1,,NA,NA,NA,NA,NA,NA,NA,NA,NA,NA,NA,NA,NA,NA,NA,0,0,0,0,0,,,1,NA,1,20,3,0,,,NA,NA,NA,NA,NA,NA,NA,NA,NA,NA,NA,NA,NA,NA,0,
2231,02/04/2014 05:48:00 AM,"51 Central St, Somerville, MA",-71.1043938,42.3866577,4,4,1,1,1,4,3,1,1,NA,1,1,,1,1,NA,NA,NA,NA,NA,NA,NA,NA,NA,NA,NA,NA,NA,0,0,0,0,0,,,0,NA,,,,,,,NA,NA,NA,NA,NA,NA,NA,NA,NA,NA,NA,NA,NA,NA,0,
2232,02/04/2014 06:42:00 PM,"Washington St and Tufts St, Somerville, MA",-71.0875544,42.3809863,1,1,1,3,1,3,2,2,4,NA,3,3,10,NA,NA,NA,NA,NA,NA,NA,NA,NA,NA,NA,NA,NA,NA,NA,0,0,1,10,1,Motorcycle,2,1,NA,1,32,4,1,,,NA,NA,NA,NA,NA,NA,NA,NA,NA,NA,NA,NA,NA,NA,0,
2233,02/04/2014 09:14:00 PM,"Highland Ave and Holland Street, Somerville, MA",-71.1252368,42.3998502,1,1,3,8,2,3,2,2,3,NA,1,1,,NA,NA,NA,NA,NA,NA,NA,NA,NA,NA,NA,NA,NA,NA,NA,0,0,0,0,0,,,0,NA,,,,,,,NA,NA,NA,NA,NA,NA,NA,NA,NA,NA,NA,NA,NA,NA,0,
2234,02/06/2014 03:48:00 PM,"Lowell St and Lowell St Bridge, Somerville, MA",-71.1041278,42.3957699,1,2,2,3,1,3,2,1,4,NA,1,1,,NA,NA,NA,NA,NA,NA,NA,NA,NA,NA,NA,NA,NA,NA,NA,0,0,0,0,0,,,1,3,0,22,2,1,1,26,3,1,0,49,3,0,NA,NA,NA,NA,NA,NA,NA,NA,0,
2235,02/07/2014 08:10:00 AM,"855 Broadway, Somerville, MA",-71.1175301,42.4010785,1,1,1,8,2,4,2,1,NA,NA,2,,,NA,NA,NA,NA,NA,NA,NA,NA,NA,NA,NA,NA,NA,NA,NA,0,0,0,0,0,,,0,NA,,,,,,,NA,NA,NA,NA,NA,NA,NA,NA,NA,NA,NA,NA,NA,NA,0,
2236,02/07/2014 10:08:00 AM,"720 Somerville Ave, Somerville, MA",-71.1151314,42.3863115,1,2,3,1,1,3,1,1,99,NA,,,,NA,NA,NA,NA,NA,NA,NA,NA,NA,NA,NA,NA,NA,NA,NA,0,1,0,4,1,,5,1,NA,1,45,3,1,,,NA,NA,NA,NA,NA,NA,NA,NA,NA,NA,NA,NA,NA,NA,0,
2237,02/08/2014 01:16:00 PM,"643 Broadway, Somerville, MA",-71.1101304,42.3994632,1,1,1,1,2,2,2,1,99,NA,1,1,,NA,NA,NA,NA,NA,NA,NA,NA,NA,NA,NA,NA,NA,NA,NA,0,0,0,0,0,,,0,NA,,,,,,,NA,NA,NA,NA,NA,NA,NA,NA,NA,NA,NA,NA,NA,NA,0,
2238,02/08/2014 10:35:00 PM,"20 School St, Somerville, MA",-71.101774,42.382853,4,2,1,1,4,4,2,1,1,NA,1,99,,NA,NA,NA,NA,NA,NA,NA,NA,NA,NA,NA,NA,NA,NA,NA,0,0,0,0,0,,,0,NA,,,,,,,NA,NA,NA,NA,NA,NA,NA,NA,NA,NA,NA,NA,NA,NA,0,
2239,02/10/2014 03:25:00 PM,"100 Dover St, Somerville, MA",-71.1237384,42.3961508,1,1,1,1,4,4,2,13,1,NA,1,1,,NA,NA,NA,NA,NA,NA,NA,NA,NA,NA,NA,NA,NA,NA,NA,0,0,0,0,0,,,0,NA,,,,,,,NA,NA,NA,NA,NA,NA,NA,NA,NA,NA,NA,NA,NA,NA,0,
2240,02/10/2014 03:28:00 PM,"Revolution Drive, Somerville, MA",-71.0808,42.3905269,1,1,2,3,2,3,2,2,4,19,1,1,,NA,NA,NA,NA,NA,NA,NA,NA,NA,NA,NA,NA,NA,NA,NA,0,0,0,0,0,,,0,NA,,,,,,,NA,NA,NA,NA,NA,NA,NA,NA,NA,NA,NA,NA,NA,NA,0,
2241,02/10/2014 12:04:00 AM,"Henderson St and Richardson St, Somerville, MA",-71.105612,42.3959123,4,3,1,3,1,4,2,97,9,NA,1,,,NA,NA,NA,NA,NA,NA,NA,NA,NA,NA,NA,NA,NA,NA,NA,0,0,0,0,0,,,0,NA,,,,,,,NA,NA,NA,NA,NA,NA,NA,NA,NA,NA,NA,NA,NA,NA,1,DPW sander sideswipped parked car
2242,02/10/2014 07:35:00 AM,"Summer St and Spring St, Somerville, MA",-71.1079307,42.3870078,1,2,6,3,2,1,1,1,13,NA,,,,NA,NA,NA,NA,NA,NA,NA,NA,NA,NA,NA,NA,NA,NA,NA,0,1,0,1,3,,5,1,NA,1,69,4,0,,,NA,NA,NA,NA,NA,NA,NA,NA,NA,NA,NA,NA,NA,NA,1,Crossing guard
2243,02/11/2014 12:42:00 PM,"Medford St and Somerville Ave, Somerville, MA",-71.1129435,42.3851277,4,1,1,1,4,4,2,1,1,NA,2,99,,NA,NA,NA,NA,NA,NA,NA,NA,NA,NA,NA,NA,NA,NA,NA,0,0,0,0,0,,,0,NA,,,,,,,NA,NA,NA,NA,NA,NA,NA,NA,NA,NA,NA,NA,NA,NA,0,
2244,02/11/2014 06:34:00 PM,"30 Broadway, Somerville, MA",-71.0792687,42.3861698,2,1,3,1,3,3,3,2,97,NA,1,1,,1,1,NA,NA,NA,NA,NA,NA,NA,NA,NA,NA,NA,NA,NA,0,0,0,0,0,,,0,NA,,,,,,,NA,NA,NA,NA,NA,NA,NA,NA,NA,NA,NA,NA,NA,NA,0,
2245,02/11/2014 07:49:00 AM,"Broadway and Medford Street, Somerville, MA",-71.1043116,42.3973445,1,1,3,2,2,3,1,1,13,NA,,,,NA,NA,NA,NA,NA,NA,NA,NA,NA,NA,NA,NA,NA,NA,NA,0,1,0,1,1,,5,1,NA,1,22,3,1,,,NA,NA,NA,NA,NA,NA,NA,NA,NA,NA,NA,NA,NA,NA,0,
2246,02/12/2014 07:30:00 AM,"720 Broadway, Somerville, MA",-71.112999,42.3999669,1,1,2,1,2,2,2,2,1,NA,1,1,,NA,NA,NA,NA,NA,NA,NA,NA,NA,NA,NA,NA,NA,NA,NA,0,0,0,0,0,,,0,NA,,,,,,,NA,NA,NA,NA,NA,NA,NA,NA,NA,NA,NA,NA,NA,NA,0,
2247,02/12/2014 02:23:00 PM,"265 Highland Ave, Somerville, MA",-71.1108025,42.3917705,1,1,1,1,1,2,2,1,97,NA,1,1,,NA,NA,NA,NA,NA,NA,NA,NA,NA,NA,NA,NA,NA,NA,NA,0,0,0,0,0,,,0,NA,,,,,,,NA,NA,NA,NA,NA,NA,NA,NA,NA,NA,NA,NA,NA,NA,0,
2248,02/12/2014 06:43:00 PM,"Beacon St and Miller St, Somerville, MA",-71.113635,42.3841718,1,1,1,3,1,2,2,1,1,NA,2,10,19,NA,NA,NA,NA,NA,NA,NA,NA,NA,NA,NA,NA,NA,NA,NA,0,0,0,0,0,,,1,NA,0,34,3,1,,,NA,NA,NA,NA,NA,NA,NA,NA,NA,NA,NA,NA,NA,NA,0,
2249,02/13/2014 09:41:00 AM,"9 Davis Sq, Somerville, MA",-71.1220459,42.3961704,4,2,1,1,4,3,2,2,99,NA,2,99,,NA,NA,NA,NA,NA,NA,NA,NA,NA,NA,NA,NA,NA,NA,NA,0,0,0,0,0,,,0,NA,,,,,,,NA,NA,NA,NA,NA,NA,NA,NA,NA,NA,NA,NA,NA,NA,0,
2250,02/13/2014 01:19:00 PM,"292 Beacon St, Somerville, MA",-71.113142,42.383339,4,3,1,1,1,3,2,2,6,4,2,1,,NA,NA,NA,NA,NA,NA,NA,NA,NA,NA,NA,NA,NA,NA,NA,0,0,0,0,0,,,0,NA,,,,,,,NA,NA,NA,NA,NA,NA,NA,NA,NA,NA,NA,NA,NA,NA,0,
2251,02/13/2014 01:30:00 PM,"McGrath Hwy and Pearl St, Somerville, MA",-71.0904563,42.3865189,4,3,1,1,3,2,2,2,1,NA,1,7,,NA,NA,NA,NA,NA,NA,NA,NA,NA,NA,NA,NA,NA,NA,NA,0,0,0,0,0,,,0,NA,,,,,,,NA,NA,NA,NA,NA,NA,NA,NA,NA,NA,NA,NA,NA,NA,0,
3530,03/25/2016 07:30:00 AM,"Somerville Ave and Loring St, Somerville, MA",-71.1041532,42.3827009,,,,,,3,3,2,1,NA,1,4,,1,1,NA,NA,NA,NA,NA,NA,NA,NA,NA,NA,NA,NA,NA,0,0,0,NA,,,,0,NA,,,,,,,NA,NA,NA,NA,NA,NA,NA,NA,NA,NA,NA,NA,NA,NA,0,
2252,02/13/2014 02:08:00 PM,"Washinton St and Joy St, Somerville, MA",-71.0885832,42.3806671,4,3,1,3,1,2,2,4,8,NA,1,8,7,NA,NA,NA,NA,NA,NA,NA,NA,NA,NA,NA,NA,NA,NA,NA,0,0,0,0,0,,,0,NA,,,,,,,NA,NA,NA,NA,NA,NA,NA,NA,NA,NA,NA,NA,NA,NA,0,
2253,02/14/2014 12:25:00 PM,"Broadway and Boston Ave, Somerville, MA",-71.111491,42.399676,1,2,3,2,1,2,2,1,19,NA,2,1,,NA,NA,NA,NA,NA,NA,NA,NA,NA,NA,NA,NA,NA,NA,NA,0,0,0,0,0,,,1,NA,0,26,3,1,,,NA,NA,NA,NA,NA,NA,NA,NA,NA,NA,NA,NA,NA,NA,0,
2254,02/15/2014 05:03:00 PM,"Cross St and Bonair St, Somerville, MA",-71.0866296,42.3876065,4,3,1,3,1,3,2,2,4,NA,1,1,,NA,NA,NA,NA,NA,NA,NA,NA,NA,NA,NA,NA,NA,NA,NA,0,0,0,0,0,,,0,NA,,,,,,,NA,NA,NA,NA,NA,NA,NA,NA,NA,NA,NA,NA,NA,NA,0,
2255,02/15/2014 11:08:00 PM,"Broadway and Medford Street, Somerville, MA",-71.1043116,42.3973445,4,3,3,8,1,2,2,1,1,NA,2,99,,NA,NA,NA,NA,NA,NA,NA,NA,NA,NA,NA,NA,NA,NA,NA,0,0,0,0,0,,,0,NA,,,,,,,NA,NA,NA,NA,NA,NA,NA,NA,NA,NA,NA,NA,NA,NA,0,
2256,02/15/2014 04:45:00 PM,"85 Central St, Somerville, MA",-71.1031756,42.3886954,4,3,3,1,1,2,2,99,5,NA,99,1,,NA,NA,NA,NA,NA,NA,NA,NA,NA,NA,NA,NA,NA,NA,NA,0,0,0,0,0,,,1,NA,1,46,4,0,,,NA,NA,NA,NA,NA,NA,NA,NA,NA,NA,NA,NA,NA,NA,1,Cruiser struck from behind waiting in traffic
2257,02/17/2014 08:31:00 AM,"62 Central St, Somerville, MA",-71.1043735,42.3872064,1,1,1,1,1,2,3,1,5,NA,1,1,,2,1,NA,NA,NA,NA,NA,NA,NA,NA,NA,NA,NA,NA,NA,0,0,0,0,0,,,0,NA,,,,,,,NA,NA,NA,NA,NA,NA,NA,NA,NA,NA,NA,NA,NA,NA,0,
2258,02/17/2014 03:21:00 PM,"Elm St and Burnside Ave, Somerville, MA",-71.1176459,42.3902661,1,1,5,3,1,2,2,2,1,NA,6,22,,NA,NA,NA,NA,NA,NA,NA,NA,NA,NA,NA,NA,NA,NA,NA,0,0,0,0,0,,,1,NA,0,54,3,1,,,NA,NA,NA,NA,NA,NA,NA,NA,NA,NA,NA,NA,NA,NA,0,
2259,02/18/2014 02:50:00 PM,"2 Union Sq, Somerville, MA",-71.09516,42.37908,4,3,1,1,1,2,2,2,99,NA,2,99,,NA,NA,NA,NA,NA,NA,NA,NA,NA,NA,NA,NA,NA,NA,NA,0,0,0,0,0,,,0,NA,,,,,,,NA,NA,NA,NA,NA,NA,NA,NA,NA,NA,NA,NA,NA,NA,0,
2260,02/19/2014 12:54:00 PM,"Washington St and Webster Ave, Somerville, MA",-71.0964021,42.3796323,2,2,3,2,1,3,2,2,3,NA,2,1,,NA,NA,NA,NA,NA,NA,NA,NA,NA,NA,NA,NA,NA,NA,NA,0,0,0,0,0,,,0,NA,,,,,,,NA,NA,NA,NA,NA,NA,NA,NA,NA,NA,NA,NA,NA,NA,1,Plow clearing snow in left only; MV turned left into plow from center
2261,02/20/2014 11:20:00 AM,"97 Washington St, Somerville, MA",-71.085876,42.3815692,1,1,1,1,1,2,2,1,1,NA,2,5,,NA,NA,NA,NA,NA,NA,NA,NA,NA,NA,NA,NA,NA,NA,NA,0,0,0,0,0,,,0,NA,,,,,,,NA,NA,NA,NA,NA,NA,NA,NA,NA,NA,NA,NA,NA,NA,0,
2262,02/20/2014 07:52:00 PM,"38 Glen St, Somerville, MA",-71.084889,42.3864971,3,2,1,1,4,5,2,1,8,NA,1,,,NA,NA,NA,NA,NA,NA,NA,NA,NA,NA,NA,NA,NA,NA,NA,0,0,0,0,0,,,0,NA,,,,,,,NA,NA,NA,NA,NA,NA,NA,NA,NA,NA,NA,NA,NA,NA,0,
2263,02/22/2014 11:08:00 AM,"709 McGrath Hwy, Somerville, MA",-71.086728,42.3906214,1,2,1,1,99,99,2,1,99,NA,1,1,,NA,NA,NA,NA,NA,NA,NA,NA,NA,NA,NA,NA,NA,NA,NA,0,0,0,0,0,,,1,NA,0,64,3,1,,,NA,NA,NA,NA,NA,NA,NA,NA,NA,NA,NA,NA,NA,NA,0,
2264,02/22/2014 01:33:00 PM,"Cutter Ave, Somerville, MA",-71.1199488,42.3947038,1,1,1,1,4,3,2,2,4,97,4,1,,NA,NA,NA,NA,NA,NA,NA,NA,NA,NA,NA,NA,NA,NA,NA,0,0,0,0,0,,,0,NA,,,,,,,NA,NA,NA,NA,NA,NA,NA,NA,NA,NA,NA,NA,NA,NA,0,
2265,02/22/2014 03:20:00 PM,"44 Banks St, Somerville, MA",-71.117389,42.392278,1,1,1,1,4,4,2,1,97,NA,1,,,NA,NA,NA,NA,NA,NA,NA,NA,NA,NA,NA,NA,NA,NA,NA,0,0,0,0,0,,,0,NA,,,,,,,NA,NA,NA,NA,NA,NA,NA,NA,NA,NA,NA,NA,NA,NA,0,
2266,02/22/2014 12:52:00 PM,"Putnam St and Summer St, Somerville, MA",-71.0990713,42.3829706,1,1,2,3,1,1,1,1,11,NA,,,,NA,NA,NA,NA,NA,NA,NA,NA,NA,NA,NA,NA,NA,NA,NA,0,1,1,5,7,Fence,8,1,3,0,18,3,0,0,26,4,0,0,25,4,0,NA,NA,NA,NA,NA,NA,NA,NA,0,