id,date_time,address,lon,lat,Weather,road_surface,traffic_control_device,intersection_type,traffic_way_desc,collision_manner,num_involved_vehicles,vehicle1_configuration,driver1_contrib1,driver1_contrib2,vehicle2_configuration,driver2_contrib1,driver2_contrib2,vehicle3_configuration,driver3_contrib1,driver3_contrib2,vehicle4_configuration,driver4_contrib1,driver4_contrib2,vehicle5_configuration,driver5_contrib1,driver5_contrib2,vehicle6_configuration,driver6_contrib1,driver6_contrib2,vehicle7_configuration,driver7_contrib1,driver7_contrib2,Bicycle,Pedestrian,non_mv,non_motorist_location,non_motorist_action,non_motorist_type,manner_of_non_motorist_collision,Injury,Multiple,Gender1,Age1,Severity1,Hospital1,Gender2,Age2,Severity2,Hospital2,Gender3,Age3,Severity3,Hospital3,Gender4,Age4,Severity4,Hospital4,Gender5,Age5,Severity5,Hospital5,city_vehicle,Notes
2267,02/23/2014 12:06:00 AM,"Puritan Rd and Temple Rd, Somerville, MA",-71.087256,42.3969082,,,,,,,NA,NA,NA,NA,,,,NA,NA,NA,NA,NA,NA,NA,NA,NA,NA,NA,NA,NA,NA,NA,0,0,0,0,0,,,0,NA,,,,,,,NA,NA,NA,NA,NA,NA,NA,NA,NA,NA,NA,NA,NA,NA,0,14006052
2268,02/24/2014 08:00:00 AM,"Webster Ave and Tremont St, Somerville, MA",-71.0952351,42.3758647,1,1,2,2,1,3,1,2,99,NA,,,,NA,NA,NA,NA,NA,NA,NA,NA,NA,NA,NA,NA,NA,NA,NA,1,0,0,2,1,,5a,1,NA,1,27,3,1,,,NA,NA,NA,NA,NA,NA,NA,NA,NA,NA,NA,NA,NA,NA,0,
2269,02/25/2014 08:53:00 AM,"Broadway and Main St, Somerville, MA",-71.0975984,42.3947314,1,1,3,4,2,3,2,2,3,NA,1,1,,NA,NA,NA,NA,NA,NA,NA,NA,NA,NA,NA,NA,NA,NA,NA,0,0,0,0,0,,,0,NA,,,,,,,NA,NA,NA,NA,NA,NA,NA,NA,NA,NA,NA,NA,NA,NA,0,
2270,02/26/2014 07:30:00 AM,"Sycamore St and Pembroke St, Somerville, MA",-71.1000074,42.3905004,1,1,2,3,4,3,2,1,99,NA,1,99,,NA,NA,NA,NA,NA,NA,NA,NA,NA,NA,NA,NA,NA,NA,NA,0,0,0,0,0,,,1,NA,0,36,4,0,,,NA,NA,NA,NA,NA,NA,NA,NA,NA,NA,NA,NA,NA,NA,0,
2271,02/28/2014 08:50:00 AM,"70 Innerbelt Rd, Somerville, MA",-71.0797634,42.3767025,1,1,1,1,1,1,1,6,1,NA,,,,NA,NA,NA,NA,NA,NA,NA,NA,NA,NA,NA,NA,NA,NA,NA,0,0,1,9,7,Utility pole,,0,NA,,,,,,,NA,NA,NA,NA,NA,NA,NA,NA,NA,NA,NA,NA,NA,NA,0,
2272,02/28/2014 09:28:00 AM,"Highland Ave and Willow Ave, Somerville, MA",-71.1168102,42.3941136,1,1,3,2,1,1,2,1,99,NA,1,1,,NA,NA,NA,NA,NA,NA,NA,NA,NA,NA,NA,NA,NA,NA,NA,0,0,0,0,0,,,1,NA,1,52,2,1,,,NA,NA,NA,NA,NA,NA,NA,NA,NA,NA,NA,NA,NA,NA,0,
2273,02/28/2014 11:51:00 AM,"Broadway and Clarendon Ave, Somerville, MA",-71.1276129,42.4034575,1,1,1,3,1,6,2,1,4,NA,1,1,,NA,NA,NA,NA,NA,NA,NA,NA,NA,NA,NA,NA,NA,NA,NA,0,0,0,0,0,,,0,NA,,,,,,,NA,NA,NA,NA,NA,NA,NA,NA,NA,NA,NA,NA,NA,NA,0,
2274,03/01/2014 02:49:00 AM,"Medford St and School St, Somerville, MA",-71.0971615,42.3891241,1,1,99,3,1,6,2,1,1,NA,1,99,,NA,NA,NA,NA,NA,NA,NA,NA,NA,NA,NA,NA,NA,NA,NA,0,0,0,0,0,,,0,NA,,,,,,,NA,NA,NA,NA,NA,NA,NA,NA,NA,NA,NA,NA,NA,NA,0,
2275,03/01/2014 03:20:00 AM,"Boston St and Washington St, Somerville, MA",-71.0906664,42.3798839,1,1,2,1,4,4,2,1,99,NA,1,1,,NA,NA,NA,NA,NA,NA,NA,NA,NA,NA,NA,NA,NA,NA,NA,0,0,0,0,0,,,0,NA,,,,,,,NA,NA,NA,NA,NA,NA,NA,NA,NA,NA,NA,NA,NA,NA,0,
2276,03/01/2014 03:30:00 PM,"453 Somerville Ave, Somerville, MA",-71.102861,42.382486,1,1,1,1,1,3,2,1,1,NA,1,4,,NA,NA,NA,NA,NA,NA,NA,NA,NA,NA,NA,NA,NA,NA,NA,0,0,0,0,0,,,0,NA,,,,,,,NA,NA,NA,NA,NA,NA,NA,NA,NA,NA,NA,NA,NA,NA,0,
2277,03/01/2014 10:29:00 PM,"1 Union Sq, Somerville, MA",-71.0949789,42.3789618,1,1,3,2,1,4,2,8,1,NA,1,97,,NA,NA,NA,NA,NA,NA,NA,NA,NA,NA,NA,NA,NA,NA,NA,0,0,0,0,0,,,0,NA,,,,,,,NA,NA,NA,NA,NA,NA,NA,NA,NA,NA,NA,NA,NA,NA,0,
2278,03/03/2014 09:26:00 AM,"138 Orchard St, Somerville, MA",-71.1252494,42.3950236,1,1,1,1,4,4,2,6,1,NA,1,1,,NA,NA,NA,NA,NA,NA,NA,NA,NA,NA,NA,NA,NA,NA,NA,0,0,0,0,0,,,0,NA,,,,,,,NA,NA,NA,NA,NA,NA,NA,NA,NA,NA,NA,NA,NA,NA,0,
2279,03/03/2014 10:52:00 PM,"Walnut St and Highland Ave, Somerville, MA",-71.0941672,42.3851419,1,2,3,2,4,1,1,2,1,NA,,,,NA,NA,NA,NA,NA,NA,NA,NA,NA,NA,NA,NA,NA,NA,NA,0,1,0,1,1,,2,1,NA,1,44,3,1,,,NA,NA,NA,NA,NA,NA,NA,NA,NA,NA,NA,NA,NA,NA,0,
2280,03/06/2014 09:13:00 AM,"Broadway and Pearson Rd, Somerville, MA",-71.1140978,42.4005491,1,1,1,1,1,2,2,2,1,NA,1,99,,NA,NA,NA,NA,NA,NA,NA,NA,NA,NA,NA,NA,NA,NA,NA,0,0,0,0,0,,,0,NA,,,,,,,NA,NA,NA,NA,NA,NA,NA,NA,NA,NA,NA,NA,NA,NA,0,
3574,04/18/2016 09:00:00 AM,"40 Wigglesworth St, Somerville, MA",-71.0912352,42.3886858,1,1,1,1,3,4,3,1,99,NA,1,1,,1,1,NA,NA,NA,NA,NA,NA,NA,NA,NA,NA,NA,NA,NA,0,0,0,NA,,,,0,NA,,,,,,,NA,NA,NA,NA,NA,NA,NA,NA,NA,NA,NA,NA,NA,NA,0,
2281,03/06/2014 05:53:00 PM,"Somerville Ave and Quincy St, Somerville, MA",-71.1012716,42.3817512,1,1,1,3,1,4,1,2,19,9,,9,,NA,NA,NA,NA,NA,NA,NA,NA,NA,NA,NA,NA,NA,NA,NA,1,0,0,10,2,,7,1,NA,0,24,4,1,,,NA,NA,NA,NA,NA,NA,NA,NA,NA,NA,NA,NA,NA,NA,0,
2282,03/06/2014 08:34:00 PM,"Ivaloo St and Mondamin Ct, Somerville, MA",-71.1089508,42.3812761,1,1,1,3,1,4,2,13,1,NA,1,,,NA,NA,NA,NA,NA,NA,NA,NA,NA,NA,NA,NA,NA,NA,NA,0,0,0,0,0,,,0,NA,,,,,,,NA,NA,NA,NA,NA,NA,NA,NA,NA,NA,NA,NA,NA,NA,1,Fire struck parked vehicle while responding to fire
2283,03/07/2014 07:25:00 AM,"44 Highland Ave, Somerville, MA",-71.095319,42.385356,1,1,2,1,1,6,3,1,18,NA,1,1,,1,1,NA,NA,NA,NA,NA,NA,NA,NA,NA,NA,NA,NA,NA,0,0,0,0,0,,,1,2,0,31,3,1,1,6,3,1,NA,NA,NA,NA,NA,NA,NA,NA,NA,NA,NA,NA,0,
2284,03/07/2014 09:52:00 AM,"9 Union Sq, Somerville, MA",-71.0955728,42.3793176,197,14,1,1,23,4,2,2,99,NA,1,1,,NA,NA,NA,NA,NA,NA,NA,NA,NA,NA,NA,NA,NA,NA,NA,0,0,0,0,0,,,0,NA,,,,,,,NA,NA,NA,NA,NA,NA,NA,NA,NA,NA,NA,NA,NA,NA,0,
2285,03/07/2014 05:39:00 PM,"15 Elm St, Somerville, MA",-71.1139034,42.3864903,1,1,1,9,1,3,2,2,10,97,2,4,,NA,NA,NA,NA,NA,NA,NA,NA,NA,NA,NA,NA,NA,NA,NA,0,0,0,0,0,,,0,NA,,,,,,,NA,NA,NA,NA,NA,NA,NA,NA,NA,NA,NA,NA,NA,NA,0,
2286,03/08/2014 10:50:00 AM,"Orchard St and Day St, Somerville, MA",-71.1248,42.3948856,1,1,2,3,4,99,2,1,3,NA,1,1,,NA,NA,NA,NA,NA,NA,NA,NA,NA,NA,NA,NA,NA,NA,NA,0,0,0,0,0,,,0,NA,,,,,,,NA,NA,NA,NA,NA,NA,NA,NA,NA,NA,NA,NA,NA,NA,0,
2287,03/09/2014 01:48:00 AM,"1303 Broadway, Somerville, MA",-71.131118,42.4057315,1,1,1,1,1,4,4,1,99,NA,1,,,1,NA,NA,1,NA,NA,NA,NA,NA,NA,NA,NA,NA,NA,NA,0,0,0,0,0,,,1,NA,0,31,4,1,,,NA,NA,NA,NA,NA,NA,NA,NA,NA,NA,NA,NA,NA,NA,0,
2288,03/09/2014 03:04:00 AM,"Mossland St and Somerville Ave, Somerville, MA",-71.1167902,42.3872577,1,1,1,3,1,2,2,1,5,NA,1,1,,NA,NA,NA,NA,NA,NA,NA,NA,NA,NA,NA,NA,NA,NA,NA,0,0,0,0,0,,,0,NA,,,,,,,NA,NA,NA,NA,NA,NA,NA,NA,NA,NA,NA,NA,NA,NA,0,
2289,03/09/2014 02:42:00 PM,"Washington St and Washington Terrace, Somerville, MA",-71.0921846,42.3794753,1,1,1,3,1,6,2,1,99,NA,1,99,,NA,NA,NA,NA,NA,NA,NA,NA,NA,NA,NA,NA,NA,NA,NA,0,0,0,0,0,,,1,NA,0,13,4,1,,,NA,NA,NA,NA,NA,NA,NA,NA,NA,NA,NA,NA,NA,NA,0,
2290,03/12/2014 08:58:00 PM,"Somerville Ave and Spring St, Somerville, MA",-71.109476,42.3839008,3,2,1,3,1,1,1,1,1,NA,,,,NA,NA,NA,NA,NA,NA,NA,NA,NA,NA,NA,NA,NA,NA,NA,0,1,0,4,1,,2,1,NA,1,53,4,1,,,NA,NA,NA,NA,NA,NA,NA,NA,NA,NA,NA,NA,NA,NA,0,
2291,03/12/2014 10:04:00 PM,"Innerbelt Rd and Washington St, Somerville, MA",-71.0815211,42.3820437,3,2,3,3,2,1,1,NA,3,NA,,,,NA,NA,NA,NA,NA,NA,NA,NA,NA,NA,NA,NA,NA,NA,NA,0,1,0,1,1,,5,1,NA,0,32,99,1,,,NA,NA,NA,NA,NA,NA,NA,NA,NA,NA,NA,NA,NA,NA,0,
2292,03/13/2014 08:59:00 PM,"Central St, Somerville, MA",-71.1028442,42.3892476,1,1,1,1,1,2,2,1,1,NA,1,,,NA,NA,NA,NA,NA,NA,NA,NA,NA,NA,NA,NA,NA,NA,NA,0,0,0,0,0,,,0,NA,,,,,,,NA,NA,NA,NA,NA,NA,NA,NA,NA,NA,NA,NA,NA,NA,0,
2293,03/13/2014 09:00:00 PM,"Russell St and Elm St, Somerville, MA",-71.1208882,42.3938222,99,99,,,,,2,1,1,NA,1,3,,NA,NA,NA,NA,NA,NA,NA,NA,NA,NA,NA,NA,NA,NA,NA,0,0,0,0,0,,,0,NA,,,,,,,NA,NA,NA,NA,NA,NA,NA,NA,NA,NA,NA,NA,NA,NA,0,
2294,03/15/2014 04:05:00 PM,"Talbot Ave and College Ave, Somerville, MA",-71.1173307,42.4048682,2,1,2,3,1,4,2,1,99,NA,1,99,,NA,NA,NA,NA,NA,NA,NA,NA,NA,NA,NA,NA,NA,NA,NA,0,0,0,0,0,,,0,NA,,,,,,,NA,NA,NA,NA,NA,NA,NA,NA,NA,NA,NA,NA,NA,NA,0,
2295,03/16/2014 02:05:00 AM,"282 Somerville Ave , Somerville, MA",-71.0946128,42.3787796,3,1,3,2,3,2,2,1,19,NA,1,1,,NA,NA,NA,NA,NA,NA,NA,NA,NA,NA,NA,NA,NA,NA,NA,0,0,0,0,0,,,0,NA,,,,,,,NA,NA,NA,NA,NA,NA,NA,NA,NA,NA,NA,NA,NA,NA,0,
2296,03/18/2014 07:35:00 AM,"Franklin St and Washington St, Somerville, MA",-71.0862305,42.3813262,1,1,2,3,4,99,2,1,1,NA,1,99,,NA,NA,NA,NA,NA,NA,NA,NA,NA,NA,NA,NA,NA,NA,NA,0,0,0,0,0,,,0,NA,,,,,,,NA,NA,NA,NA,NA,NA,NA,NA,NA,NA,NA,NA,NA,NA,0,
2297,03/19/2014 12:12:00 AM,"19 Teele Ave, Somerville, MA",-71.1238243,42.4055474,1,1,1,1,4,1,1,1,1,NA,,,,NA,NA,NA,NA,NA,NA,NA,NA,NA,NA,NA,NA,NA,NA,NA,0,0,0,0,0,,,0,NA,,,,,,,NA,NA,NA,NA,NA,NA,NA,NA,NA,NA,NA,NA,NA,NA,0,
2298,03/19/2014 06:43:00 PM,"139 Alewife Brook Parkway, Somerville, MA",-71.1319163,42.4079683,1,1,1,1,99,5,3,1,99,NA,1,1,,1,1,NA,NA,NA,NA,NA,NA,NA,NA,NA,NA,NA,NA,NA,0,0,0,0,0,,,0,NA,,,,,,,NA,NA,NA,NA,NA,NA,NA,NA,NA,NA,NA,NA,NA,NA,0,
2299,03/19/2014 07:00:00 AM,"North St and Broadway, Somerville, MA",-71.1313375,42.4058176,1,1,3,3,2,1,1,2,NA,NA,,,,NA,NA,NA,NA,NA,NA,NA,NA,NA,NA,NA,NA,NA,NA,NA,0,1,0,1,1,,5,0,NA,,,,,,,NA,NA,NA,NA,NA,NA,NA,NA,NA,NA,NA,NA,NA,NA,0,
2300,03/20/2014 05:13:00 AM,"Somerville Ave and Bow St, Somerville, MA",-71.1003902,42.3814782,2,1,3,4,4,4,2,NA,99,NA,,99,,NA,NA,NA,NA,NA,NA,NA,NA,NA,NA,NA,NA,NA,NA,NA,0,0,0,0,0,,,1,2,0,33,4,1,0,unk,4,1,NA,NA,NA,NA,NA,NA,NA,NA,NA,NA,NA,NA,0,
2301,03/20/2014 09:33:00 AM,"76 Middlesex Ave, Somerville, MA",-71.0822799,42.3939007,2,1,1,1,1,3,2,1,6,NA,1,1,,NA,NA,NA,NA,NA,NA,NA,NA,NA,NA,NA,NA,NA,NA,NA,0,0,0,0,0,,,0,NA,,,,,,,NA,NA,NA,NA,NA,NA,NA,NA,NA,NA,NA,NA,NA,NA,0,
2302,03/20/2014 03:58:00 PM,"Lowell St and Hudson St, Somerville, MA",-71.1075438,42.3908061,1,1,2,2,1,3,2,2,1,NA,2,4,3,NA,NA,NA,NA,NA,NA,NA,NA,NA,NA,NA,NA,NA,NA,NA,0,0,0,0,0,,,1,NA,0,23,4,1,,,NA,NA,NA,NA,NA,NA,NA,NA,NA,NA,NA,NA,NA,NA,0,
2310,03/25/2014 07:23:00 PM,"168 Elm St, Somerville, MA",-71.1198107,42.3923166,1,1,1,1,1,2,2,1,NA,NA,2,,,NA,NA,NA,NA,NA,NA,NA,NA,NA,NA,NA,NA,NA,NA,NA,0,0,0,0,0,,,0,NA,,,,,,,NA,NA,NA,NA,NA,NA,NA,NA,NA,NA,NA,NA,NA,NA,0,
2303,03/21/2014 03:40:00 AM,"60 Broadway, Somerville, MA",-71.0805946,42.3866011,1,1,1,1,1,2,2,1,10,NA,1,,,NA,NA,NA,NA,NA,NA,NA,NA,NA,NA,NA,NA,NA,NA,NA,0,0,1,0,0,Light pole,,0,NA,,,,,,,NA,NA,NA,NA,NA,NA,NA,NA,NA,NA,NA,NA,NA,NA,0,
2304,03/21/2014 10:10:00 AM,"38 Russell St, Somerville, MA",-71.1219387,42.393084,1,1,1,1,4,1,1,10,99,NA,,,,NA,NA,NA,NA,NA,NA,NA,NA,NA,NA,NA,NA,NA,NA,NA,0,0,1,0,0,Tree ,,0,NA,,,,,,,NA,NA,NA,NA,NA,NA,NA,NA,NA,NA,NA,NA,NA,NA,0,
2305,03/21/2014 01:31:00 PM,"518 Medford St, Somerville, MA",-71.1040905,42.3966331,1,1,1,1,1,4,2,2,1,NA,1,,,NA,NA,NA,NA,NA,NA,NA,NA,NA,NA,NA,NA,NA,NA,NA,0,0,0,0,0,,,0,NA,,,,,,,NA,NA,NA,NA,NA,NA,NA,NA,NA,NA,NA,NA,NA,NA,0,
2306,03/21/2014 05:47:00 PM,"Cedar St, Somerville, MA",-71.1116152,42.3932815,1,1,7,1,1,2,2,2,19,NA,2,1,,NA,NA,NA,NA,NA,NA,NA,NA,NA,NA,NA,NA,NA,NA,NA,0,0,0,0,0,,,0,NA,,,,,,,NA,NA,NA,NA,NA,NA,NA,NA,NA,NA,NA,NA,NA,NA,0,
2307,03/23/2014 04:38:00 PM,"59 Union Sq, Somerville, MA",-71.0956352,42.37992,99,99,99,99,99,99,1,1,1,NA,,,,NA,NA,NA,NA,NA,NA,NA,NA,NA,NA,NA,NA,NA,NA,NA,0,1,0,4,1,,5,1,NA,0,unk,4,1,,,NA,NA,NA,NA,NA,NA,NA,NA,NA,NA,NA,NA,NA,NA,0,
2308,03/24/2014 12:05:00 PM,"Packard Ave, Somerville, MA",-71.1232672,42.4047614,1,1,1,1,1,1,1,10,NA,NA,,,,NA,NA,NA,NA,NA,NA,NA,NA,NA,NA,NA,NA,NA,NA,NA,0,0,1,0,0,Low Hanging Utility Wire,,0,NA,,,,,,,NA,NA,NA,NA,NA,NA,NA,NA,NA,NA,NA,NA,NA,NA,0,
2309,03/25/2014 02:17:00 PM,"Grand Union Blvd and Revolution Dr, Somerville, MA",-71.0799614,42.3913094,1,1,1,3,2,1,1,1,19,20,,,,NA,NA,NA,NA,NA,NA,NA,NA,NA,NA,NA,NA,NA,NA,NA,0,0,1,0,0,Fire hydrant,,0,NA,,,,,,,NA,NA,NA,NA,NA,NA,NA,NA,NA,NA,NA,NA,NA,NA,0,
2311,03/26/2014 11:00:00 AM,"403 Highland Ave, Somerville, MA",-71.1208399,42.3961228,2,1,1,1,4,2,2,1,99,NA,1,99,,NA,NA,NA,NA,NA,NA,NA,NA,NA,NA,NA,NA,NA,NA,NA,0,0,0,0,0,,,0,NA,,,,,,,NA,NA,NA,NA,NA,NA,NA,NA,NA,NA,NA,NA,NA,NA,0,
2312,03/27/2014 02:40:00 PM,"167 Holland St, Somerville, MA",-71.1254072,42.4011098,99,99,99,99,99,99,2,2,1,NA,2,4,,NA,NA,NA,NA,NA,NA,NA,NA,NA,NA,NA,NA,NA,NA,NA,0,0,0,0,0,,,0,NA,,,,,,,NA,NA,NA,NA,NA,NA,NA,NA,NA,NA,NA,NA,NA,NA,0,
2313,03/27/2014 09:53:00 AM,"100 Cross St, Somerville, MA",-71.088453,42.384526,1,1,1,1,1,4,2,8,99,NA,1,1,,NA,NA,NA,NA,NA,NA,NA,NA,NA,NA,NA,NA,NA,NA,NA,0,0,0,0,0,,,0,NA,,,,,,,NA,NA,NA,NA,NA,NA,NA,NA,NA,NA,NA,NA,NA,NA,1,DPW struck parked car
2314,03/29/2014 09:28:00 PM,"Somerville Ave and Medford St, Somerville, MA",-71.0982317,42.3901908,3,2,3,2,2,1,1,1,18,NA,,,,NA,NA,NA,NA,NA,NA,NA,NA,NA,NA,NA,NA,NA,NA,NA,0,0,1,0,0,Traffic light,,0,NA,,,,,,,NA,NA,NA,NA,NA,NA,NA,NA,NA,NA,NA,NA,NA,NA,0,
2315,03/30/2014 02:42:00 PM,"Dane St and Washington St, Somerville, MA",-71.1040464,42.3788385,2,2,3,2,2,3,2,1,99,NA,2,99,,NA,NA,NA,NA,NA,NA,NA,NA,NA,NA,NA,NA,NA,NA,NA,0,0,0,0,0,,,0,NA,,,,,,,NA,NA,NA,NA,NA,NA,NA,NA,NA,NA,NA,NA,NA,NA,0,
2316,04/01/2014 03:31:00 PM,"Pearl St and McGrath Hwy, Somerville, MA",-71.0904563,42.3865189,1,1,3,2,1,2,2,2,1,NA,2,10,26,NA,NA,NA,NA,NA,NA,NA,NA,NA,NA,NA,NA,NA,NA,NA,0,0,0,0,0,,,1,2,0,47,4,1,1,11,4,1,NA,NA,NA,NA,NA,NA,NA,NA,NA,NA,NA,NA,0,
2317,04/01/2014 10:51:00 PM,"75 North St, Somerville, MA",-71.1295693,42.4081325,1,1,1,1,1,1,1,1,1,NA,,,,NA,NA,NA,NA,NA,NA,NA,NA,NA,NA,NA,NA,NA,NA,NA,0,0,1,0,0,Fire hydrant,,0,NA,,,,,,,NA,NA,NA,NA,NA,NA,NA,NA,NA,NA,NA,NA,NA,NA,0,
2318,04/02/2014 03:43:00 PM,"Broadway and Leonard St, Somerville, MA",-71.1207517,42.4011008,,,,,,,3,2,99,NA,1,,,2,NA,NA,NA,NA,NA,NA,NA,NA,NA,NA,NA,NA,NA,NA,0,0,0,0,0,,,0,NA,,,,,,,NA,NA,NA,NA,NA,NA,NA,NA,NA,NA,NA,NA,NA,NA,0,
2319,04/03/2014 08:00:00 AM,"Broadway and Cross St, Somerville, MA",-71.0859942,42.3886405,1,1,3,2,3,2,2,1,13,99,1,5,,NA,NA,NA,NA,NA,NA,NA,NA,NA,NA,NA,NA,NA,NA,NA,0,0,0,0,0,,,0,NA,,,,,,,NA,NA,NA,NA,NA,NA,NA,NA,NA,NA,NA,NA,NA,NA,0,
2320,04/04/2014 12:40:00 PM,"605 Broadway, Somerville, MA",-71.108667,42.398939,,,,,,,2,NA,6,NA,,,,NA,NA,NA,NA,NA,NA,NA,NA,NA,NA,NA,NA,NA,NA,NA,0,0,0,0,0,,,0,NA,,,,,,,NA,NA,NA,NA,NA,NA,NA,NA,NA,NA,NA,NA,NA,NA,0,
2321,04/04/2014 05:29:00 PM,"238 Elm St, Somerville, MA",-71.1218845,42.3948566,2,2,1,1,4,1,1,1,4,NA,,,,NA,NA,NA,NA,NA,NA,NA,NA,NA,NA,NA,NA,NA,NA,NA,1,0,0,4,2,,3,1,NA,1,24,3,0,,,NA,NA,NA,NA,NA,NA,NA,NA,NA,NA,NA,NA,NA,NA,0,
2322,04/05/2014 08:48:00 AM,"Broadway and Garfield St, Somerville, MA",-71.0867525,42.3889844,3,2,3,2,1,3,2,2,99,NA,1,99,,NA,NA,NA,NA,NA,NA,NA,NA,NA,NA,NA,NA,NA,NA,NA,0,0,0,0,0,,,1,2,1,36,3,1,1,41,3,1,NA,NA,NA,NA,NA,NA,NA,NA,NA,NA,NA,NA,0,
2323,04/05/2014 12:17:00 PM,"180 Somerville Ave, Somerville, MA",-71.0904322,42.3764299,1,1,1,1,1,1,2,1,1,NA,1,5,,NA,NA,NA,NA,NA,NA,NA,NA,NA,NA,NA,NA,NA,NA,NA,0,0,0,0,0,,,0,NA,,,,,,,NA,NA,NA,NA,NA,NA,NA,NA,NA,NA,NA,NA,NA,NA,0,
2324,04/06/2014 12:30:00 AM,"9 Bond St, Somerville, MA",-71.0962465,42.3946663,1,1,1,1,4,3,2,2,20,NA,2,99,,NA,NA,NA,NA,NA,NA,NA,NA,NA,NA,NA,NA,NA,NA,NA,0,0,0,0,0,,,0,NA,,,,,,,NA,NA,NA,NA,NA,NA,NA,NA,NA,NA,NA,NA,NA,NA,0,
2325,04/08/2014 02:07:00 AM,"Benton Rd and Cambria St, Somerville, MA",-71.105966,42.3879499,3,2,1,3,1,1,1,NA,1,NA,,,,NA,NA,NA,NA,NA,NA,NA,NA,NA,NA,NA,NA,NA,NA,NA,0,0,1,9,97,Fire hydrant,,0,NA,,,,,,,NA,NA,NA,NA,NA,NA,NA,NA,NA,NA,NA,NA,NA,NA,0,
2326,04/08/2014 02:41:00 PM,"30 Summer St, Somerville, MA",-71.0990054,42.382657,2,2,1,9,1,3,1,1,4,NA,,,,NA,NA,NA,NA,NA,NA,NA,NA,NA,NA,NA,NA,NA,NA,NA,1,0,0,10,2,,1,1,NA,0,26,4,0,,,NA,NA,NA,NA,NA,NA,NA,NA,NA,NA,NA,NA,NA,NA,0,
2327,04/09/2014 03:02:00 AM,"366 Somerville Ave, Somerville, MA",-71.099419,42.380767,1,1,1,1,4,4,4,NA,10,NA,,1,,NA,1,NA,NA,1,NA,NA,NA,NA,NA,NA,NA,NA,NA,NA,0,0,0,0,0,,,1,NA,0,31,4,1,,,NA,NA,NA,NA,NA,NA,NA,NA,NA,NA,NA,NA,NA,NA,0,
2328,04/10/2014 12:06:00 AM,"181 Boston Ave, Somerville, MA",-71.1285272,42.4157496,1,1,1,1,2,1,3,1,20,NA,,1,,NA,1,NA,NA,NA,NA,NA,NA,NA,NA,NA,NA,NA,NA,NA,0,0,0,0,0,,,0,NA,,,,,,,NA,NA,NA,NA,NA,NA,NA,NA,NA,NA,NA,NA,NA,NA,0,
2329,04/10/2014 08:13:00 AM,"Windsor St and South St, Somerville, MA",-71.0928349,42.3752417,1,1,2,3,1,3,2,1,1,NA,,3,,NA,NA,NA,NA,NA,NA,NA,NA,NA,NA,NA,NA,NA,NA,NA,0,0,0,0,0,,,0,NA,,,,,,,NA,NA,NA,NA,NA,NA,NA,NA,NA,NA,NA,NA,NA,NA,0,
2330,04/10/2014 08:47:00 PM,"674 Broadway, Somerville, MA",-71.1116108,42.3995285,,,,,,,NA,NA,NA,NA,,,,NA,NA,NA,NA,NA,NA,NA,NA,NA,NA,NA,NA,NA,NA,NA,0,0,0,0,0,,,0,NA,,,,,,,NA,NA,NA,NA,NA,NA,NA,NA,NA,NA,NA,NA,NA,NA,0,14011033
2331,04/11/2014 08:26:00 AM,"Central St and Berkeley St, Somerville, MA",-71.1042985,42.387162,2,1,2,3,1,6,2,1,6,NA,1,1,,NA,NA,NA,NA,NA,NA,NA,NA,NA,NA,NA,NA,NA,NA,NA,0,0,0,0,0,,,0,NA,,,,,,,NA,NA,NA,NA,NA,NA,NA,NA,NA,NA,NA,NA,NA,NA,0,
2332,04/11/2014 10:30:00 AM,"237 Washington St, Somerville, MA",-71.0935829,42.3798769,2,1,7,1,1,6,2,2,16,8,1,1,,NA,NA,NA,NA,NA,NA,NA,NA,NA,NA,NA,NA,NA,NA,NA,0,0,0,0,0,,,1,NA,1,48,4,1,,,NA,NA,NA,NA,NA,NA,NA,NA,NA,NA,NA,NA,NA,NA,0,
2333,04/11/2014 01:31:00 PM,"23-25 Washington St, Somerville, MA",-71.082215,42.38214,2,1,1,1,2,3,2,2,1,NA,2,4,,NA,NA,NA,NA,NA,NA,NA,NA,NA,NA,NA,NA,NA,NA,NA,0,0,0,0,0,,,1,2,1,34,4,1,1,34,4,2,NA,NA,NA,NA,NA,NA,NA,NA,NA,NA,NA,NA,0,
2334,04/11/2014 08:44:00 PM,"6 Lowell Terrace, Somerville, MA",-71.10459,42.3959221,2,1,1,1,1,1,1,2,99,NA,,,,NA,NA,NA,NA,NA,NA,NA,NA,NA,NA,NA,NA,NA,NA,NA,0,0,1,0,0,Fence,,1,NA,1,50,2,1,,,NA,NA,NA,NA,NA,NA,NA,NA,NA,NA,NA,NA,NA,NA,0,
2335,04/11/2014 02:02:00 PM,"School St and Madison St, Somerville, MA",-71.0982006,42.3876041,2,,1,3,4,1,1,1,1,NA,,,,NA,NA,NA,NA,NA,NA,NA,NA,NA,NA,NA,NA,NA,NA,NA,1,0,0,2,1,,5a,1,NA,1,51,4,0,,,NA,NA,NA,NA,NA,NA,NA,NA,NA,NA,NA,NA,NA,NA,0,