id,date_time,address,lon,lat,Weather,road_surface,traffic_control_device,intersection_type,traffic_way_desc,collision_manner,num_involved_vehicles,vehicle1_configuration,driver1_contrib1,driver1_contrib2,vehicle2_configuration,driver2_contrib1,driver2_contrib2,vehicle3_configuration,driver3_contrib1,driver3_contrib2,vehicle4_configuration,driver4_contrib1,driver4_contrib2,vehicle5_configuration,driver5_contrib1,driver5_contrib2,vehicle6_configuration,driver6_contrib1,driver6_contrib2,vehicle7_configuration,driver7_contrib1,driver7_contrib2,Bicycle,Pedestrian,non_mv,non_motorist_location,non_motorist_action,non_motorist_type,manner_of_non_motorist_collision,Injury,Multiple,Gender1,Age1,Severity1,Hospital1,Gender2,Age2,Severity2,Hospital2,Gender3,Age3,Severity3,Hospital3,Gender4,Age4,Severity4,Hospital4,Gender5,Age5,Severity5,Hospital5,city_vehicle,Notes
2336,04/12/2014 05:02:00 PM,"Washington St and Rossmore St, Somerville, MA",-71.0914197,42.3796198,1,1,1,3,1,3,2,1,4,19,1,1,,NA,NA,NA,NA,NA,NA,NA,NA,NA,NA,NA,NA,NA,NA,NA,0,0,0,0,0,,,0,NA,,,,,,,NA,NA,NA,NA,NA,NA,NA,NA,NA,NA,NA,NA,NA,NA,0,
2337,04/13/2014 07:33:00 AM,"Somerville Ave and Craigie St, Somerville, MA",-71.1128913,42.3852149,1,1,99,1,1,99,1,NA,99,NA,,,,NA,NA,NA,NA,NA,NA,NA,NA,NA,NA,NA,NA,NA,NA,NA,1,0,0,2,1,,7,1,NA,1,39,3,1,,,NA,NA,NA,NA,NA,NA,NA,NA,NA,NA,NA,NA,NA,NA,0,
2338,04/13/2014 07:57:00 AM,"Columbus Ave and Bonner Ave, Somerville, MA",-71.0935999,42.3807138,2,1,2,3,4,3,2,6,1,NA,2,1,,NA,NA,NA,NA,NA,NA,NA,NA,NA,NA,NA,NA,NA,NA,NA,0,0,0,0,0,,,0,NA,,,,,,,NA,NA,NA,NA,NA,NA,NA,NA,NA,NA,NA,NA,NA,NA,1,Fire truck? Turning struck parked MV far from curb
2339,04/14/2014 11:51:00 AM,"Properzi Way and Elliot St, Somerville, MA",-71.1068088,42.3803229,,,,,,,2,1,1,NA,,,,NA,NA,NA,NA,NA,NA,NA,NA,NA,NA,NA,NA,NA,NA,NA,0,0,0,0,0,,,0,NA,,,,,,,NA,NA,NA,NA,NA,NA,NA,NA,NA,NA,NA,NA,NA,NA,0,
2340,04/15/2014 02:25:00 PM,"42 Crescent St, Somerville, MA",-71.0796847,42.3830918,3,2,1,1,4,2,2,2,18,NA,1,1,,NA,NA,NA,NA,NA,NA,NA,NA,NA,NA,NA,NA,NA,NA,NA,0,0,0,0,0,,,0,NA,,,,,,,NA,NA,NA,NA,NA,NA,NA,NA,NA,NA,NA,NA,NA,NA,1,DPW backed into MV
2341,04/17/2014 05:29:00 PM,"300 Somerville Ave, Somerville, MA",-71.0973702,42.3800117,,,,,,,1,1,4,NA,,,,NA,NA,NA,NA,NA,NA,NA,NA,NA,NA,NA,NA,NA,NA,NA,0,1,0,1,1,,5,0,NA,,,,,,,NA,NA,NA,NA,NA,NA,NA,NA,NA,NA,NA,NA,NA,NA,0,
2343,04/19/2014 01:20:00 PM,"255 Medford St, Somerville, MA",-71.0917598,42.3841204,1,1,1,1,,4,2,2,1,NA,3,,,NA,NA,NA,NA,NA,NA,NA,NA,NA,NA,NA,NA,NA,NA,NA,0,0,1,4,2,Motorcycle,7,1,NA,1,52,2,1,,,NA,NA,NA,NA,NA,NA,NA,NA,NA,NA,NA,NA,NA,NA,1,SPD motorcycle struck by MV pulling to right
2344,04/20/2014 11:58:00 AM,"Highland Ave and Waldo St, Somerville, MA",-71.1042946,42.3887145,,,,,,,2,1,1,NA,2,1,,NA,NA,NA,NA,NA,NA,NA,NA,NA,NA,NA,NA,NA,NA,NA,0,0,0,0,0,,,0,NA,,,,,,,NA,NA,NA,NA,NA,NA,NA,NA,NA,NA,NA,NA,NA,NA,0,
2345,04/20/2014 03:26:00 PM,"Webster Ave and Prospect St, Somerville, MA",-71.0955943,42.376968,1,1,3,2,2,4,1,1,1,NA,,,,NA,NA,NA,NA,NA,NA,NA,NA,NA,NA,NA,NA,NA,NA,NA,1,0,0,4,2,,1,1,NA,0,33,4,1,,,NA,NA,NA,NA,NA,NA,NA,NA,NA,NA,NA,NA,NA,NA,0,
2346,04/21/2014 12:30:00 PM,"41 Florence St, Somerville, MA",-71.082827,42.3834779,1,1,1,1,4,1,1,13,97,NA,,,,NA,NA,NA,NA,NA,NA,NA,NA,NA,NA,NA,NA,NA,NA,NA,0,0,1,0,0,Tree ,,0,NA,,,,,,,NA,NA,NA,NA,NA,NA,NA,NA,NA,NA,NA,NA,NA,NA,0,
2347,04/22/2014 06:33:00 AM,"Broadway and Mason St, Somerville, MA",-71.1226344,42.4015565,1,1,2,3,2,3,2,2,99,NA,1,99,,NA,NA,NA,NA,NA,NA,NA,NA,NA,NA,NA,NA,NA,NA,NA,0,0,0,0,0,,,1,NA,1,25,4,0,,,NA,NA,NA,NA,NA,NA,NA,NA,NA,NA,NA,NA,NA,NA,0,
2348,04/22/2014 08:53:00 PM,"333 Highland Ave, Somerville, MA",-71.1157439,42.3936715,1,1,,1,2,4,4,2,14,NA,1,,,1,NA,NA,1,NA,NA,NA,NA,NA,NA,NA,NA,NA,NA,NA,0,0,0,0,0,,,0,NA,,,,,,,NA,NA,NA,NA,NA,NA,NA,NA,NA,NA,NA,NA,NA,NA,0,
2349,04/23/2014 07:49:00 PM,"39 Montrose St, Somerville, MA",-71.0998258,42.3889383,1,1,1,1,4,4,2,1,99,NA,1,,,NA,NA,NA,NA,NA,NA,NA,NA,NA,NA,NA,NA,NA,NA,NA,0,0,0,0,0,,,0,NA,,,,,,,NA,NA,NA,NA,NA,NA,NA,NA,NA,NA,NA,NA,NA,NA,0,
2350,04/24/2014 01:48:00 AM,"30 Dane St, Somerville, MA",-71.1040996,42.3810963,1,1,1,1,99,2,2,1,1,NA,2,99,,NA,NA,NA,NA,NA,NA,NA,NA,NA,NA,NA,NA,NA,NA,NA,0,0,0,0,0,,,0,NA,,,,,,,NA,NA,NA,NA,NA,NA,NA,NA,NA,NA,NA,NA,NA,NA,0,
2351,04/25/2014 02:00:00 PM,"Broadway and Wallace St, Somerville, MA",-71.1207517,42.4011008,,,,,,,2,1,1,NA,2,19,,NA,NA,NA,NA,NA,NA,NA,NA,NA,NA,NA,NA,NA,NA,NA,0,0,0,0,0,,,1,NA,1,25,4,0,,,NA,NA,NA,NA,NA,NA,NA,NA,NA,NA,NA,NA,NA,NA,0,
2352,04/25/2014 05:36:00 PM,"Warren St and Medford St, Somerville, MA",-71.0876474,42.3737985,1,1,2,3,4,4,2,2,2,NA,1,97,,NA,NA,NA,NA,NA,NA,NA,NA,NA,NA,NA,NA,NA,NA,NA,0,0,0,0,0,,,0,NA,,,,,,,NA,NA,NA,NA,NA,NA,NA,NA,NA,NA,NA,NA,NA,NA,0,
2353,04/26/2014 02:10:00 AM,"32 Beacon St, Somerville, MA",-71.102996,42.375106,1,1,99,1,1,2,3,1,1,NA,1,10,,1,1,NA,NA,NA,NA,NA,NA,NA,NA,NA,NA,NA,NA,NA,0,0,0,0,0,,,0,NA,,,,,,,NA,NA,NA,NA,NA,NA,NA,NA,NA,NA,NA,NA,NA,NA,0,
2354,04/26/2014 02:57:00 AM,"Myrtle St and Perkins St, Somerville, MA",-71.0826018,42.3855007,1,1,1,3,1,1,2,97,1,NA,1,,,NA,NA,NA,NA,NA,NA,NA,NA,NA,NA,NA,NA,NA,NA,NA,0,0,0,0,0,,,0,NA,,,,,,,NA,NA,NA,NA,NA,NA,NA,NA,NA,NA,NA,NA,NA,NA,1,Fire truck struck parked MV while turning
2355,04/27/2014 09:10:00 AM,"Central St and Vernon St, Somerville, MA",-71.1015146,42.3911489,2,2,2,3,1,3,2,1,1,NA,1,1,,NA,NA,NA,NA,NA,NA,NA,NA,NA,NA,NA,NA,NA,NA,NA,0,0,0,0,0,,,0,NA,,,,,,,NA,NA,NA,NA,NA,NA,NA,NA,NA,NA,NA,NA,NA,NA,0,
2356,04/28/2014 12:08:00 PM,"Beacon St and Washington St, Somerville, MA",-71.106382,42.3782892,,,,,,,2,1,NA,NA,1,5,,NA,NA,NA,NA,NA,NA,NA,NA,NA,NA,NA,NA,NA,NA,NA,0,0,0,0,0,,,1,NA,0,47,4,0,,,NA,NA,NA,NA,NA,NA,NA,NA,NA,NA,NA,NA,NA,NA,0,
2372,05/07/2014 09:00:00 AM,"Webster Ave and Tremont St, Somerville, MA",-71.0952351,42.3758647,1,1,1,4,2,4,2,1,19,NA,1,1,,NA,NA,NA,NA,NA,NA,NA,NA,NA,NA,NA,NA,NA,NA,NA,0,0,0,0,0,,,0,NA,,,,,,,NA,NA,NA,NA,NA,NA,NA,NA,NA,NA,NA,NA,NA,NA,0,
2357,04/28/2014 11:27:00 AM,"Summer St and Cutter Ave, Somerville, MA",-71.1206131,42.3940936,1,1,3,2,4,1,1,NA,97,NA,,,,NA,NA,NA,NA,NA,NA,NA,NA,NA,NA,NA,NA,NA,NA,NA,0,1,0,2,1,,2,1,NA,0,72,3,0,,,NA,NA,NA,NA,NA,NA,NA,NA,NA,NA,NA,NA,NA,NA,0,
2358,04/29/2014 11:51:00 AM,"Foley St and Grand Union Blvd, Somerville, MA",-71.0805024,42.3930129,2,1,2,2,1,3,2,1,4,NA,1,1,,NA,NA,NA,NA,NA,NA,NA,NA,NA,NA,NA,NA,NA,NA,NA,0,0,0,0,0,,,0,NA,,,,,,,NA,NA,NA,NA,NA,NA,NA,NA,NA,NA,NA,NA,NA,NA,0,
2359,04/29/2014 02:55:00 PM,"49 Porter St, Somerville, MA",-71.111801,42.388527,2,1,1,1,1,2,2,2,10,19,1,1,,NA,NA,NA,NA,NA,NA,NA,NA,NA,NA,NA,NA,NA,NA,NA,0,0,0,0,0,,,1,NA,0,27,3,1,,,NA,NA,NA,NA,NA,NA,NA,NA,NA,NA,NA,NA,NA,NA,0,
2360,04/29/2014 05:59:00 PM,"Broadway and Alfred St, Somerville, MA",-71.1077074,42.3984168,2,1,1,3,1,3,2,1,4,6,1,1,,NA,NA,NA,NA,NA,NA,NA,NA,NA,NA,NA,NA,NA,NA,NA,0,0,0,0,0,,,0,NA,,,,,,,NA,NA,NA,NA,NA,NA,NA,NA,NA,NA,NA,NA,NA,NA,0,
2361,04/29/2014 07:10:00 PM,"119 College Ave, Somerville, MA",-71.1177554,42.3999816,2,1,1,1,1,3,3,1,1,NA,1,19,,1,1,NA,NA,NA,NA,NA,NA,NA,NA,NA,NA,NA,NA,NA,0,0,0,0,0,,,0,NA,,,,,,,NA,NA,NA,NA,NA,NA,NA,NA,NA,NA,NA,NA,NA,NA,0,
2362,04/30/2014 02:41:00 PM,"McGrath Hwy and Medford St, Somerville, MA",-71.0902338,42.3820569,1,1,3,1,1,1,2,2,1,NA,1,10,,NA,NA,NA,NA,NA,NA,NA,NA,NA,NA,NA,NA,NA,NA,NA,0,0,0,0,0,,,0,NA,,,,,,,NA,NA,NA,NA,NA,NA,NA,NA,NA,NA,NA,NA,NA,NA,0,
2363,04/30/2014 09:08:00 AM,"Francis St and Highland Ave, Somerville, MA",-71.0994968,42.3875968,3,2,3,3,2,1,1,1,1,NA,,,,NA,NA,NA,NA,NA,NA,NA,NA,NA,NA,NA,NA,NA,NA,NA,1,0,0,2,1,,5a,1,NA,0,22,4,1,,,NA,NA,NA,NA,NA,NA,NA,NA,NA,NA,NA,NA,NA,NA,0,
2364,04/30/2014 02:40:00 PM,"101 Highland Ave, Somerville, MA",-71.0992014,42.3873338,2,1,1,1,1,4,2,1,99,NA,97,99,,NA,NA,NA,NA,NA,NA,NA,NA,NA,NA,NA,NA,NA,NA,NA,0,0,0,0,0,,,0,NA,,,,,,,NA,NA,NA,NA,NA,NA,NA,NA,NA,NA,NA,NA,NA,NA,1,Car sideswipped parked fire truck
2365,05/01/2014 05:25:00 PM,"Broadway and College Ave, Somerville, MA",-71.117348,42.400524,1,1,1,7,4,4,2,1,99,NA,2,99,,NA,NA,NA,NA,NA,NA,NA,NA,NA,NA,NA,NA,NA,NA,NA,0,0,0,0,0,,,1,NA,0,88,4,1,,,NA,NA,NA,NA,NA,NA,NA,NA,NA,NA,NA,NA,NA,NA,0,
2366,05/02/2014 06:10:00 AM,"Flint St and Glen St, Somerville, MA",-71.0865946,42.3842428,1,1,2,2,1,6,4,1,4,NA,1,99,,1,1,NA,1,1,NA,NA,NA,NA,NA,NA,NA,NA,NA,NA,0,0,0,0,0,,,0,NA,,,,,,,NA,NA,NA,NA,NA,NA,NA,NA,NA,NA,NA,NA,NA,NA,0,
2367,05/02/2014 09:40:00 PM,"Medford St, Somerville, MA",-71.0984882,42.3904373,1,1,1,1,2,1,1,1,21,9,,,,NA,NA,NA,NA,NA,NA,NA,NA,NA,NA,NA,NA,NA,NA,NA,0,0,1,0,0,Tree ,,0,NA,,,,,,,NA,NA,NA,NA,NA,NA,NA,NA,NA,NA,NA,NA,NA,NA,0,
2368,05/03/2014 08:26:00 PM,"Middlesex Ave, Somerville, MA",-71.0831773,42.3931891,1,1,3,3,2,2,2,NA,1,NA,,5,,NA,NA,NA,NA,NA,NA,NA,NA,NA,NA,NA,NA,NA,NA,NA,0,0,0,0,0,,,0,NA,,,,,,,NA,NA,NA,NA,NA,NA,NA,NA,NA,NA,NA,NA,NA,NA,0,
2369,05/04/2014 12:30:00 AM,"58 Bow St, Somerville, MA",-71.0991487,42.3814928,1,1,1,1,4,4,4,2,1,NA,1,1,,1,1,NA,2,9,NA,NA,NA,NA,NA,NA,NA,NA,NA,NA,0,0,0,0,0,,,0,NA,,,,,,,NA,NA,NA,NA,NA,NA,NA,NA,NA,NA,NA,NA,NA,NA,0,
2370,05/05/2014 08:18:00 AM,"201 Willow Ave, Somerville, MA",-71.1141142,42.3973541,1,1,1,1,1,4,2,2,9,NA,2,1,,NA,NA,NA,NA,NA,NA,NA,NA,NA,NA,NA,NA,NA,NA,NA,0,0,0,0,0,,,0,NA,,,,,,,NA,NA,NA,NA,NA,NA,NA,NA,NA,NA,NA,NA,NA,NA,0,
2371,05/05/2014 03:13:00 PM,"Grove St and Elm St, Somerville, MA",-71.1214561,42.3947474,1,1,1,3,2,1,1,3,99,NA,,,,NA,NA,NA,NA,NA,NA,NA,NA,NA,NA,NA,NA,NA,NA,NA,0,0,1,4,2,Vespa Scooter,,1,NA,1,52,3,1,,,NA,NA,NA,NA,NA,NA,NA,NA,NA,NA,NA,NA,NA,NA,0,
2373,05/07/2014 07:15:00 PM,"239 Holland St, Somerville, MA",-71.1267484,42.4027726,2,1,1,1,2,1,1,NA,5,NA,,,,NA,NA,NA,NA,NA,NA,NA,NA,NA,NA,NA,NA,NA,NA,NA,0,0,1,0,0,Highway sign,,0,NA,,,,,,,NA,NA,NA,NA,NA,NA,NA,NA,NA,NA,NA,NA,NA,NA,0,
2374,05/08/2014 08:31:00 AM,"Hall Ave and College Ave, Somerville, MA",-71.1207344,42.3986229,1,1,2,3,1,3,2,1,1,NA,2,4,,NA,NA,NA,NA,NA,NA,NA,NA,NA,NA,NA,NA,NA,NA,NA,0,0,0,0,0,,,1,2,1,29,4,0,1,60,4,0,NA,NA,NA,NA,NA,NA,NA,NA,NA,NA,NA,NA,0,
2375,05/10/2014 11:12:00 AM,"64 Porter St, Somerville, MA",-71.1117658,42.3893669,2,2,1,1,1,1,1,NA,99,NA,,,,NA,NA,NA,NA,NA,NA,NA,NA,NA,NA,NA,NA,NA,NA,NA,0,0,1,9,97,Brick wall,,0,NA,,,,,,,NA,NA,NA,NA,NA,NA,NA,NA,NA,NA,NA,NA,NA,NA,0,
2376,05/11/2014 07:11:00 PM,"89 Dover St, Somerville, MA",-71.124489,42.396294,1,1,1,1,4,99,3,1,NA,NA,1,,,1,NA,NA,NA,NA,NA,NA,NA,NA,NA,NA,NA,NA,NA,NA,0,0,0,0,0,,,0,NA,,,,,,,NA,NA,NA,NA,NA,NA,NA,NA,NA,NA,NA,NA,NA,NA,0,
2377,05/11/2014 06:50:00 PM,"Meacham Rd and Orchard St, Somerville, MA",-71.126069,42.396014,1,1,1,3,4,1,1,1,18,NA,,,,NA,NA,NA,NA,NA,NA,NA,NA,NA,NA,NA,NA,NA,NA,NA,0,1,0,4,6,,1,1,NA,1,23,4,0,,,NA,NA,NA,NA,NA,NA,NA,NA,NA,NA,NA,NA,NA,NA,0,
2378,05/11/2014 04:04:00 PM,"190 Highland Ave, Somerville, MA",-71.1061908,42.3893911,1,1,1,1,1,4,1,1,NA,NA,,,99,NA,NA,NA,NA,NA,NA,NA,NA,NA,NA,NA,NA,NA,NA,NA,1,0,0,4,2,,1,1,NA,0,52,3,1,,,NA,NA,NA,NA,NA,NA,NA,NA,NA,NA,NA,NA,NA,NA,0,
2379,05/12/2014 05:03:00 PM,"Myrtle St and Washington St, Somerville, MA",-71.083928,42.3816588,1,1,1,3,1,1,1,1,19,NA,,,,NA,NA,NA,NA,NA,NA,NA,NA,NA,NA,NA,NA,NA,NA,NA,0,0,1,0,0,Sign,,1,NA,1,52,5,1,,,NA,NA,NA,NA,NA,NA,NA,NA,NA,NA,NA,NA,NA,NA,0,
2380,05/12/2014 05:09:00 PM,"120 Bartlett St, Somerville, MA",-71.1006945,42.3957584,1,1,1,1,4,4,2,1,1,NA,2,,,NA,NA,NA,NA,NA,NA,NA,NA,NA,NA,NA,NA,NA,NA,NA,0,0,0,0,0,,,0,NA,,,,,,,NA,NA,NA,NA,NA,NA,NA,NA,NA,NA,NA,NA,NA,NA,0,
2381,05/14/2014 05:20:00 PM,"14 Hawkins St, Somerville, MA",-71.0979776,42.3799321,1,1,1,1,4,3,3,1,4,NA,1,1,,1,NA,NA,NA,NA,NA,NA,NA,NA,NA,NA,NA,NA,NA,NA,0,0,0,0,0,,,0,NA,,,,,,,NA,NA,NA,NA,NA,NA,NA,NA,NA,NA,NA,NA,NA,NA,0,
2382,05/14/2014 05:00:00 PM,"176 Somerville Ave, Somerville, MA",-71.0897727,42.3764446,1,1,1,1,2,1,1,NA,99,NA,,,,NA,NA,NA,NA,NA,NA,NA,NA,NA,NA,NA,NA,NA,NA,NA,1,0,0,4,2,,1,1,NA,0,25,4,1,,,NA,NA,NA,NA,NA,NA,NA,NA,NA,NA,NA,NA,NA,NA,0,
2383,05/14/2014 11:44:00 AM,"5 Cutter Ave , Somerville, MA",-71.120015,42.394265,1,1,1,1,4,2,2,1,1,NA,2,99,,NA,NA,NA,NA,NA,NA,NA,NA,NA,NA,NA,NA,NA,NA,NA,0,0,0,0,0,,,1,NA,1,22,4,1,,,NA,NA,NA,NA,NA,NA,NA,NA,NA,NA,NA,NA,NA,NA,1,DPW rear-ended MV that stopped for pedestrian not in crosswalk
2384,05/15/2014 10:35:00 AM,"Broadway and Temple St, Somerville, MA",-71.0934064,42.3925566,1,1,3,3,2,2,2,1,97,NA,2,1,,NA,NA,NA,NA,NA,NA,NA,NA,NA,NA,NA,NA,NA,NA,NA,0,0,0,0,0,,,1,NA,1,44,4,1,,,NA,NA,NA,NA,NA,NA,NA,NA,NA,NA,NA,NA,NA,NA,0,
2385,05/15/2014 03:10:00 PM,"Central St and Monmouth St, Somerville, MA",-71.1056142,42.3852716,2,1,2,3,4,3,3,1,4,NA,2,1,,1,NA,NA,NA,NA,NA,NA,NA,NA,NA,NA,NA,NA,NA,NA,0,0,0,0,0,,,1,NA,1,88,3,0,,,NA,NA,NA,NA,NA,NA,NA,NA,NA,NA,NA,NA,NA,NA,0,
2386,05/15/2014 06:34:00 PM,"74 Perkins St, Somerville, MA",-71.0794192,42.3843498,99,99,99,99,99,99,1,1,99,NA,,,,NA,NA,NA,NA,NA,NA,NA,NA,NA,NA,NA,NA,NA,NA,NA,0,0,0,0,0,,,0,NA,,,,,,,NA,NA,NA,NA,NA,NA,NA,NA,NA,NA,NA,NA,NA,NA,0,
2387,05/15/2014 06:00:00 PM,"Broadway and Warner St, Somerville, MA",-71.116275,42.401082,1,1,4,7,4,3,1,2,1,NA,,9,,NA,NA,NA,NA,NA,NA,NA,NA,NA,NA,NA,NA,NA,NA,NA,1,0,0,4,2,,7,1,2,1,25,3,0,0,85,4,1,NA,NA,NA,NA,NA,NA,NA,NA,NA,NA,NA,NA,0,Bicyclist not tranported; driver was
2388,05/15/2014 06:25:00 PM,"411 Highland Ave, Somerville, MA",-71.1213025,42.3962814,1,1,1,1,4,3,1,1,97,NA,,,,NA,NA,NA,NA,NA,NA,NA,NA,NA,NA,NA,NA,NA,NA,NA,1,0,0,4,2,,3,1,NA,1,57,3,1,,,NA,NA,NA,NA,NA,NA,NA,NA,NA,NA,NA,NA,NA,NA,0,
2389,05/17/2014 12:18:00 PM,"680 Somerville Ave, Somerville, MA",-71.1131546,42.3851059,97,97,97,97,4,2,2,NA,1,NA,,,,NA,NA,NA,NA,NA,NA,NA,NA,NA,NA,NA,NA,NA,NA,NA,0,0,0,0,0,,,0,NA,,,,,,,NA,NA,NA,NA,NA,NA,NA,NA,NA,NA,NA,NA,NA,NA,0,
2390,05/17/2014 04:28:00 PM,"289 Lowell St, Somerville, MA",-71.1052817,42.3937832,1,1,1,1,1,4,2,1,10,9,2,,,NA,NA,NA,NA,NA,NA,NA,NA,NA,NA,NA,NA,NA,NA,NA,0,0,0,0,0,,,1,NA,1,47,4,1,,,NA,NA,NA,NA,NA,NA,NA,NA,NA,NA,NA,NA,NA,NA,0,
2391,05/18/2014 09:10:00 AM,"400 Somerville Ave, Somerville, MA",-71.1015967,42.3807302,1,1,1,1,2,1,1,NA,NA,NA,,,,NA,NA,NA,NA,NA,NA,NA,NA,NA,NA,NA,NA,NA,NA,NA,1,0,0,4,2,,8,1,NA,1,14,3,1,,,NA,NA,NA,NA,NA,NA,NA,NA,NA,NA,NA,NA,NA,NA,0,
2392,05/19/2014 12:16:00 PM,"Medford St and Partridge Ave , Somerville, MA",-71.1027047,42.3951947,2,1,2,2,1,2,2,1,99,NA,1,99,,NA,NA,NA,NA,NA,NA,NA,NA,NA,NA,NA,NA,NA,NA,NA,0,0,0,0,0,,,1,2,1,78,4,1,1,6,4,1,NA,NA,NA,NA,NA,NA,NA,NA,NA,NA,NA,NA,0,
2393,05/19/2014 06:28:00 PM,"Newton St and Webster St, Somerville, MA",-71.0846043,42.3856234,2,1,2,3,4,99,2,1,99,NA,1,99,,NA,NA,NA,NA,NA,NA,NA,NA,NA,NA,NA,NA,NA,NA,NA,0,0,0,0,0,,,0,NA,,,,,,,NA,NA,NA,NA,NA,NA,NA,NA,NA,NA,NA,NA,NA,NA,0,
2394,05/22/2014 07:32:00 PM,"Tremont St and Webster Ave, Somerville, MA",-71.0952351,42.3758647,2,1,1,3,1,1,1,1,1,NA,,,,NA,NA,NA,NA,NA,NA,NA,NA,NA,NA,NA,NA,NA,NA,NA,1,0,0,2,1,,2,1,NA,1,33,3,1,,,NA,NA,NA,NA,NA,NA,NA,NA,NA,NA,NA,NA,NA,NA,0,
2395,05/24/2014 12:00:00 AM,"98 Albion St, Somerville, MA",-71.10759,42.3914035,1,1,1,1,4,4,2,1,99,NA,,,,NA,NA,NA,NA,NA,NA,NA,NA,NA,NA,NA,NA,NA,NA,NA,0,0,0,0,0,,,0,NA,,,,,,,NA,NA,NA,NA,NA,NA,NA,NA,NA,NA,NA,NA,NA,NA,0,
2396,05/24/2014 01:55:00 PM,"280 Highland Ave, Somerville, MA",-71.112117,42.391821,1,1,3,1,1,2,2,1,1,NA,2,10,,NA,NA,NA,NA,NA,NA,NA,NA,NA,NA,NA,NA,NA,NA,NA,0,0,0,0,0,,,1,NA,1,64,4,0,,,NA,NA,NA,NA,NA,NA,NA,NA,NA,NA,NA,NA,NA,NA,0,
2397,05/25/2014 07:35:00 PM,"Broadway and Garfield St, Somerville, MA",-71.0867525,42.3889844,1,1,3,2,1,3,2,1,3,23,1,1,,NA,NA,NA,NA,NA,NA,NA,NA,NA,NA,NA,NA,NA,NA,NA,0,0,0,0,0,,,1,NA,0,16,2,1,,,NA,NA,NA,NA,NA,NA,NA,NA,NA,NA,NA,NA,NA,NA,0,
2398,05/27/2014 03:46:00 PM,"237 Elm St, Somerville, MA",-71.1216307,42.3950242,1,1,1,1,4,4,2,1,99,NA,,99,,NA,NA,NA,NA,NA,NA,NA,NA,NA,NA,NA,NA,NA,NA,NA,0,0,0,0,0,,,0,NA,,,,,,,NA,NA,NA,NA,NA,NA,NA,NA,NA,NA,NA,NA,NA,NA,0,
2399,05/28/2014 09:18:00 AM,"Dane Ave and Dane St, Somerville, MA",-71.1046117,42.3804211,3,2,2,2,1,3,2,1,3,NA,2,1,,NA,NA,NA,NA,NA,NA,NA,NA,NA,NA,NA,NA,NA,NA,NA,0,0,0,0,0,,,0,NA,,,,,,,NA,NA,NA,NA,NA,NA,NA,NA,NA,NA,NA,NA,NA,NA,0,
2400,05/28/2014 01:35:00 PM,"119 Beacon St, Somerville, MA",-71.105905,42.3779196,2,1,1,1,1,1,1,1,1,NA,,,,NA,NA,NA,NA,NA,NA,NA,NA,NA,NA,NA,NA,NA,NA,NA,1,0,0,2,1,,7,1,NA,1,56,4,1,,,NA,NA,NA,NA,NA,NA,NA,NA,NA,NA,NA,NA,NA,NA,0,
2401,06/01/2014 04:50:00 AM,"McGrath Hwy and Chester Ave, Somerville, MA",-71.0913235,42.3838243,1,1,3,3,3,2,2,1,1,NA,1,1,,NA,NA,NA,NA,NA,NA,NA,NA,NA,NA,NA,NA,NA,NA,NA,0,0,0,0,0,,,1,NA,0,30,3,1,,,NA,NA,NA,NA,NA,NA,NA,NA,NA,NA,NA,NA,NA,NA,0,
2402,06/01/2014 01:54:00 PM,"61 Florence St, Somerville, MA",-71.0822682,42.3844003,1,1,1,1,1,5,2,6,99,NA,2,1,,NA,NA,NA,NA,NA,NA,NA,NA,NA,NA,NA,NA,NA,NA,NA,0,0,0,0,0,,,0,NA,,,,,,,NA,NA,NA,NA,NA,NA,NA,NA,NA,NA,NA,NA,NA,NA,0,
2403,06/01/2014 06:24:00 PM,"Bow St and Warren Ave, Somerville, MA",-71.0967461,42.3803419,1,1,3,2,4,2,2,1,19,NA,1,1,,NA,NA,NA,NA,NA,NA,NA,NA,NA,NA,NA,NA,NA,NA,NA,0,0,0,0,0,,,1,NA,0,44,4,1,,,NA,NA,NA,NA,NA,NA,NA,NA,NA,NA,NA,NA,NA,NA,0,
2404,06/02/2014 06:58:00 AM,"855 Broadway, Somerville, MA",-71.1175301,42.4010785,1,1,1,7,4,2,2,2,99,NA,1,99,,NA,NA,NA,NA,NA,NA,NA,NA,NA,NA,NA,NA,NA,NA,NA,0,0,0,0,0,,,1,NA,1,52,4,1,,,NA,NA,NA,NA,NA,NA,NA,NA,NA,NA,NA,NA,NA,NA,0,
2405,06/02/2014 08:37:00 AM,"Broadway and Dexter St, Somerville, MA",-71.0673968,42.3942508,3,6,3,2,2,6,2,1,NA,NA,,,,NA,NA,NA,NA,NA,NA,NA,NA,NA,NA,NA,NA,NA,NA,NA,0,0,0,0,0,,,0,NA,,,99,,,,NA,NA,NA,NA,NA,NA,NA,NA,NA,NA,NA,NA,NA,NA,0,
2406,06/02/2014 09:13:00 AM,"Webster Ave and Newton St, Somerville, MA",-71.095842,42.3778737,1,1,2,2,1,3,2,1,4,NA,15,1,,NA,NA,NA,NA,NA,NA,NA,NA,NA,NA,NA,NA,NA,NA,NA,0,0,1,0,0,Moped,,1,2,1,37,4,0,0,34,4,0,NA,NA,NA,NA,NA,NA,NA,NA,NA,NA,NA,NA,0,