id,date_time,address,lon,lat,Weather,road_surface,traffic_control_device,intersection_type,traffic_way_desc,collision_manner,num_involved_vehicles,vehicle1_configuration,driver1_contrib1,driver1_contrib2,vehicle2_configuration,driver2_contrib1,driver2_contrib2,vehicle3_configuration,driver3_contrib1,driver3_contrib2,vehicle4_configuration,driver4_contrib1,driver4_contrib2,vehicle5_configuration,driver5_contrib1,driver5_contrib2,vehicle6_configuration,driver6_contrib1,driver6_contrib2,vehicle7_configuration,driver7_contrib1,driver7_contrib2,Bicycle,Pedestrian,non_mv,non_motorist_location,non_motorist_action,non_motorist_type,manner_of_non_motorist_collision,Injury,Multiple,Gender1,Age1,Severity1,Hospital1,Gender2,Age2,Severity2,Hospital2,Gender3,Age3,Severity3,Hospital3,Gender4,Age4,Severity4,Hospital4,Gender5,Age5,Severity5,Hospital5,city_vehicle,Notes
2407,06/03/2014 06:38:00 PM,"New Washington St, Somerville, MA",-71.0842298,42.3802155,2,1,1,1,2,1,1,2,99,NA,,,,NA,NA,NA,NA,NA,NA,NA,NA,NA,NA,NA,NA,NA,NA,NA,0,0,1,49,2,Dog,,0,NA,,,,,,,NA,NA,NA,NA,NA,NA,NA,NA,NA,NA,NA,NA,NA,NA,0,
2408,06/05/2014 08:07:00 AM,"Mystic Ave and Lombardi Way, Somerville, MA",-71.0776432,42.3869834,3,2,3,2,34,3,2,1,99,NA,1,99,,NA,NA,NA,NA,NA,NA,NA,NA,NA,NA,NA,NA,NA,NA,NA,0,0,0,0,0,,,0,NA,,,,,,,NA,NA,NA,NA,NA,NA,NA,NA,NA,NA,NA,NA,NA,NA,0,
2409,06/05/2014 08:18:00 AM,"Cedar St and Morrison Ave, Somerville, MA",-71.1107807,42.3944455,3,2,1,3,1,5,2,99,NA,NA,99,,,NA,NA,NA,NA,NA,NA,NA,NA,NA,NA,NA,NA,NA,NA,NA,0,0,0,0,0,,,0,NA,,,,,,,NA,NA,NA,NA,NA,NA,NA,NA,NA,NA,NA,NA,NA,NA,0,
2410,06/05/2014 01:10:00 PM,"Medford St and School St, Somerville, MA",-71.0971615,42.3891241,3,2,3,2,1,2,4,1,1,NA,1,1,,2,5,99,1,1,NA,NA,NA,NA,NA,NA,NA,NA,NA,NA,0,0,0,0,0,,,0,NA,,,,,,,NA,NA,NA,NA,NA,NA,NA,NA,NA,NA,NA,NA,NA,NA,0,
2411,06/05/2014 02:22:00 PM,"South St and Harding St, Somerville, MA",-71.0902116,42.3743491,3,2,2,3,1,3,2,1,1,NA,1,3,4,NA,NA,NA,NA,NA,NA,NA,NA,NA,NA,NA,NA,NA,NA,NA,0,0,0,0,0,,,0,NA,,,,,,,NA,NA,NA,NA,NA,NA,NA,NA,NA,NA,NA,NA,NA,NA,0,
2412,06/05/2014 04:07:00 PM,"59 North St, Somerville, MA",-71.1298374,42.407664,2,2,3,1,1,4,1,1,20,NA,,,,NA,NA,NA,NA,NA,NA,NA,NA,NA,NA,NA,NA,NA,NA,NA,0,0,1,0,0,Utility pole,,0,NA,,,,,,,NA,NA,NA,NA,NA,NA,NA,NA,NA,NA,NA,NA,NA,NA,0,
2413,06/06/2014 05:13:00 PM,"Elm St and Cherry St, Somerville, MA",-71.1166126,42.3892348,1,1,2,3,1,1,1,2,4,NA,,,,NA,NA,NA,NA,NA,NA,NA,NA,NA,NA,NA,NA,NA,NA,NA,1,0,0,2,1,,5,1,NA,1,27,3,0,,,NA,NA,NA,NA,NA,NA,NA,NA,NA,NA,NA,NA,NA,NA,0,
2414,06/07/2014 10:20:00 PM,"24 Lincoln St, Somerville, MA",-71.0811841,42.3856575,2,1,1,1,4,4,3,2,97,NA,2,1,,2,97,NA,NA,NA,NA,NA,NA,NA,NA,NA,NA,NA,NA,NA,0,0,0,0,0,,,0,NA,,,,,,,NA,NA,NA,NA,NA,NA,NA,NA,NA,NA,NA,NA,NA,NA,0,
2415,06/07/2014 09:51:00 AM,"Grand Union Blvd and Canal St, Somerville, MA",-71.0808684,42.3939483,1,1,1,2,1,1,1,1,99,NA,,,,NA,NA,NA,NA,NA,NA,NA,NA,NA,NA,NA,NA,NA,NA,NA,0,1,0,4,1,,5,1,NA,0,4,4,1,,,NA,NA,NA,NA,NA,NA,NA,NA,NA,NA,NA,NA,NA,NA,0,
2416,06/07/2014 03:20:00 PM,"480 Mystic Ave, Somerville, MA",-71.090408,42.3965355,1,1,1,1,2,2,2,1,1,NA,1,5,,NA,NA,NA,NA,NA,NA,NA,NA,NA,NA,NA,NA,NA,NA,NA,0,0,0,0,0,,,1,NA,1,55,3,1,,,NA,NA,NA,NA,NA,NA,NA,NA,NA,NA,NA,NA,NA,NA,1,Crusier rear-ended MV
2417,06/09/2014 01:27:00 PM,"406 Highland Ave , Somerville, MA",-71.1213652,42.3958348,1,1,1,1,4,1,1,1,1,NA,,,,NA,NA,NA,NA,NA,NA,NA,NA,NA,NA,NA,NA,NA,NA,NA,0,1,0,4,1,,5,1,NA,0,44,4,1,,,NA,NA,NA,NA,NA,NA,NA,NA,NA,NA,NA,NA,NA,NA,0,
2418,06/09/2014 01:59:00 PM,"Bonair St and Walnut St, Somerville, MA",-71.0919612,42.3893565,2,1,3,3,1,99,1,NA,99,NA,,3,,NA,NA,NA,NA,NA,NA,NA,NA,NA,NA,NA,NA,NA,NA,NA,1,0,0,4,2,,5,0,NA,,,,,,,NA,NA,NA,NA,NA,NA,NA,NA,NA,NA,NA,NA,NA,NA,0,
2419,06/11/2014 09:10:00 AM,"Broadway and Wheatland St, Somerville, MA",-71.0911431,42.3911131,1,1,2,3,2,3,2,1,18,NA,1,18,,NA,NA,NA,NA,NA,NA,NA,NA,NA,NA,NA,NA,NA,NA,NA,0,0,0,0,0,,,0,NA,,,,,,,NA,NA,NA,NA,NA,NA,NA,NA,NA,NA,NA,NA,NA,NA,0,
2420,06/11/2014 02:51:00 PM,"699 Broadway, Somerville, MA",-71.1119384,42.4000244,1,1,1,1,2,4,2,2,99,NA,1,99,,NA,NA,NA,NA,NA,NA,NA,NA,NA,NA,NA,NA,NA,NA,NA,0,0,0,0,0,,,1,NA,0,71,4,1,,,NA,NA,NA,NA,NA,NA,NA,NA,NA,NA,NA,NA,NA,NA,0,
2421,06/11/2014 05:35:00 PM,"59 Union Sq, Somerville, MA",-71.0956352,42.37992,1,1,3,1,1,2,2,1,1,NA,2,1,,NA,NA,NA,NA,NA,NA,NA,NA,NA,NA,NA,NA,NA,NA,NA,0,0,0,0,0,,,0,NA,,,,,,,NA,NA,NA,NA,NA,NA,NA,NA,NA,NA,NA,NA,NA,NA,0,
2422,06/12/2014 07:30:00 AM,"Broadway and Boston Ave, Somerville, MA",-71.111491,42.399676,3,2,3,2,1,6,2,1,1,NA,1,1,,NA,NA,NA,NA,NA,NA,NA,NA,NA,NA,NA,NA,NA,NA,NA,0,0,0,0,0,,,0,NA,,,,,,,NA,NA,NA,NA,NA,NA,NA,NA,NA,NA,NA,NA,NA,NA,0,
2423,06/12/2014 07:40:00 AM,"Broadway and Grant St, Somerville, MA",-71.0917969,42.3915907,1,1,1,3,2,3,2,2,1,NA,1,4,,NA,NA,NA,NA,NA,NA,NA,NA,NA,NA,NA,NA,NA,NA,NA,0,0,0,0,0,,,0,NA,,,,,,,NA,NA,NA,NA,NA,NA,NA,NA,NA,NA,NA,NA,NA,NA,0,
2424,06/12/2014 10:21:00 AM,"Dover St and Holland St, Somerville, MA",-71.1231672,42.397175,1,1,3,2,1,1,1,6,1,NA,,,,NA,NA,NA,NA,NA,NA,NA,NA,NA,NA,NA,NA,NA,NA,NA,0,1,0,1,1,,1,1,NA,0,90,1,1,,,NA,NA,NA,NA,NA,NA,NA,NA,NA,NA,NA,NA,NA,NA,0,
2425,06/13/2014 05:55:00 AM,"Somerville Ave and Hawkins St, Somerville, MA",-71.097742,42.3805046,3,2,1,1,1,3,2,1,1,NA,1,1,,NA,NA,NA,NA,NA,NA,NA,NA,NA,NA,NA,NA,NA,NA,NA,0,0,0,0,0,,,0,NA,,,,,,,NA,NA,NA,NA,NA,NA,NA,NA,NA,NA,NA,NA,NA,NA,0,
2426,06/13/2014 08:46:00 AM,"131 Central St, Somerville, MA",-71.100845,42.391684,1,2,1,1,1,3,2,1,1,NA,1,4,,NA,NA,NA,NA,NA,NA,NA,NA,NA,NA,NA,NA,NA,NA,NA,0,0,0,0,0,,,0,NA,,,,,,,NA,NA,NA,NA,NA,NA,NA,NA,NA,NA,NA,NA,NA,NA,0,
2427,06/13/2014 12:06:00 PM,"261 Washington St, Somerville, MA",-71.0969614,42.3797215,3,2,1,1,1,4,2,1,99,NA,2,4,,NA,NA,NA,NA,NA,NA,NA,NA,NA,NA,NA,NA,NA,NA,NA,0,0,0,0,0,,,0,NA,0,26,4,0,,,NA,NA,NA,NA,NA,NA,NA,NA,NA,NA,NA,NA,NA,NA,0,
2428,06/14/2014 12:31:00 PM,"Elm St and Linden Ave, Somerville, MA",-71.1146468,42.3870594,2,1,1,3,1,2,2,NA,1,NA,,99,,NA,NA,NA,NA,NA,NA,NA,NA,NA,NA,NA,NA,NA,NA,NA,0,0,0,0,0,,,0,NA,,,,,,,NA,NA,NA,NA,NA,NA,NA,NA,NA,NA,NA,NA,NA,NA,0,
2429,06/14/2014 11:18:00 AM,"Cross St and Ellsworth St, Somerville, MA",-71.0869684,42.3870626,2,1,1,2,1,3,1,1,99,NA,,,,NA,NA,NA,NA,NA,NA,NA,NA,NA,NA,NA,NA,NA,NA,NA,0,1,0,1,1,,5,1,NA,0,2,2,1,,,NA,NA,NA,NA,NA,NA,NA,NA,NA,NA,NA,NA,NA,NA,0,
2430,06/14/2014 08:30:00 PM,"Washington St and Webster Ave, Somerville, MA",-71.0964021,42.3796323,1,1,3,2,3,1,1,1,1,NA,,3,,NA,NA,NA,NA,NA,NA,NA,NA,NA,NA,NA,NA,NA,NA,NA,1,0,0,2,1,,5,1,NA,1,24,99,99,,,NA,NA,NA,NA,NA,NA,NA,NA,NA,NA,NA,NA,NA,NA,0,
2431,06/15/2014 12:20:00 PM,"100 Cross St, Somerville, MA",-71.088453,42.384526,1,1,1,1,1,3,2,1,12,NA,2,,,NA,NA,NA,NA,NA,NA,NA,NA,NA,NA,NA,NA,NA,NA,NA,0,0,0,0,0,,,0,NA,,,,,,,NA,NA,NA,NA,NA,NA,NA,NA,NA,NA,NA,NA,NA,NA,0,
2432,06/15/2014 08:20:00 PM,"River Rd and Canal Ln, Somerville, MA",-71.0939578,42.3967414,1,1,1,4,1,5,3,1,6,9,2,1,,1,1,NA,NA,NA,NA,NA,NA,NA,NA,NA,NA,NA,NA,NA,0,0,0,0,0,,,0,NA,,,,,,,NA,NA,NA,NA,NA,NA,NA,NA,NA,NA,NA,NA,NA,NA,0,
2433,06/15/2014 06:08:00 PM,"7 Union Sq, Somerville, MA",-71.095477,42.3792811,1,1,1,9,1,1,1,1,4,NA,,,,NA,NA,NA,NA,NA,NA,NA,NA,NA,NA,NA,NA,NA,NA,NA,1,0,0,4,2,,2,1,NA,1,60,3,1,,,NA,NA,NA,NA,NA,NA,NA,NA,NA,NA,NA,NA,NA,NA,0,
2434,06/16/2014 08:08:00 AM,"366 Broadway, Somerville, MA",-71.096413,42.3939201,1,1,1,1,2,4,2,1,1,NA,4,99,,NA,NA,NA,NA,NA,NA,NA,NA,NA,NA,NA,NA,NA,NA,NA,0,0,0,0,0,,,0,NA,,,,,,,NA,NA,NA,NA,NA,NA,NA,NA,NA,NA,NA,NA,NA,NA,0,MBTA bus sideswipped parked vehicle
2435,06/16/2014 06:50:00 PM,"182 Washington St, Somerville, MA",-71.0903363,42.3796678,1,1,1,1,1,4,2,1,99,NA,1,99,,NA,NA,NA,NA,NA,NA,NA,NA,NA,NA,NA,NA,NA,NA,NA,0,0,0,0,0,,,0,NA,,,,,,,NA,NA,NA,NA,NA,NA,NA,NA,NA,NA,NA,NA,NA,NA,0,
2436,06/16/2014 02:30:00 PM,"Webster Ave and Prospect St, Somerville, MA",-71.0955943,42.376968,1,1,3,2,1,1,1,2,1,NA,,1,,NA,NA,NA,NA,NA,NA,NA,NA,NA,NA,NA,NA,NA,NA,NA,1,0,0,2,1,,1,1,NA,0,28,3,99,,,NA,NA,NA,NA,NA,NA,NA,NA,NA,NA,NA,NA,NA,NA,0,
2437,06/16/2014 06:05:00 PM,"12 Glen St, Somerville, MA",-71.084276,42.387237,1,1,1,1,4,1,1,2,1,NA,,,,NA,NA,NA,NA,NA,NA,NA,NA,NA,NA,NA,NA,NA,NA,NA,1,0,0,9,2,,5a,1,NA,1,34,4,1,,,NA,NA,NA,NA,NA,NA,NA,NA,NA,NA,NA,NA,NA,NA,0,
2438,06/17/2014 12:15:00 PM,"New Washington St and Cobble Hill Rd, Somerville, MA",-71.083257,42.3801752,1,1,1,3,1,4,2,1,99,NA,6,99,,NA,NA,NA,NA,NA,NA,NA,NA,NA,NA,NA,NA,NA,NA,NA,0,0,0,0,0,,,0,NA,,,,,,,NA,NA,NA,NA,NA,NA,NA,NA,NA,NA,NA,NA,NA,NA,0,
2439,06/17/2014 01:00:00 PM,"Concord St and Dimick St, Somerville, MA",-71.1015754,42.3757514,1,1,1,3,1,4,2,NA,99,NA,1,1,,NA,NA,NA,NA,NA,NA,NA,NA,NA,NA,NA,NA,NA,NA,NA,0,0,0,0,0,,,0,NA,,,,,,,NA,NA,NA,NA,NA,NA,NA,NA,NA,NA,NA,NA,NA,NA,0,
2440,06/18/2014 11:21:00 AM,"Holland St and Buena Vista Rd, Somerville, MA",-71.1239122,42.3982181,1,1,1,3,1,3,2,1,99,NA,1,99,,NA,NA,NA,NA,NA,NA,NA,NA,NA,NA,NA,NA,NA,NA,NA,0,0,0,0,0,,,1,2,0,11,3,1,0,44,3,0,NA,NA,NA,NA,NA,NA,NA,NA,NA,NA,NA,NA,0,
2441,06/18/2014 05:19:00 PM,"Walnut St and Highland Ave, Somerville, MA",-71.0941672,42.3851419,1,1,1,1,4,4,2,1,19,NA,2,1,,NA,NA,NA,NA,NA,NA,NA,NA,NA,NA,NA,NA,NA,NA,NA,0,0,0,0,0,,,0,NA,,,,,,,NA,NA,NA,NA,NA,NA,NA,NA,NA,NA,NA,NA,NA,NA,0,
2442,06/18/2014 11:31:00 AM,"Broadway and Walnut St, Somerville, MA",-71.0906239,42.3909797,1,1,24,3,3,3,2,2,97,NA,2,4,,NA,NA,NA,NA,NA,NA,NA,NA,NA,NA,NA,NA,NA,NA,NA,0,0,0,0,0,,,1,NA,1,52,3,1,,,NA,NA,NA,NA,NA,NA,NA,NA,NA,NA,NA,NA,NA,NA,1,"MV struck cruiser, entering intersection w. blue lights; sight blocked by fire truck"
2443,06/19/2014 06:50:00 PM,"Somerville Ave and Spring St, Somerville, MA",-71.109476,42.3839008,1,1,2,3,1,3,2,1,3,10,1,1,,NA,NA,NA,NA,NA,NA,NA,NA,NA,NA,NA,NA,NA,NA,NA,0,0,0,0,0,,,1,NA,0,71,3,1,,,NA,NA,NA,NA,NA,NA,NA,NA,NA,NA,NA,NA,NA,NA,0,
2444,06/19/2014 04:59:00 PM,"Somerville Ave and Park St, Somerville, MA",-71.1063139,42.3831974,1,1,3,3,1,1,1,1,1,NA,,3,,NA,NA,NA,NA,NA,NA,NA,NA,NA,NA,NA,NA,NA,NA,NA,1,0,0,2,1,,2,1,NA,1,28,3,1,,,NA,NA,NA,NA,NA,NA,NA,NA,NA,NA,NA,NA,NA,NA,0,
2445,06/19/2014 05:29:00 PM,"195 Highland Ave, Somerville, MA",-71.106374,42.389846,2,2,2,3,1,3,1,1,4,NA,,,,NA,NA,NA,NA,NA,NA,NA,NA,NA,NA,NA,NA,NA,NA,NA,1,0,0,4,2,,3,1,NA,0,25,4,0,,,NA,NA,NA,NA,NA,NA,NA,NA,NA,NA,NA,NA,NA,NA,0,
2446,06/19/2014 07:09:00 PM,"Pearl St and Walnut St, Somerville, MA",-71.0931605,42.3873566,1,1,3,2,1,3,1,1,99,NA,,99,,NA,NA,NA,NA,NA,NA,NA,NA,NA,NA,NA,NA,NA,NA,NA,1,0,0,2,1,,5a,1,NA,1,36,3,1,,,NA,NA,NA,NA,NA,NA,NA,NA,NA,NA,NA,NA,NA,NA,0,
2447,06/20/2014 06:05:00 PM,"Highland Ave and Willow Ave, Somerville, MA",-71.1168102,42.3941136,1,1,3,2,1,2,2,1,5,20,1,1,,NA,NA,NA,NA,NA,NA,NA,NA,NA,NA,NA,NA,NA,NA,NA,0,0,0,0,0,,,0,NA,,,,,,,NA,NA,NA,NA,NA,NA,NA,NA,NA,NA,NA,NA,NA,NA,0,
2448,06/20/2014 07:49:00 AM,"Temple St and Jaques St, Somerville, MA",-71.092016,42.394362,1,1,3,2,1,1,1,1,4,NA,,,,NA,NA,NA,NA,NA,NA,NA,NA,NA,NA,NA,NA,NA,NA,NA,0,1,0,1,1,,1,1,NA,0,57,4,1,,,NA,NA,NA,NA,NA,NA,NA,NA,NA,NA,NA,NA,NA,NA,0,
2449,06/20/2014 06:07:00 PM,"Somerville Ave and Dane St, Somerville, MA",-71.1034094,42.3824407,1,1,3,3,2,6,2,1,13,NA,,,,NA,NA,NA,NA,NA,NA,NA,NA,NA,NA,NA,NA,NA,NA,NA,1,0,0,2,1,,2,1,NA,0,19,3,1,,,NA,NA,NA,NA,NA,NA,NA,NA,NA,NA,NA,NA,NA,NA,0,
2450,06/21/2014 06:08:00 PM,"645 Broadway, Somerville, MA",-71.1100578,42.3994537,1,1,3,1,2,2,2,1,99,NA,1,99,,NA,NA,NA,NA,NA,NA,NA,NA,NA,NA,NA,NA,NA,NA,NA,0,0,0,0,0,,,0,NA,,,,,,,NA,NA,NA,NA,NA,NA,NA,NA,NA,NA,NA,NA,NA,NA,0,
2451,06/21/2014 07:43:00 PM,"369 Broadway, Somerville, MA",-71.0960898,42.3943384,1,1,1,1,99,3,2,1,13,NA,1,,,NA,NA,NA,NA,NA,NA,NA,NA,NA,NA,NA,NA,NA,NA,NA,0,0,0,0,0,,,0,NA,,,,,,,NA,NA,NA,NA,NA,NA,NA,NA,NA,NA,NA,NA,NA,NA,0,
2452,06/21/2014 10:21:00 PM,"Dane St and Tyler St, Somerville, MA",-71.1040111,42.3814478,1,1,1,3,1,2,2,3,99,NA,1,1,,NA,NA,NA,NA,NA,NA,NA,NA,NA,NA,NA,NA,NA,NA,NA,0,0,0,0,0,,,1,NA,1,47,4,1,0,0,5,1,NA,NA,NA,NA,NA,NA,NA,NA,NA,NA,NA,NA,0,
2453,06/22/2014 11:36:00 PM,"Holland St and Claremon St, Somerville, MA",-71.126511,42.4017708,1,1,1,3,1,,3,1,21,16,2,1,,1,1,NA,NA,NA,NA,NA,NA,NA,NA,NA,NA,NA,NA,NA,0,0,0,0,0,,,1,NA,0,29,3,1,,,NA,NA,NA,NA,NA,NA,NA,NA,NA,NA,NA,NA,NA,NA,0,
2454,06/24/2014 04:24:00 PM,"Elm St and Moreland St, Somerville, MA",-71.0970745,42.397911,,,,,,,1,7,99,NA,,,,NA,NA,NA,NA,NA,NA,NA,NA,NA,NA,NA,NA,NA,NA,NA,1,0,0,2,1,,1,0,NA,,,,,,,NA,NA,NA,NA,NA,NA,NA,NA,NA,NA,NA,NA,NA,NA,0,
2455,06/25/2014 09:09:00 AM,"491 Broadway, Somerville, MA",-71.1038669,42.3973908,1,1,3,1,1,3,2,2,9,97,3,1,,NA,NA,NA,NA,NA,NA,NA,NA,NA,NA,NA,NA,NA,NA,NA,0,0,1,4,2,Moped,7,1,NA,1,70,4,1,,,NA,NA,NA,NA,NA,NA,NA,NA,NA,NA,NA,NA,NA,NA,0,
2456,06/25/2014 01:09:00 PM,"355 Highland Ave, Somerville, MA",-71.1171733,42.3944709,1,1,1,1,2,2,2,1,99,NA,1,,,NA,NA,NA,NA,NA,NA,NA,NA,NA,NA,NA,NA,NA,NA,NA,0,0,0,0,0,,,1,NA,0,61,4,1,,,NA,NA,NA,NA,NA,NA,NA,NA,NA,NA,NA,NA,NA,NA,0,
2457,06/25/2014 06:19:00 PM,"303 Washington St, Somerville, MA",-71.0998606,42.3794825,1,1,1,1,1,7,2,2,99,NA,1,,,NA,NA,NA,NA,NA,NA,NA,NA,NA,NA,NA,NA,NA,NA,NA,0,0,0,0,0,,,0,NA,,,,,,,NA,NA,NA,NA,NA,NA,NA,NA,NA,NA,NA,NA,NA,NA,0,
2465,07/03/2014 10:00:00 AM,"Somerville Ave and Laurel St, Somerville, MA",-71.1054273,42.3829957,2,1,1,3,1,2,2,1,5,NA,1,1,,NA,NA,NA,NA,NA,NA,NA,NA,NA,NA,NA,NA,NA,NA,NA,0,0,0,0,0,,,0,NA,,,,,,,NA,NA,NA,NA,NA,NA,NA,NA,NA,NA,NA,NA,NA,NA,0,
2458,06/25/2014 03:14:00 PM,"387 Highland Ave, Somerville, MA",-71.1197207,42.3955562,1,1,1,1,4,3,2,NA,12,NA,,1,,NA,NA,NA,NA,NA,NA,NA,NA,NA,NA,NA,NA,NA,NA,NA,0,0,0,0,0,,,0,NA,,,,,,,NA,NA,NA,NA,NA,NA,NA,NA,NA,NA,NA,NA,NA,NA,1,Car struck DPW vehicle (rear side panel) as car attempted lane change
2459,06/26/2014 11:15:00 AM,"163 Washington St, Somerville, MA",-71.0902806,42.3802559,2,1,1,1,1,3,2,1,6,4,1,1,,NA,NA,NA,NA,NA,NA,NA,NA,NA,NA,NA,NA,NA,NA,NA,0,0,0,0,0,,,0,NA,,,,,,,NA,NA,NA,NA,NA,NA,NA,NA,NA,NA,NA,NA,NA,NA,0,
2460,06/27/2014 10:13:00 AM,"12 Warwick St, Somerville, MA",-71.109926,42.394487,1,1,1,1,4,3,2,8,12,NA,1,,,NA,NA,NA,NA,NA,NA,NA,NA,NA,NA,NA,NA,NA,NA,NA,0,0,0,0,0,,,0,NA,,,,,,,NA,NA,NA,NA,NA,NA,NA,NA,NA,NA,NA,NA,NA,NA,0,
2461,06/28/2014 05:58:00 AM,"Washington St and Inner Belt Rd, Somerville, MA",-71.0815211,42.3820437,1,1,3,3,1,6,2,1,4,NA,1,1,,NA,NA,NA,NA,NA,NA,NA,NA,NA,NA,NA,NA,NA,NA,NA,0,0,0,0,0,,,1,2,0,31,4,1,0,28,4,1,NA,NA,NA,NA,NA,NA,NA,NA,NA,NA,NA,NA,0,
2462,06/28/2014 12:05:00 PM,"751 Somerville Ave, Somerville, MA",-71.1156192,42.3866196,,,,,,,2,1,1,NA,1,1,,NA,NA,NA,NA,NA,NA,NA,NA,NA,NA,NA,NA,NA,NA,NA,0,0,0,0,0,,,0,NA,,,,,,,NA,NA,NA,NA,NA,NA,NA,NA,NA,NA,NA,NA,NA,NA,0,
2463,07/02/2014 02:30:00 PM,"Artisan Way, Somerville, MA",-71.0793023,42.3951406,1,1,1,1,1,1,1,97,19,NA,,,,NA,NA,NA,NA,NA,NA,NA,NA,NA,NA,NA,NA,NA,NA,NA,0,0,1,9,97,Fire Pull Box,,0,NA,,,,,,,NA,NA,NA,NA,NA,NA,NA,NA,NA,NA,NA,NA,NA,NA,0,
2464,07/02/2014 11:41:00 AM,"Summer St and Central St, Somerville, MA",-71.1050912,42.3860322,1,1,3,2,1,3,2,99,99,NA,99,99,,NA,NA,NA,NA,NA,NA,NA,NA,NA,NA,NA,NA,NA,NA,NA,0,0,0,0,0,,,0,NA,,,,,,,NA,NA,NA,NA,NA,NA,NA,NA,NA,NA,NA,NA,NA,NA,1,"DPW possibly ran red light, striking vehicle passing through intersection"
2466,07/03/2014 04:23:00 PM,"Broadway and Garrison Ave, Somerville, MA",-71.1303332,42.4052385,1,1,2,3,99,5,2,1,NA,NA,1,,,NA,NA,NA,NA,NA,NA,NA,NA,NA,NA,NA,NA,NA,NA,NA,0,0,0,0,0,,,0,NA,,,,,,,NA,NA,NA,NA,NA,NA,NA,NA,NA,NA,NA,NA,NA,NA,0,
2467,07/04/2014 12:10:00 PM,"114 Highland Ave, Somerville, MA",-71.1005969,42.3872039,2,1,99,1,1,4,2,1,NA,NA,1,,,NA,NA,NA,NA,NA,NA,NA,NA,NA,NA,NA,NA,NA,NA,NA,0,0,0,0,0,,,0,NA,,,,,,,NA,NA,NA,NA,NA,NA,NA,NA,NA,NA,NA,NA,NA,NA,0,
2468,07/05/2014 08:00:00 AM,"735 Broadway, Somerville, MA",-71.1133184,42.4004448,99,2,1,1,1,99,1,1,NA,NA,,,,NA,NA,NA,NA,NA,NA,NA,NA,NA,NA,NA,NA,NA,NA,NA,0,0,1,0,0,"Parking meter, Street sign",,0,NA,,,,,,,NA,NA,NA,NA,NA,NA,NA,NA,NA,NA,NA,NA,NA,NA,0,
2469,07/07/2014 01:40:00 PM,"402 Washington St, Somerville, MA",-71.1056709,42.3782256,1,1,1,1,1,2,2,1,9,NA,,,,NA,NA,NA,NA,NA,NA,NA,NA,NA,NA,NA,NA,NA,NA,NA,0,0,0,0,0,,,1,NA,0,69,3,1,,,NA,NA,NA,NA,NA,NA,NA,NA,NA,NA,NA,NA,NA,NA,0,
2470,07/08/2014 04:03:00 PM,"Broadway and Winchester St, Somerville, MA",-71.1093871,42.3989607,1,1,2,3,1,3,2,2,4,NA,1,1,,NA,NA,NA,NA,NA,NA,NA,NA,NA,NA,NA,NA,NA,NA,NA,0,0,0,0,0,,,0,NA,,,,,,,NA,NA,NA,NA,NA,NA,NA,NA,NA,NA,NA,NA,NA,NA,0,
2471,07/08/2014 08:59:00 AM,"Webster Ave and Prospect St, Somerville, MA",-71.0955943,42.376968,1,1,3,2,4,3,2,2,1,NA,,8,,NA,NA,NA,NA,NA,NA,NA,NA,NA,NA,NA,NA,NA,NA,NA,1,0,0,2,1,,5,0,NA,,,,,,,NA,NA,NA,NA,NA,NA,NA,NA,NA,NA,NA,NA,NA,NA,0,
2472,07/10/2014 09:31:00 AM,"115 Shore Dr, Somerville, MA",-71.0862719,42.39881,1,1,1,1,2,4,3,1,97,NA,2,,,1,NA,NA,NA,NA,NA,NA,NA,NA,NA,NA,NA,NA,NA,NA,0,0,0,0,0,,,0,NA,,,,,,,NA,NA,NA,NA,NA,NA,NA,NA,NA,NA,NA,NA,NA,NA,0,
2473,07/11/2014 08:57:00 AM,"855 Broadway, Somerville, MA",-71.1175301,42.4010785,1,1,3,7,2,1,1,4,99,NA,,,,NA,NA,NA,NA,NA,NA,NA,NA,NA,NA,NA,NA,NA,NA,NA,0,0,0,0,0,Pole,,0,NA,,,,,,,NA,NA,NA,NA,NA,NA,NA,NA,NA,NA,NA,NA,NA,NA,0,MBTA bus hit pole
2474,07/11/2014 02:32:00 PM,"Medford St and Ward St, Somerville, MA",-71.088349,42.3748442,1,1,1,1,1,4,2,NA,1,NA,,4,,NA,NA,NA,NA,NA,NA,NA,NA,NA,NA,NA,NA,NA,NA,NA,0,0,1,4,2,Moped,1,1,NA,0,46,4,1,,,NA,NA,NA,NA,NA,NA,NA,NA,NA,NA,NA,NA,NA,NA,0,
2475,07/12/2014 09:11:00 PM,"15 Central St, Somerville, MA",-71.1061248,42.3840065,1,1,1,3,4,2,3,2,9,10,1,,,NA,NA,NA,NA,NA,NA,NA,NA,NA,NA,NA,NA,NA,NA,NA,0,0,0,0,0,,,0,NA,,,,,,,NA,NA,NA,NA,NA,NA,NA,NA,NA,NA,NA,NA,NA,NA,0,