id,date_time,address,lon,lat,Weather,road_surface,traffic_control_device,intersection_type,traffic_way_desc,collision_manner,num_involved_vehicles,vehicle1_configuration,driver1_contrib1,driver1_contrib2,vehicle2_configuration,driver2_contrib1,driver2_contrib2,vehicle3_configuration,driver3_contrib1,driver3_contrib2,vehicle4_configuration,driver4_contrib1,driver4_contrib2,vehicle5_configuration,driver5_contrib1,driver5_contrib2,vehicle6_configuration,driver6_contrib1,driver6_contrib2,vehicle7_configuration,driver7_contrib1,driver7_contrib2,Bicycle,Pedestrian,non_mv,non_motorist_location,non_motorist_action,non_motorist_type,manner_of_non_motorist_collision,Injury,Multiple,Gender1,Age1,Severity1,Hospital1,Gender2,Age2,Severity2,Hospital2,Gender3,Age3,Severity3,Hospital3,Gender4,Age4,Severity4,Hospital4,Gender5,Age5,Severity5,Hospital5,city_vehicle,Notes
2476,07/14/2014 07:21:00 PM,"Conwell Ave and Hillside Rd, Somerville, MA",-71.161573,42.3737296,2,2,1,3,1,1,1,2,19,NA,,,,NA,NA,NA,NA,NA,NA,NA,NA,NA,NA,NA,NA,NA,NA,NA,0,0,1,0,0,Stop sign & storefront,,0,NA,,,,,,,NA,NA,NA,NA,NA,NA,NA,NA,NA,NA,NA,NA,NA,NA,0,
2477,07/14/2014 03:30:00 PM,"Prospect St and Somerville Ave, Somerville, MA",-71.0941078,42.3791063,1,1,3,2,4,1,1,2,4,NA,,,,NA,NA,NA,NA,NA,NA,NA,NA,NA,NA,NA,NA,NA,NA,NA,0,1,0,1,1,,4,1,NA,1,48,3,0,,,NA,NA,NA,NA,NA,NA,NA,NA,NA,NA,NA,NA,NA,NA,0,
2478,07/15/2014 04:43:00 PM,"College Ave and Francesca Ave, Somerville, MA",-71.1197324,42.3990572,1,1,1,3,1,2,2,2,21,NA,1,,,NA,NA,NA,NA,NA,NA,NA,NA,NA,NA,NA,NA,NA,NA,NA,0,0,0,0,0,,,1,NA,1,51,3,1,,,NA,NA,NA,NA,NA,NA,NA,NA,NA,NA,NA,NA,NA,NA,0,
2479,07/15/2014 01:09:00 PM,"413 Highland Ave, Somerville, MA",-71.121496,42.3963346,1,1,1,1,4,1,1,99,NA,NA,,,,NA,NA,NA,NA,NA,NA,NA,NA,NA,NA,NA,NA,NA,NA,NA,0,1,0,4,5,,5a,1,NA,,,99,99,,,NA,NA,NA,NA,NA,NA,NA,NA,NA,NA,NA,NA,NA,NA,0,
2480,07/16/2014 11:15:00 AM,"590 Broadway, Somerville, MA",-71.1085511,42.3984441,3,2,3,1,1,2,2,2,5,NA,1,1,,NA,NA,NA,NA,NA,NA,NA,NA,NA,NA,NA,NA,NA,NA,NA,0,0,0,0,0,,,0,NA,,,,,,,NA,NA,NA,NA,NA,NA,NA,NA,NA,NA,NA,NA,NA,NA,0,
2481,07/16/2014 05:05:00 PM,"241 Beacon St, Somerville, MA",-71.1106395,42.381767,3,2,4,1,1,99,1,1,99,NA,,99,,NA,NA,NA,NA,NA,NA,NA,NA,NA,NA,NA,NA,NA,NA,NA,1,0,0,10,2,,3,1,NA,1,25,4,1,,,NA,NA,NA,NA,NA,NA,NA,NA,NA,NA,NA,NA,NA,NA,0,
2482,07/17/2014 10:15:00 AM,"Revolution Drive, Somerville, MA",-71.0808,42.3905269,1,1,1,3,1,1,2,2,NA,NA,2,,,NA,NA,NA,NA,NA,NA,NA,NA,NA,NA,NA,NA,NA,NA,NA,0,0,0,0,0,,,0,NA,,,,,,,NA,NA,NA,NA,NA,NA,NA,NA,NA,NA,NA,NA,NA,NA,0,
2483,07/17/2014 05:30:00 PM,"155 Beacon St, Somerville, MA",-71.107118,42.37924,1,1,1,1,1,2,2,1,1,NA,2,5,,NA,NA,NA,NA,NA,NA,NA,NA,NA,NA,NA,NA,NA,NA,NA,0,0,0,0,0,,,0,NA,,,,,,,NA,NA,NA,NA,NA,NA,NA,NA,NA,NA,NA,NA,NA,NA,0,
2484,07/18/2014 07:25:00 PM,"Elm St and Bowers Ave, Somerville, MA",-71.1214561,42.3947474,1,1,1,3,4,1,1,2,1,NA,,5,19,NA,NA,NA,NA,NA,NA,NA,NA,NA,NA,NA,NA,NA,NA,NA,1,0,0,4,2,,4a,1,NA,1,23,3,0,,,NA,NA,NA,NA,NA,NA,NA,NA,NA,NA,NA,NA,NA,NA,0,
2485,07/20/2014 08:18:00 AM,"113 Washington Street, Somerville, MA",-71.0868865,42.3813466,2,1,1,1,1,3,2,1,1,NA,2,1,,NA,NA,NA,NA,NA,NA,NA,NA,NA,NA,NA,NA,NA,NA,NA,0,0,0,0,0,,,0,NA,,,,,,,NA,NA,NA,NA,NA,NA,NA,NA,NA,NA,NA,NA,NA,NA,0,
2486,07/21/2014 08:14:00 AM,"Bowers Ave and Elm St, Somerville, MA",-71.1214561,42.3947474,1,1,2,2,4,1,1,10,1,NA,,,,NA,NA,NA,NA,NA,NA,NA,NA,NA,NA,NA,NA,NA,NA,NA,0,0,1,0,0,Light pole,,0,NA,,,,,,,NA,NA,NA,NA,NA,NA,NA,NA,NA,NA,NA,NA,NA,NA,0,
2487,07/22/2014 06:23:00 PM,"31 College Ave, Somerville, MA",-71.1213267,42.3976037,1,1,1,1,1,6,1,NA,19,NA,,,,NA,NA,NA,NA,NA,NA,NA,NA,NA,NA,NA,NA,NA,NA,NA,1,0,0,4,2,,3,1,NA,1,unk,3,2,,,NA,NA,NA,NA,NA,NA,NA,NA,NA,NA,NA,NA,NA,NA,0,
2488,07/26/2014 03:09:00 AM,"6 Summer St, Somerville, MA",-71.098269,42.3820845,1,1,2,3,1,6,3,2,97,NA,1,1,,NA,NA,NA,NA,NA,NA,NA,NA,NA,NA,NA,NA,NA,NA,NA,0,0,0,0,0,,,0,NA,,,,,,,NA,NA,NA,NA,NA,NA,NA,NA,NA,NA,NA,NA,NA,NA,0,
2489,07/27/2014 04:33:00 PM,"12 Putnam St, Somerville, MA",-71.0987969,42.3837099,1,1,1,1,1,4,2,1,20,19,,1,,NA,NA,NA,NA,NA,NA,NA,NA,NA,NA,NA,NA,NA,NA,NA,0,0,0,0,0,,,0,NA,,,,,,,NA,NA,NA,NA,NA,NA,NA,NA,NA,NA,NA,NA,NA,NA,0,
2490,07/27/2014 09:07:00 PM,"460 Medford St, Somerville, MA",-71.101855,42.3938155,2,1,1,1,1,1,2,1,14,23,,,,NA,NA,NA,NA,NA,NA,NA,NA,NA,NA,NA,NA,NA,NA,NA,0,0,0,99,97,,,1,NA,0,28,3,1,,,NA,NA,NA,NA,NA,NA,NA,NA,NA,NA,NA,NA,NA,NA,0,
2491,07/28/2014 11:14:00 AM,"Webster Ave and Norfolk St, Somerville, MA",-71.0950101,42.3751627,1,1,2,3,1,3,2,2,9,NA,1,1,,NA,NA,NA,NA,NA,NA,NA,NA,NA,NA,NA,NA,NA,NA,NA,0,0,0,0,0,,,0,NA,,,,,,,NA,NA,NA,NA,NA,NA,NA,NA,NA,NA,NA,NA,NA,NA,0,
2492,07/29/2014 07:36:00 PM,"1293 Broadway, Somerville, MA",-71.1307668,42.4057502,1,1,1,1,2,1,1,NA,NA,NA,,,,NA,NA,NA,NA,NA,NA,NA,NA,NA,NA,NA,NA,NA,NA,NA,1,0,0,4,2,,3,1,NA,1,51,4,1,,,NA,NA,NA,NA,NA,NA,NA,NA,NA,NA,NA,NA,NA,NA,0,
2493,07/30/2014 09:50:00 AM,"7 Rossmore St, Somerville, MA",-71.0910728,42.3783464,1,1,1,1,4,5,2,NA,1,NA,,1,,NA,NA,NA,NA,NA,NA,NA,NA,NA,NA,NA,NA,NA,NA,NA,0,0,0,0,0,,,0,NA,,,,,,,NA,NA,NA,NA,NA,NA,NA,NA,NA,NA,NA,NA,NA,NA,0,
2494,07/31/2014 01:40:00 AM,"153 Central St, Somerville, MA",-71.1000544,42.3928526,1,1,1,1,1,3,2,NA,NA,NA,,,,NA,NA,NA,NA,NA,NA,NA,NA,NA,NA,NA,NA,NA,NA,NA,0,0,0,0,0,,,0,NA,,,,,,,NA,NA,NA,NA,NA,NA,NA,NA,NA,NA,NA,NA,NA,NA,0,
2495,07/31/2014 09:29:00 AM,"Broadway and Clarendon Ave, Somerville, MA",-71.1276129,42.4034575,1,1,1,1,1,1,2,1,1,NA,5,1,,NA,NA,NA,NA,NA,NA,NA,NA,NA,NA,NA,NA,NA,NA,NA,0,0,0,0,0,,,0,NA,,,,,,,NA,NA,NA,NA,NA,NA,NA,NA,NA,NA,NA,NA,NA,NA,0,
2496,08/02/2014 01:17:00 AM,"Day St and Orchard St, Somerville, MA",-71.1248,42.3948856,1,1,2,3,1,1,2,1,99,NA,1,99,,NA,NA,NA,NA,NA,NA,NA,NA,NA,NA,NA,NA,NA,NA,NA,0,0,0,0,0,,,0,NA,,,,,,,NA,NA,NA,NA,NA,NA,NA,NA,NA,NA,NA,NA,NA,NA,0,
2497,08/02/2014 12:04:00 PM,"12 Newbury St, Somerville, MA",-71.1274228,42.4025098,1,1,1,1,4,4,2,1,12,NA,2,99,,NA,NA,NA,NA,NA,NA,NA,NA,NA,NA,NA,NA,NA,NA,NA,0,0,0,0,0,,,0,NA,,,,,,,NA,NA,NA,NA,NA,NA,NA,NA,NA,NA,NA,NA,NA,NA,0,
2498,08/03/2014 05:28:00 PM,"Highland Ave and Prescott St, Somerville, MA",-71.0978014,42.3865229,2,1,2,3,1,99,1,1,1,NA,,,,NA,NA,NA,NA,NA,NA,NA,NA,NA,NA,NA,NA,NA,NA,NA,0,0,1,1,1,Skateboarder,5,1,NA,1,24,4,1,,,NA,NA,NA,NA,NA,NA,NA,NA,NA,NA,NA,NA,NA,NA,0,
2499,08/03/2014 10:00:00 PM,"Memorial Rd and River Rd, Somerville, MA",-71.0928486,42.3970919,1,1,1,3,4,1,1,2,1,NA,,,,NA,NA,NA,NA,NA,NA,NA,NA,NA,NA,NA,NA,NA,NA,NA,0,0,1,2,1,Scooter,5,1,NA,1,16,4,1,,,NA,NA,NA,NA,NA,NA,NA,NA,NA,NA,NA,NA,NA,NA,0,
2500,08/03/2014 10:05:00 AM,"Lewis St and Magnus Ave, Somerville, MA",-71.1034892,42.3777799,2,1,1,1,4,4,2,6,1,NA,2,1,,NA,NA,NA,NA,NA,NA,NA,NA,NA,NA,NA,NA,NA,NA,NA,0,0,0,0,0,,,0,NA,,,,,,,NA,NA,NA,NA,NA,NA,NA,NA,NA,NA,NA,NA,NA,NA,1,Fire truck struck parked car while responding to call
2501,08/04/2014 07:51:00 AM,"303 Beacon St, Somerville, MA",-71.1132939,42.3841525,1,1,1,1,1,4,2,7,9,NA,1,1,,NA,NA,NA,NA,NA,NA,NA,NA,NA,NA,NA,NA,NA,NA,NA,0,0,0,0,0,,,0,NA,,,,,,,NA,NA,NA,NA,NA,NA,NA,NA,NA,NA,NA,NA,NA,NA,0,
2502,08/05/2014 01:45:00 AM,"Elm St and Somerville Ave, Somerville, MA",-71.1136035,42.3855028,1,1,1,1,2,1,1,1,1,NA,,,,NA,NA,NA,NA,NA,NA,NA,NA,NA,NA,NA,NA,NA,NA,NA,0,0,1,0,0,Median/Curb,,1,NA,0,24,3,0,,,NA,NA,NA,NA,NA,NA,NA,NA,NA,NA,NA,NA,NA,NA,0,
2503,08/06/2014 02:50:00 PM,"Somerville Ave and Beech St, Somerville, MA",-71.1079791,42.3835696,3,2,3,3,1,1,1,1,1,NA,,,,NA,NA,NA,NA,NA,NA,NA,NA,NA,NA,NA,NA,NA,NA,NA,0,0,1,0,0,"Hydrant, fence",,0,NA,,,,,,,NA,NA,NA,NA,NA,NA,NA,NA,NA,NA,NA,NA,NA,NA,0,
2504,08/08/2014 04:00:00 PM,"Mt. Vernon St and Lombardi Way, Somerville, MA",-71.0788702,42.3862206,99,1,3,2,2,1,1,99,99,NA,,,,NA,NA,NA,NA,NA,NA,NA,NA,NA,NA,NA,NA,NA,NA,NA,0,0,1,0,0,Curb/traffic signal,,0,NA,,,,,,,NA,NA,NA,NA,NA,NA,NA,NA,NA,NA,NA,NA,NA,NA,0,
2505,08/08/2014 06:15:00 PM,"Broadway and McGrath Hwy, Somerville, MA",-71.0880963,42.3897397,1,1,1,2,3,3,2,1,4,NA,2,3,,NA,NA,NA,NA,NA,NA,NA,NA,NA,NA,NA,NA,NA,NA,NA,0,0,0,0,0,,,0,NA,,,,,,,NA,NA,NA,NA,NA,NA,NA,NA,NA,NA,NA,NA,NA,NA,0,
2506,08/08/2014 05:07:00 PM,"884 Broadway, Somerville, MA",-71.11827,42.400569,1,1,1,1,1,1,1,2,4,NA,,,,NA,NA,NA,NA,NA,NA,NA,NA,NA,NA,NA,NA,NA,NA,NA,1,0,0,10,2,,1,1,NA,0,32,3,1,,,NA,NA,NA,NA,NA,NA,NA,NA,NA,NA,NA,NA,NA,NA,0,
2507,08/09/2014 11:35:00 PM,"Cutter Ave and Highland Ave, Somerville, MA",-71.1195998,42.395325,1,1,4,4,1,4,2,1,NA,NA,1,,,NA,NA,NA,NA,NA,NA,NA,NA,NA,NA,NA,NA,NA,NA,NA,0,0,0,0,0,,,0,NA,,,,,,,NA,NA,NA,NA,NA,NA,NA,NA,NA,NA,NA,NA,NA,NA,0,
2508,08/11/2014 11:56:00 AM,"195 Elm St, Somerville, MA",-71.1203591,42.3933814,1,1,1,1,1,1,1,1,99,NA,,,,NA,NA,NA,NA,NA,NA,NA,NA,NA,NA,NA,NA,NA,NA,NA,0,0,1,0,0,Parking meter,,0,NA,,,,,,,NA,NA,NA,NA,NA,NA,NA,NA,NA,NA,NA,NA,NA,NA,0,
2509,08/12/2014 11:42:00 AM,"College Ave and Winslow Ave, Somerville, MA",-71.1216975,42.3974881,1,1,2,3,2,4,2,1,NA,NA,1,99,,NA,NA,NA,NA,NA,NA,NA,NA,NA,NA,NA,NA,NA,NA,NA,0,0,0,0,0,,,0,NA,,,,,,,NA,NA,NA,NA,NA,NA,NA,NA,NA,NA,NA,NA,NA,NA,0,
2510,08/12/2014 01:40:00 PM,"265 Willow Ave, Somerville, MA",-71.1131163,42.399491,2,1,1,1,1,2,2,7,99,NA,1,1,,NA,NA,NA,NA,NA,NA,NA,NA,NA,NA,NA,NA,NA,NA,NA,0,0,0,0,0,,,1,NA,1,29,4,1,,,NA,NA,NA,NA,NA,NA,NA,NA,NA,NA,NA,NA,NA,NA,0,
2511,08/12/2014 03:53:00 PM,"91 Holland St, Somerville, MA",-71.1244721,42.3989374,1,1,1,1,1,3,1,1,19,4,,,,NA,NA,NA,NA,NA,NA,NA,NA,NA,NA,NA,NA,NA,NA,NA,1,0,0,4,2,,3,1,NA,1,31,3,1,,,NA,NA,NA,NA,NA,NA,NA,NA,NA,NA,NA,NA,NA,NA,0,
2512,08/12/2014 08:57:00 PM,"364 Medford St, Somerville, MA",-71.0974947,42.3892214,99,1,99,3,99,3,2,4,1,NA,1,,,NA,NA,NA,NA,NA,NA,NA,NA,NA,NA,NA,NA,NA,NA,NA,0,0,0,0,0,,,0,NA,,,,,,,NA,NA,NA,NA,NA,NA,NA,NA,NA,NA,NA,NA,NA,NA,1,City vehicle struck front side of parked MV while pulling into curb
2513,08/13/2014 12:29:00 PM,"Central St and Medford St, Somerville, MA",-71.1005865,42.392482,3,2,3,2,1,1,1,8,9,NA,,,,NA,NA,NA,NA,NA,NA,NA,NA,NA,NA,NA,NA,NA,NA,NA,0,0,1,0,0,Traffic signal,,0,NA,,,,,,,NA,NA,NA,NA,NA,NA,NA,NA,NA,NA,NA,NA,NA,NA,0,
2514,08/13/2014 07:17:00 PM,"225 Highland Ave, Somerville, MA",-71.10831,42.390622,3,2,1,1,2,4,2,1,1,NA,1,1,,NA,NA,NA,NA,NA,NA,NA,NA,NA,NA,NA,NA,NA,NA,NA,0,0,0,0,0,,,1,NA,1,27,4,1,0,23,4,0,NA,NA,NA,NA,NA,NA,NA,NA,NA,NA,NA,NA,0,
2515,08/14/2014 01:25:00 PM,"181 SOMERVILLE AVENUE, Somerville, MA",-71.0895893,42.377621,1,1,1,1,1,1,1,2,1,NA,,,,NA,NA,NA,NA,NA,NA,NA,NA,NA,NA,NA,NA,NA,NA,NA,0,0,1,0,0,Bus shelter,,0,NA,,,,,,,NA,NA,NA,NA,NA,NA,NA,NA,NA,NA,NA,NA,NA,NA,0,
2516,08/15/2014 02:33:00 PM,"Day St and Elm St, Somerville, MA",-71.1224043,42.396253,2,1,3,3,4,1,1,1,NA,NA,,,,NA,NA,NA,NA,NA,NA,NA,NA,NA,NA,NA,NA,NA,NA,NA,0,1,0,1,1,,1,1,NA,0,unk,5,1,,,NA,NA,NA,NA,NA,NA,NA,NA,NA,NA,NA,NA,NA,NA,0,
2517,08/16/2014 11:24:00 PM,"9 Holland St, Somerville, MA",-71.12288,42.3971329,99,99,99,99,99,,1,NA,NA,NA,,,,NA,NA,NA,NA,NA,NA,NA,NA,NA,NA,NA,NA,NA,NA,NA,1,0,0,3,1,,5,1,NA,1,unk,3,1,,,NA,NA,NA,NA,NA,NA,NA,NA,NA,NA,NA,NA,NA,NA,0,Davis MBTA crosswalk
2518,08/17/2014 06:50:00 PM,"Summer St and Cutter Ave, Somerville, MA",-71.1206131,42.3940936,1,99,99,99,99,,2,1,1,NA,3,,,NA,NA,NA,NA,NA,NA,NA,NA,NA,NA,NA,NA,NA,NA,NA,0,0,1,2,1,Motorcycle,5a,0,NA,,,,,,,NA,NA,NA,NA,NA,NA,NA,NA,NA,NA,NA,NA,NA,NA,0,
2519,08/17/2014 07:00:00 PM,"Tufts St and Knowlton St, Somerville, MA",-71.0876256,42.3810935,2,1,2,3,99,3,2,2,1,NA,1,3,,NA,NA,NA,NA,NA,NA,NA,NA,NA,NA,NA,NA,NA,NA,NA,0,0,0,0,0,,,1,NA,0,unk,4,1,,,NA,NA,NA,NA,NA,NA,NA,NA,NA,NA,NA,NA,NA,NA,0,
2520,08/17/2014 07:38:00 PM,"Middlesex Ave, Somerville, MA",-71.0831773,42.3931891,1,1,1,1,1,3,2,2,1,NA,2,6,,NA,NA,NA,NA,NA,NA,NA,NA,NA,NA,NA,NA,NA,NA,NA,0,0,0,0,0,,,0,NA,,,,,,,NA,NA,NA,NA,NA,NA,NA,NA,NA,NA,NA,NA,NA,NA,0,
2521,08/19/2014 06:56:00 PM,"Washington St and New Washington St, Somerville, MA",-71.0870816,42.3811086,1,1,1,3,1,2,2,1,19,NA,2,1,,NA,NA,NA,NA,NA,NA,NA,NA,NA,NA,NA,NA,NA,NA,NA,0,0,0,0,0,,,0,NA,,,,,,,NA,NA,NA,NA,NA,NA,NA,NA,NA,NA,NA,NA,NA,NA,0,
2522,08/19/2014 10:10:00 AM,"Beacon St and Oxford St, Somerville, MA",-71.1161841,42.3860143,1,1,99,4,2,1,1,1,NA,NA,,,,NA,NA,NA,NA,NA,NA,NA,NA,NA,NA,NA,NA,NA,NA,NA,1,0,0,2,1,,1,0,NA,,,,,,,NA,NA,NA,NA,NA,NA,NA,NA,NA,NA,NA,NA,NA,NA,0,
2523,08/20/2014 06:14:00 PM,"570 Somerville Ave, Somerville, MA",-71.1084771,42.3829153,1,1,1,9,1,1,1,2,4,13,,,,NA,NA,NA,NA,NA,NA,NA,NA,NA,NA,NA,NA,NA,NA,NA,1,0,0,10,2,,2,1,NA,1,23,3,1,,,NA,NA,NA,NA,NA,NA,NA,NA,NA,NA,NA,NA,NA,NA,0,
2524,08/21/2014 10:02:00 AM,"177 Middlesex Ave, Somerville, MA",-71.0828331,42.3962206,1,1,2,2,1,3,2,1,99,NA,2,99,,NA,NA,NA,NA,NA,NA,NA,NA,NA,NA,NA,NA,NA,NA,NA,0,0,0,0,0,,,1,NA,0,57,4,0,,,NA,NA,NA,NA,NA,NA,NA,NA,NA,NA,NA,NA,NA,NA,0,
2525,08/21/2014 05:13:00 PM,"Spring St and Pitman St, Somerville, MA",-71.1091466,42.3844565,1,1,2,3,4,3,3,1,1,NA,1,1,,1,1,NA,NA,NA,NA,NA,NA,NA,NA,NA,NA,NA,NA,NA,0,0,0,0,0,,,0,NA,,,,,,,NA,NA,NA,NA,NA,NA,NA,NA,NA,NA,NA,NA,NA,NA,0,
2526,08/22/2014 09:19:00 AM,"63 Webster Ave, Somerville, MA",-71.0953995,42.3759968,2,1,1,1,1,1,1,1,1,NA,,,,NA,NA,NA,NA,NA,NA,NA,NA,NA,NA,NA,NA,NA,NA,NA,0,1,0,4,1,,5a,1,NA,0,24,3,1,,,NA,NA,NA,NA,NA,NA,NA,NA,NA,NA,NA,NA,NA,NA,0,
2527,08/22/2014 09:35:00 AM,"25 Webster Ave, Somerville, MA",-71.0964319,42.378413,2,1,1,1,4,1,1,2,4,NA,,,,NA,NA,NA,NA,NA,NA,NA,NA,NA,NA,NA,NA,NA,NA,NA,1,0,0,10,2,,1,1,NA,0,24,4,1,,,NA,NA,NA,NA,NA,NA,NA,NA,NA,NA,NA,NA,NA,NA,0,
2528,08/26/2014 09:28:00 PM,"14 Broadway, Somerville, MA",-71.0783752,42.3860643,1,1,1,1,4,4,2,1,4,NA,1,97,,NA,NA,NA,NA,NA,NA,NA,NA,NA,NA,NA,NA,NA,NA,NA,0,0,0,0,0,,,0,NA,,,,,,,NA,NA,NA,NA,NA,NA,NA,NA,NA,NA,NA,NA,NA,NA,0,
2529,08/26/2014 06:40:00 PM,"65 Temple St, Somerville, MA",-71.0917148,42.3947734,1,1,1,1,1,2,2,2,19,NA,2,1,,NA,NA,NA,NA,NA,NA,NA,NA,NA,NA,NA,NA,NA,NA,NA,0,1,0,4,1,,5,1,2,1,45,2,1,0,23,3,0,NA,NA,NA,NA,NA,NA,NA,NA,NA,NA,NA,NA,0,"MV 2 struck MV 1, bumping into pedestrian; 1 ped injury; driver taken to hospital, ped treated on scene"
2530,08/27/2014 08:23:00 AM,"214 Somerville Ave, Somerville, MA",-71.0912509,42.3778867,1,1,1,1,1,,1,1,NA,NA,,,,NA,NA,NA,NA,NA,NA,NA,NA,NA,NA,NA,NA,NA,NA,NA,1,0,0,4,2,,3,1,NA,0,31,2,1,,,NA,NA,NA,NA,NA,NA,NA,NA,NA,NA,NA,NA,NA,NA,0,
2531,08/27/2014 08:42:00 AM,"41 School St, Somerville, MA",-71.1007717,42.3834568,1,1,1,1,4,3,2,2,97,NA,2,1,,NA,NA,NA,NA,NA,NA,NA,NA,NA,NA,NA,NA,NA,NA,NA,1,0,0,4,2,,3,1,NA,0,36,4,1,,,NA,NA,NA,NA,NA,NA,NA,NA,NA,NA,NA,NA,NA,NA,0,
2532,08/28/2014 06:03:00 PM,"Broadway and Cross St, Somerville, MA",-71.0859942,42.3886405,1,1,3,2,1,3,2,1,13,NA,1,1,,NA,NA,NA,NA,NA,NA,NA,NA,NA,NA,NA,NA,NA,NA,NA,0,0,0,0,0,,,1,NA,0,36,4,1,,,NA,NA,NA,NA,NA,NA,NA,NA,NA,NA,NA,NA,NA,NA,0,
2533,08/29/2014 04:36:00 PM,"Elm St and Willow Ave, Somerville, MA",-71.1187665,42.3913149,1,1,2,2,1,3,2,1,4,NA,3,1,,NA,NA,NA,NA,NA,NA,NA,NA,NA,NA,NA,NA,NA,NA,NA,0,0,1,2,1,Motorcycle,5,1,NA,1,30,3,1,,,NA,NA,NA,NA,NA,NA,NA,NA,NA,NA,NA,NA,NA,NA,0,
2534,08/29/2014 04:36:00 PM,"Broadway and Fellsway West, Somerville, MA",-71.0903539,42.390614,1,1,2,3,2,3,2,2,1,NA,1,1,,NA,NA,NA,NA,NA,NA,NA,NA,NA,NA,NA,NA,NA,NA,NA,0,0,0,0,0,,,1,NA,1,8,4,0,,,NA,NA,NA,NA,NA,NA,NA,NA,NA,NA,NA,NA,NA,NA,0,
2535,08/30/2014 05:13:00 PM,"Washington St and Dane St, Somerville, MA",-71.1040464,42.3788385,1,1,3,2,1,3,2,1,4,NA,2,1,,NA,NA,NA,NA,NA,NA,NA,NA,NA,NA,NA,NA,NA,NA,NA,0,0,0,0,0,,,0,NA,,,,,,,NA,NA,NA,NA,NA,NA,NA,NA,NA,NA,NA,NA,NA,NA,0,
2536,08/31/2014 09:57:00 PM,"Dover St and Elm St, Somerville, MA",-71.1225638,42.3965069,3,2,3,3,4,1,1,2,1,NA,,,,NA,NA,NA,NA,NA,NA,NA,NA,NA,NA,NA,NA,NA,NA,NA,0,1,0,4,1,,2,1,NA,1,54,3,1,,,NA,NA,NA,NA,NA,NA,NA,NA,NA,NA,NA,NA,NA,NA,0,
2537,09/01/2014 06:00:00 AM,"7 Albion St, Somerville, MA",-71.1029311,42.3898853,2,1,1,1,1,4,3,NA,NA,NA,,,,NA,NA,NA,NA,NA,NA,NA,NA,NA,NA,NA,NA,NA,NA,NA,0,0,0,0,0,,,0,NA,,,,,,,NA,NA,NA,NA,NA,NA,NA,NA,NA,NA,NA,NA,NA,NA,0,
2538,09/01/2014 11:30:00 PM,"Somerville Ave and Cragie St, Somerville, MA",-71.1128913,42.3852149,1,1,1,1,1,2,2,1,10,NA,1,1,,NA,NA,NA,NA,NA,NA,NA,NA,NA,NA,NA,NA,NA,NA,NA,0,0,0,0,0,,,0,NA,,,,,,,NA,NA,NA,NA,NA,NA,NA,NA,NA,NA,NA,NA,NA,NA,0,
2539,09/02/2014 08:15:00 PM,"76 Cross St, Somerville, MA",-71.0878233,42.3854102,1,2,1,1,1,4,2,2,99,NA,2,1,,NA,NA,NA,NA,NA,NA,NA,NA,NA,NA,NA,NA,NA,NA,NA,0,0,0,0,0,,,0,NA,,,,,,,NA,NA,NA,NA,NA,NA,NA,NA,NA,NA,NA,NA,NA,NA,0,
2540,09/03/2014 05:15:00 PM,"Webster Ave and Columbia St, Somerville, MA",-71.0952351,42.3758647,1,1,1,3,1,2,1,2,99,NA,,,,NA,NA,NA,NA,NA,NA,NA,NA,NA,NA,NA,NA,NA,NA,NA,1,0,0,2,1,,1,1,NA,0,32,4,0,,,NA,NA,NA,NA,NA,NA,NA,NA,NA,NA,NA,NA,NA,NA,0,
2541,09/05/2014 06:05:00 AM,"Quincy St and Summer St, Somerville, MA",-71.0998623,42.3837976,1,1,1,3,1,3,2,1,1,NA,2,97,,NA,NA,NA,NA,NA,NA,NA,NA,NA,NA,NA,NA,NA,NA,NA,0,0,0,0,0,,,0,NA,,,,,,,NA,NA,NA,NA,NA,NA,NA,NA,NA,NA,NA,NA,NA,NA,0,
2542,09/06/2014 08:07:00 AM,"37 Flint St, Somerville, MA",-71.0870324,42.384573,1,1,1,1,1,3,2,6,18,NA,1,1,,NA,NA,NA,NA,NA,NA,NA,NA,NA,NA,NA,NA,NA,NA,NA,0,0,0,0,0,,,0,NA,,,,,,,NA,NA,NA,NA,NA,NA,NA,NA,NA,NA,NA,NA,NA,NA,0,
2543,09/06/2014 09:55:00 AM,"406 Washington St, Somerville, MA",-71.1060087,42.3782023,1,1,3,1,2,1,2,1,1,NA,1,1,,NA,NA,NA,NA,NA,NA,NA,NA,NA,NA,NA,NA,NA,NA,NA,0,0,0,0,0,,,0,NA,,,,,,,NA,NA,NA,NA,NA,NA,NA,NA,NA,NA,NA,NA,NA,NA,0,
2544,09/06/2014 01:36:00 PM,"Powderhouse Blvd and Curtis St, Somerville, MA",-71.1258479,42.4054336,1,1,3,2,2,3,2,NA,99,NA,,99,,NA,NA,NA,NA,NA,NA,NA,NA,NA,NA,NA,NA,NA,NA,NA,0,0,0,0,0,,,0,NA,,,,,,,NA,NA,NA,NA,NA,NA,NA,NA,NA,NA,NA,NA,NA,NA,0,