id,date_time,address,lon,lat,Weather,road_surface,traffic_control_device,intersection_type,traffic_way_desc,collision_manner,num_involved_vehicles,vehicle1_configuration,driver1_contrib1,driver1_contrib2,vehicle2_configuration,driver2_contrib1,driver2_contrib2,vehicle3_configuration,driver3_contrib1,driver3_contrib2,vehicle4_configuration,driver4_contrib1,driver4_contrib2,vehicle5_configuration,driver5_contrib1,driver5_contrib2,vehicle6_configuration,driver6_contrib1,driver6_contrib2,vehicle7_configuration,driver7_contrib1,driver7_contrib2,Bicycle,Pedestrian,non_mv,non_motorist_location,non_motorist_action,non_motorist_type,manner_of_non_motorist_collision,Injury,Multiple,Gender1,Age1,Severity1,Hospital1,Gender2,Age2,Severity2,Hospital2,Gender3,Age3,Severity3,Hospital3,Gender4,Age4,Severity4,Hospital4,Gender5,Age5,Severity5,Hospital5,city_vehicle,Notes
2545,09/06/2014 01:44:00 PM,"Grand Union Blvd and Great River Rd, Somerville, MA",-71.0797952,42.3959349,1,1,5,7,2,2,2,1,1,NA,2,99,,NA,NA,NA,NA,NA,NA,NA,NA,NA,NA,NA,NA,NA,NA,NA,0,0,0,0,0,,,0,NA,,,,,,,NA,NA,NA,NA,NA,NA,NA,NA,NA,NA,NA,NA,NA,NA,0,
2546,09/08/2014 01:38:00 PM,"1374 Broadway, Somerville, MA",-71.1333063,42.4060568,1,1,1,1,1,1,1,1,4,NA,,,,NA,NA,NA,NA,NA,NA,NA,NA,NA,NA,NA,NA,NA,NA,NA,0,1,0,3,1,,2,1,NA,0,59,4,1,,,NA,NA,NA,NA,NA,NA,NA,NA,NA,NA,NA,NA,NA,NA,0,
2547,09/09/2014 07:20:00 AM,"Broadway and Charles E. Ryan Rd, Somerville, MA",-71.1056987,42.3977741,1,1,2,3,1,6,2,2,9,NA,2,1,,NA,NA,NA,NA,NA,NA,NA,NA,NA,NA,NA,NA,NA,NA,NA,0,0,0,0,0,,,0,NA,,,,,,,NA,NA,NA,NA,NA,NA,NA,NA,NA,NA,NA,NA,NA,NA,0,
2548,09/10/2014 06:00:00 PM,"Orchard St and Day St, Somerville, MA",-71.1248,42.3948856,1,1,2,2,1,3,1,1,99,NA,,99,,NA,NA,NA,NA,NA,NA,NA,NA,NA,NA,NA,NA,NA,NA,NA,1,0,0,2,1,,5a,1,NA,1,42,3,1,,,NA,NA,NA,NA,NA,NA,NA,NA,NA,NA,NA,NA,NA,NA,0,
2549,09/10/2014 06:02:00 PM,"Somerville Ave and Properzi Way, Somerville, MA",-71.1050939,42.3829252,1,1,1,3,1,1,1,2,4,19,,,,NA,NA,NA,NA,NA,NA,NA,NA,NA,NA,NA,NA,NA,NA,NA,1,0,0,10,1,,2,1,NA,1,25,2,1,,,NA,NA,NA,NA,NA,NA,NA,NA,NA,NA,NA,NA,NA,NA,0,
2550,09/11/2014 01:20:00 PM,"100 Highland Ave, Somerville, MA",-71.099223,42.386738,2,1,3,1,1,4,2,6,99,NA,4,99,,NA,NA,NA,NA,NA,NA,NA,NA,NA,NA,NA,NA,NA,NA,NA,0,0,0,0,0,,,0,NA,,,,,,,NA,NA,NA,NA,NA,NA,NA,NA,NA,NA,NA,NA,NA,NA,1,MBTA bus rendered door of parked DPW vehicle inoperable
2551,09/12/2014 05:30:00 AM,"124 Cross St, Somerville, MA",-71.0894388,42.383512,1,1,1,1,1,3,3,1,99,NA,1,99,,NA,NA,NA,NA,NA,NA,NA,NA,NA,NA,NA,NA,NA,NA,NA,0,0,0,0,0,,,0,NA,,,,,,,NA,NA,NA,NA,NA,NA,NA,NA,NA,NA,NA,NA,NA,NA,0,
2552,09/12/2014 03:10:00 PM,"292 Broadway, Somerville, MA",-71.0925538,42.3919028,1,1,1,3,2,2,2,6,99,NA,1,1,,NA,NA,NA,NA,NA,NA,NA,NA,NA,NA,NA,NA,NA,NA,NA,0,0,0,0,0,,,0,NA,,,,,,,NA,NA,NA,NA,NA,NA,NA,NA,NA,NA,NA,NA,NA,NA,0,
2553,09/14/2014 10:15:00 AM,"517 Medford St, Somerville, MA",-71.103749,42.396793,1,1,1,1,1,4,2,2,1,NA,1,1,,NA,NA,NA,NA,NA,NA,NA,NA,NA,NA,NA,NA,NA,NA,NA,0,0,0,0,0,,,0,NA,,,,,,,NA,NA,NA,NA,NA,NA,NA,NA,NA,NA,NA,NA,NA,NA,0,
2554,09/15/2014 03:05:00 PM,"Somerville Ave and Craigie St, Somerville, MA",-71.1128913,42.3852149,2,1,2,3,1,1,2,6,99,NA,2,,,NA,NA,NA,NA,NA,NA,NA,NA,NA,NA,NA,NA,NA,NA,NA,0,0,0,0,0,,,0,NA,,,,,,,NA,NA,NA,NA,NA,NA,NA,NA,NA,NA,NA,NA,NA,NA,0,
2555,09/15/2014 10:04:00 AM,"Walnut St and Broadway, Somerville, MA",-71.0906239,42.3909797,1,1,2,3,4,1,1,NA,15,19,,,,NA,NA,NA,NA,NA,NA,NA,NA,NA,NA,NA,NA,NA,NA,NA,0,1,0,1,1,,5,1,NA,1,30,3,1,,,NA,NA,NA,NA,NA,NA,NA,NA,NA,NA,NA,NA,NA,NA,0,
2556,09/15/2014 09:40:00 AM,"Warner St and Powderhouse Blvd, Somerville, MA",-71.1164487,42.4012056,1,1,3,4,1,2,1,2,1,NA,,3,,NA,NA,NA,NA,NA,NA,NA,NA,NA,NA,NA,NA,NA,NA,NA,1,0,0,4,2,,4a,1,NA,unk,unk,4,0,,,NA,NA,NA,NA,NA,NA,NA,NA,NA,NA,NA,NA,NA,NA,0,
2557,09/16/2014 04:18:00 PM,"206 Pearl St, Somerville, MA",-71.0928194,42.3870643,1,1,1,1,1,1,1,NA,1,NA,,,,NA,NA,NA,NA,NA,NA,NA,NA,NA,NA,NA,NA,NA,NA,NA,0,0,1,0,0,Tree limb,,0,NA,,,,,,,NA,NA,NA,NA,NA,NA,NA,NA,NA,NA,NA,NA,NA,NA,0,
2558,09/17/2014 01:47:00 PM,"Washington St and Rossmore St, Somerville, MA",-71.0914197,42.3796198,1,1,1,3,1,2,4,2,97,NA,2,1,,1,NA,NA,1,NA,NA,NA,NA,NA,NA,NA,NA,NA,NA,NA,0,0,0,0,0,,,0,NA,,,,,,,NA,NA,NA,NA,NA,NA,NA,NA,NA,NA,NA,NA,NA,NA,0,
2559,09/18/2014 10:54:00 PM,"225 Elm St, Somerville, MA",-71.1211381,42.3946432,1,1,1,1,4,2,2,1,5,NA,97,1,,NA,NA,NA,NA,NA,NA,NA,NA,NA,NA,NA,NA,NA,NA,NA,0,0,0,0,0,,,0,NA,,,,,,,NA,NA,NA,NA,NA,NA,NA,NA,NA,NA,NA,NA,NA,NA,1,Driver rear-ended DPW vehicle
2560,09/19/2014 08:25:00 AM,"Washington St and Dane St, Somerville, MA",-71.1040464,42.3788385,1,1,3,2,1,3,2,3,2,10,1,1,,NA,NA,NA,NA,NA,NA,NA,NA,NA,NA,NA,NA,NA,NA,NA,0,0,1,2,1,Motorcycle,5a,0,NA,,,,,,,NA,NA,NA,NA,NA,NA,NA,NA,NA,NA,NA,NA,NA,NA,0,
2561,09/19/2014 11:25:00 AM,"Broadway and Cross St, Somerville, MA",-71.0859942,42.3886405,1,1,3,2,3,3,2,1,4,NA,2,1,,NA,NA,NA,NA,NA,NA,NA,NA,NA,NA,NA,NA,NA,NA,NA,0,0,0,0,0,,,1,NA,0,49,4,1,,,NA,NA,NA,NA,NA,NA,NA,NA,NA,NA,NA,NA,NA,NA,0,
2562,09/19/2014 11:37:00 PM,"86 Elm St, Somerville, MA",-71.1166503,42.3890776,1,1,6,1,1,3,2,1,1,NA,1,3,6,NA,NA,NA,NA,NA,NA,NA,NA,NA,NA,NA,NA,NA,NA,NA,0,0,0,0,0,,,0,NA,,,,,,,NA,NA,NA,NA,NA,NA,NA,NA,NA,NA,NA,NA,NA,NA,0,
2563,09/19/2014 07:06:00 PM,"Concord Ave and Beacon St, Somerville, MA",-71.1025083,42.375107,1,1,1,3,1,1,1,1,4,NA,,,,NA,NA,NA,NA,NA,NA,NA,NA,NA,NA,NA,NA,NA,NA,NA,1,0,0,2,1,,2,1,NA,0,unk,4,1,,,NA,NA,NA,NA,NA,NA,NA,NA,NA,NA,NA,NA,NA,NA,0,
2564,09/21/2014 02:11:00 AM,"44 Paulina St, Somerville, MA",-71.1241962,42.4012417,1,1,1,1,4,2,2,1,99,NA,,,,NA,NA,NA,NA,NA,NA,NA,NA,NA,NA,NA,NA,NA,NA,NA,0,0,0,0,0,,,0,NA,,,,,,,NA,NA,NA,NA,NA,NA,NA,NA,NA,NA,NA,NA,NA,NA,0,
2565,09/22/2014 09:30:00 AM,"175 Fellsway , Somerville, MA",-71.0844201,42.3954627,1,1,1,2,3,2,2,4,1,NA,1,1,,NA,NA,NA,NA,NA,NA,NA,NA,NA,NA,NA,NA,NA,NA,NA,0,0,0,0,0,,,0,NA,,,,,,,NA,NA,NA,NA,NA,NA,NA,NA,NA,NA,NA,NA,NA,NA,0,
2566,09/24/2014 09:15:00 PM,"Broadway and William St, Somerville, MA",-71.1060347,42.3978851,1,1,1,1,1,2,2,NA,19,NA,1,1,,NA,NA,NA,NA,NA,NA,NA,NA,NA,NA,NA,NA,NA,NA,NA,0,0,0,0,0,,,0,NA,,,,,,,NA,NA,NA,NA,NA,NA,NA,NA,NA,NA,NA,NA,NA,NA,0,
2567,09/24/2014 12:27:00 PM,"Walnut St and Grandview Ave, Somerville, MA",-71.094555,42.3845713,1,1,1,3,4,1,1,2,1,NA,,,,NA,NA,NA,NA,NA,NA,NA,NA,NA,NA,NA,NA,NA,NA,NA,1,0,0,2,1,,5,1,NA,1,25,4,0,,,NA,NA,NA,NA,NA,NA,NA,NA,NA,NA,NA,NA,NA,NA,0,
2568,09/25/2014 04:45:00 PM,"Elm St and Linden Ave, Somerville, MA",-71.1146468,42.3870594,1,1,1,3,1,2,2,1,1,NA,2,19,,NA,NA,NA,NA,NA,NA,NA,NA,NA,NA,NA,NA,NA,NA,NA,0,0,0,0,0,,,0,NA,,,,,,,NA,NA,NA,NA,NA,NA,NA,NA,NA,NA,NA,NA,NA,NA,0,
2569,09/26/2014 09:20:00 AM,"Highland Ave and Lowell St, Somerville, MA",-71.1079523,42.3902029,1,1,3,2,1,2,2,NA,5,NA,,,,NA,NA,NA,NA,NA,NA,NA,NA,NA,NA,NA,NA,NA,NA,NA,0,0,0,0,0,,,1,2,1,38,4,1,0,70,4,1,NA,NA,NA,NA,NA,NA,NA,NA,NA,NA,NA,NA,0,
2570,09/26/2014 03:40:00 PM,"Powderhouse Blvd and Curtis St, Somerville, MA",-71.1258479,42.4054336,99,99,99,99,99,,2,1,4,NA,2,1,,NA,NA,NA,NA,NA,NA,NA,NA,NA,NA,NA,NA,NA,NA,NA,0,0,0,0,0,,,1,NA,0,19,4,1,,,NA,NA,NA,NA,NA,NA,NA,NA,NA,NA,NA,NA,NA,NA,0,
2571,09/26/2014 07:45:00 PM,"417 Highland Ave, Somerville, MA",-71.1216334,42.3963474,1,1,3,1,4,1,1,1,1,NA,,,,NA,NA,NA,NA,NA,NA,NA,NA,NA,NA,NA,NA,NA,NA,NA,0,1,0,4,1,,5,0,NA,,,,,,,NA,NA,NA,NA,NA,NA,NA,NA,NA,NA,NA,NA,NA,NA,0,
2572,09/26/2014 01:35:00 PM,"187 Elm St, Somerville, MA",-71.1202673,42.3930843,1,1,1,1,2,1,1,1,NA,NA,,,,NA,NA,NA,NA,NA,NA,NA,NA,NA,NA,NA,NA,NA,NA,NA,1,0,0,2,2,,3,0,NA,,,,,,,NA,NA,NA,NA,NA,NA,NA,NA,NA,NA,NA,NA,NA,NA,0,
2573,09/27/2014 04:45:00 AM,"Cross St and Flint St, Somerville, MA",-71.0885192,42.3848417,1,1,1,2,1,4,2,1,99,NA,1,1,,NA,NA,NA,NA,NA,NA,NA,NA,NA,NA,NA,NA,NA,NA,NA,0,0,0,0,0,,,0,NA,,,,,,,NA,NA,NA,NA,NA,NA,NA,NA,NA,NA,NA,NA,NA,NA,0,
2574,09/27/2014 05:22:00 PM,"9 Lovell St, Somerville, MA",-71.125258,42.402875,1,1,1,1,4,4,2,2,97,NA,1,1,,NA,NA,NA,NA,NA,NA,NA,NA,NA,NA,NA,NA,NA,NA,NA,0,0,0,0,0,,,0,NA,,,,,,,NA,NA,NA,NA,NA,NA,NA,NA,NA,NA,NA,NA,NA,NA,1,Cruiser struck parked MV while parking
2575,09/28/2014 10:33:00 AM,"Webster Ave and Newton St, Somerville, MA",-71.095842,42.3778737,1,1,1,2,1,1,1,1,2,NA,,,,NA,NA,NA,NA,NA,NA,NA,NA,NA,NA,NA,NA,NA,NA,NA,0,0,1,0,0,Guard rail,,0,NA,,,,,,,NA,NA,NA,NA,NA,NA,NA,NA,NA,NA,NA,NA,NA,NA,0,
2576,09/28/2014 05:55:00 PM,"Broadway and School St, Somerville, MA",-71.0944105,42.3932298,1,1,3,2,3,2,3,1,1,NA,1,1,,1,1,NA,NA,NA,NA,NA,NA,NA,NA,NA,NA,NA,NA,NA,0,0,0,0,0,,,1,2,0,21,4,0,0,31,4,0,NA,NA,NA,NA,NA,NA,NA,NA,NA,NA,NA,NA,0,
2577,09/30/2014 08:29:00 AM,"Lombardi Way and Broadway, Somerville, MA",-71.0787498,42.3861868,2,1,3,2,1,1,2,2,1,NA,,,,NA,NA,NA,NA,NA,NA,NA,NA,NA,NA,NA,NA,NA,NA,NA,1,0,0,2,1,,2a,1,NA,0,52,4,1,,,NA,NA,NA,NA,NA,NA,NA,NA,NA,NA,NA,NA,NA,NA,0,
2578,10/01/2014 10:00:00 AM,"Cummings St and Middlesex Ave, Somerville, MA",-71.083552,42.3945204,3,2,2,3,1,3,2,1,99,NA,1,99,,NA,NA,NA,NA,NA,NA,NA,NA,NA,NA,NA,NA,NA,NA,NA,0,0,0,0,0,,,0,NA,,,,,,,NA,NA,NA,NA,NA,NA,NA,NA,NA,NA,NA,NA,NA,NA,0,
2579,10/01/2014 09:10:00 PM,"College Ave and Morrison Ave, Somerville, MA",-71.1214296,42.3979434,1,1,2,3,1,3,2,1,99,NA,,,,NA,NA,NA,NA,NA,NA,NA,NA,NA,NA,NA,NA,NA,NA,NA,0,0,0,0,0,,,0,NA,,,,,,,NA,NA,NA,NA,NA,NA,NA,NA,NA,NA,NA,NA,NA,NA,0,
2580,10/02/2014 10:26:00 AM,"36 Davis Sq, Somerville, MA",-71.1225893,42.3966259,3,1,1,1,1,2,3,NA,1,NA,,5,,NA,5,NA,NA,NA,NA,NA,NA,NA,NA,NA,NA,NA,NA,NA,0,0,0,0,0,,,0,NA,,,,,,,NA,NA,NA,NA,NA,NA,NA,NA,NA,NA,NA,NA,NA,NA,0,
2581,10/02/2014 10:25:00 AM,"43 Pinckney St, Somerville, MA",-71.0817229,42.3840524,3,2,1,1,1,4,2,6,1,NA,1,,,NA,NA,NA,NA,NA,NA,NA,NA,NA,NA,NA,NA,NA,NA,NA,0,0,0,0,0,,,0,NA,,,,,,,NA,NA,NA,NA,NA,NA,NA,NA,NA,NA,NA,NA,NA,NA,1,"City vehicle opened door in movement, stricking mirror of vehicle 2"
2582,10/03/2014 08:00:00 AM,"80 Highland Ave, Somerville, MA",-71.097546,42.3862181,1,1,1,1,1,4,2,1,16,NA,1,1,,NA,NA,NA,NA,NA,NA,NA,NA,NA,NA,NA,NA,NA,NA,NA,0,0,0,0,0,,,0,NA,,,,,,,NA,NA,NA,NA,NA,NA,NA,NA,NA,NA,NA,NA,NA,NA,0,
2583,10/04/2014 03:36:00 PM,"304 Beacon St, Somerville, MA",-71.1134687,42.383755,3,2,1,1,2,4,1,1,19,NA,,,,NA,NA,NA,NA,NA,NA,NA,NA,NA,NA,NA,NA,NA,NA,NA,1,0,0,10,2,,3,1,NA,1,27,3,1,,,NA,NA,NA,NA,NA,NA,NA,NA,NA,NA,NA,NA,NA,NA,0,
2584,10/06/2014 07:15:00 AM,"Morrison Ave and Rogers Ave, Somerville, MA",-71.1142581,42.395323,1,1,1,3,1,6,2,2,1,NA,1,13,,NA,NA,NA,NA,NA,NA,NA,NA,NA,NA,NA,NA,NA,NA,NA,0,0,0,0,0,,,0,NA,,,,,,,NA,NA,NA,NA,NA,NA,NA,NA,NA,NA,NA,NA,NA,NA,0,
2585,10/06/2014 06:17:00 PM,"Webster Ave and Columbia St, Somerville, MA",-71.0952351,42.3758647,1,1,2,3,1,3,3,1,4,NA,2,1,,1,NA,NA,NA,NA,NA,NA,NA,NA,NA,NA,NA,NA,NA,NA,0,0,0,0,0,,,0,NA,,,,,,,NA,NA,NA,NA,NA,NA,NA,NA,NA,NA,NA,NA,NA,NA,0,
2586,10/07/2014 09:19:00 AM,"Washington St and Beacon St, Somerville, MA",-71.106382,42.3782892,2,1,3,1,1,1,1,1,97,NA,,,,NA,NA,NA,NA,NA,NA,NA,NA,NA,NA,NA,NA,NA,NA,NA,1,0,0,4,2,,3,1,NA,0,39,4,1,,,NA,NA,NA,NA,NA,NA,NA,NA,NA,NA,NA,NA,NA,NA,0,
2587,10/08/2014 09:27:00 AM,"86 Myrtle St, Somerville, MA",-71.0831573,42.3850902,1,1,1,1,1,1,1,2,1,NA,,,,NA,NA,NA,NA,NA,NA,NA,NA,NA,NA,NA,NA,NA,NA,NA,1,0,0,4,2,,3,1,NA,0,29,4,1,,,NA,NA,NA,NA,NA,NA,NA,NA,NA,NA,NA,NA,NA,NA,0,
2588,10/09/2014 08:29:00 PM,"Park St and Beacon St, Somerville, MA",-71.0632255,42.3577002,1,1,3,3,1,3,2,1,7,19,1,1,,NA,NA,NA,NA,NA,NA,NA,NA,NA,NA,NA,NA,NA,NA,NA,0,0,0,0,0,,,0,NA,,,,,,,NA,NA,NA,NA,NA,NA,NA,NA,NA,NA,NA,NA,NA,NA,0,
2589,10/10/2014 04:11:00 PM,"Broadway and Boston Ave, Somerville, MA",-71.111491,42.399676,1,1,3,2,1,2,2,2,5,19,2,1,,NA,NA,NA,NA,NA,NA,NA,NA,NA,NA,NA,NA,NA,NA,NA,0,0,0,0,0,,,0,NA,,,,,,,NA,NA,NA,NA,NA,NA,NA,NA,NA,NA,NA,NA,NA,NA,0,
2590,10/10/2014 05:50:00 PM,"Washington St and Franklin Ave, Somerville, MA",-71.08496,42.381522,1,1,1,3,1,2,2,3,3,10,1,1,,NA,NA,NA,NA,NA,NA,NA,NA,NA,NA,NA,NA,NA,NA,NA,0,0,1,4,2,Motorcycle,4a,0,NA,,,,,,,NA,NA,NA,NA,NA,NA,NA,NA,NA,NA,NA,NA,NA,NA,0,
2591,10/11/2014 09:50:00 AM,"93 Temple St, Somerville, MA",-71.0908309,42.3950937,3,2,1,1,2,2,2,NA,1,NA,,1,,NA,NA,NA,NA,NA,NA,NA,NA,NA,NA,NA,NA,NA,NA,NA,0,0,0,0,0,,,1,NA,0,29,4,0,,,NA,NA,NA,NA,NA,NA,NA,NA,NA,NA,NA,NA,NA,NA,0,
2592,10/12/2014 08:53:00 AM,"Temple St and Heath St, Somerville, MA",-71.0925535,42.3936272,1,1,2,3,1,3,2,1,99,NA,1,99,,NA,NA,NA,NA,NA,NA,NA,NA,NA,NA,NA,NA,NA,NA,NA,0,0,0,0,0,,,1,NA,0,27,4,0,,,NA,NA,NA,NA,NA,NA,NA,NA,NA,NA,NA,NA,NA,NA,0,
2593,10/12/2014 04:36:00 PM,"Grand Union Blvd and Foley St, Somerville, MA",-71.0805024,42.3930129,1,1,2,2,1,3,2,1,4,NA,2,1,,NA,NA,NA,NA,NA,NA,NA,NA,NA,NA,NA,NA,NA,NA,NA,0,0,0,0,0,,,0,NA,,,,,,,NA,NA,NA,NA,NA,NA,NA,NA,NA,NA,NA,NA,NA,NA,0,
2594,10/14/2014 11:41:00 AM,"180 Elm St, Somerville, MA",-71.1201022,42.3926291,2,1,1,1,2,4,2,1,1,NA,2,4,,NA,NA,NA,NA,NA,NA,NA,NA,NA,NA,NA,NA,NA,NA,NA,0,0,0,0,0,,,0,NA,,,,,,,NA,NA,NA,NA,NA,NA,NA,NA,NA,NA,NA,NA,NA,NA,0,
2595,10/14/2014 12:11:00 PM,"Willow Ave and Highland Ave, Somerville, MA",-71.1168102,42.3941136,1,1,3,2,1,3,2,2,99,NA,1,1,,NA,NA,NA,NA,NA,NA,NA,NA,NA,NA,NA,NA,NA,NA,NA,0,0,0,0,0,,,0,NA,,,,,,,NA,NA,NA,NA,NA,NA,NA,NA,NA,NA,NA,NA,NA,NA,0,
2596,10/14/2014 06:42:00 PM,"Beacon St and Washington St, Somerville, MA",-71.106382,42.3782892,1,1,3,2,2,1,1,1,1,NA,,,,NA,NA,NA,NA,NA,NA,NA,NA,NA,NA,NA,NA,NA,NA,NA,0,1,0,1,1,,2,1,NA,1,65,4,1,,,NA,NA,NA,NA,NA,NA,NA,NA,NA,NA,NA,NA,NA,NA,0,
2597,10/15/2014 04:22:00 PM,"74 Dover St, Somerville, MA",-71.124517,42.395751,1,1,1,1,4,1,1,1,1,NA,,,,NA,NA,NA,NA,NA,NA,NA,NA,NA,NA,NA,NA,NA,NA,NA,0,1,0,4,1,,5,1,NA,1,4,4,97,,,NA,NA,NA,NA,NA,NA,NA,NA,NA,NA,NA,NA,NA,NA,0,
2598,10/16/2014 07:45:00 PM,"Broadway and Mt. Vernon St, Somerville, MA",-71.0788702,42.3862206,3,2,3,2,1,3,2,1,1,NA,1,4,,NA,NA,NA,NA,NA,NA,NA,NA,NA,NA,NA,NA,NA,NA,NA,0,0,0,0,0,,,1,2,1,47,4,0,0,25,4,0,NA,NA,NA,NA,NA,NA,NA,NA,NA,NA,NA,NA,0,
2599,10/17/2014 03:14:00 AM,"337 Washington St, Somerville, MA",-71.101939,42.379513,3,2,1,1,1,4,2,1,1,NA,1,,,NA,NA,NA,NA,NA,NA,NA,NA,NA,NA,NA,NA,NA,NA,NA,0,0,0,0,0,,,0,NA,,,,,,,NA,NA,NA,NA,NA,NA,NA,NA,NA,NA,NA,NA,NA,NA,0,
2600,10/17/2014 02:30:00 PM,"25 Melvin St, Somerville, MA",-71.0902435,42.3891462,1,1,1,1,4,3,2,1,19,12,2,,,NA,NA,NA,NA,NA,NA,NA,NA,NA,NA,NA,NA,NA,NA,NA,0,0,0,0,0,,,0,NA,,,,,,,NA,NA,NA,NA,NA,NA,NA,NA,NA,NA,NA,NA,NA,NA,0,
2601,10/17/2014 07:00:00 PM,"Mystic Ave and Temple St, Somerville, MA",-71.0891458,42.3955809,1,1,3,2,1,4,2,1,1,NA,1,,,NA,NA,NA,NA,NA,NA,NA,NA,NA,NA,NA,NA,NA,NA,NA,0,0,0,0,0,,,0,NA,,,,,,,NA,NA,NA,NA,NA,NA,NA,NA,NA,NA,NA,NA,NA,NA,0,
2602,10/17/2014 08:55:00 PM,"82 Prospect St, Somerville, MA",-71.096208,42.3760835,1,1,1,1,1,1,1,NA,NA,NA,,,,NA,NA,NA,NA,NA,NA,NA,NA,NA,NA,NA,NA,NA,NA,NA,1,0,0,4,2,,7,1,NA,1,52,3,1,,,NA,NA,NA,NA,NA,NA,NA,NA,NA,NA,NA,NA,NA,NA,0,
2603,10/18/2014 03:48:00 AM,"66 Jaques St, Somerville, MA",-71.0924597,42.3944219,1,1,3,1,1,4,2,1,2,3,1,1,,NA,NA,NA,NA,NA,NA,NA,NA,NA,NA,NA,NA,NA,NA,NA,0,0,0,0,0,,,1,NA,,,99,1,,,NA,NA,NA,NA,NA,NA,NA,NA,NA,NA,NA,NA,NA,NA,0,
2604,10/18/2014 04:08:00 AM,"84 Elm St, Somerville, MA",-71.1164705,42.3888722,1,1,1,1,1,6,3,1,21,NA,1,1,,NA,NA,NA,NA,NA,NA,NA,NA,NA,NA,NA,NA,NA,NA,NA,0,0,0,0,0,,,0,NA,,,,,,,NA,NA,NA,NA,NA,NA,NA,NA,NA,NA,NA,NA,NA,NA,0,
2605,10/18/2014 12:15:00 PM,"Middlesex Ave and Foley St, Somerville, MA",-71.0830133,42.3926273,2,1,3,3,2,3,2,1,1,NA,,,,NA,NA,NA,NA,NA,NA,NA,NA,NA,NA,NA,NA,NA,NA,NA,0,0,0,0,0,,,0,NA,,,,,,,NA,NA,NA,NA,NA,NA,NA,NA,NA,NA,NA,NA,NA,NA,0,
2606,10/18/2014 11:09:00 PM,"Foley St, Somerville, MA",-71.0803484,42.3930349,2,1,1,1,1,3,2,2,99,NA,1,99,,NA,NA,NA,NA,NA,NA,NA,NA,NA,NA,NA,NA,NA,NA,NA,0,0,0,0,0,,,0,NA,,,,,,,NA,NA,NA,NA,NA,NA,NA,NA,NA,NA,NA,NA,NA,NA,0,
2607,10/18/2014 08:27:00 PM,"25 Highland Ave, Somerville, MA",-71.093642,42.385268,1,1,1,1,1,1,1,1,4,18,,,,NA,NA,NA,NA,NA,NA,NA,NA,NA,NA,NA,NA,NA,NA,NA,0,1,0,4,1,,2,1,NA,1,70,2,1,,,NA,NA,NA,NA,NA,NA,NA,NA,NA,NA,NA,NA,NA,NA,0,
2608,10/21/2014 02:00:00 PM,"44 Broadway, Somerville, MA",-71.0797103,42.3862708,3,2,3,1,2,4,2,2,17,NA,2,1,,NA,NA,NA,NA,NA,NA,NA,NA,NA,NA,NA,NA,NA,NA,NA,0,0,0,0,0,,,1,NA,1,35,4,1,,,NA,NA,NA,NA,NA,NA,NA,NA,NA,NA,NA,NA,NA,NA,0,
2609,10/24/2014 07:19:00 AM,"Broadway and Hinckley St, Somerville, MA",-71.1050506,42.3975698,3,2,2,3,3,3,2,NA,NA,NA,,,,NA,NA,NA,NA,NA,NA,NA,NA,NA,NA,NA,NA,NA,NA,NA,0,0,0,0,0,,,0,NA,,,,,,,NA,NA,NA,NA,NA,NA,NA,NA,NA,NA,NA,NA,NA,NA,0,
2610,10/25/2014 12:36:00 PM,"Beacon St and Park St, Somerville, MA",-71.0632255,42.3577002,1,1,3,2,1,1,1,2,4,NA,,,,NA,NA,NA,NA,NA,NA,NA,NA,NA,NA,NA,NA,NA,NA,NA,0,1,0,1,1,,2,1,NA,1,53,3,1,,,NA,NA,NA,NA,NA,NA,NA,NA,NA,NA,NA,NA,NA,NA,0,
2611,10/26/2014 04:28:00 PM,"114 Temple St, Somerville, MA",-71.0900588,42.3956935,2,1,1,1,1,1,1,1,1,NA,,,,NA,NA,NA,NA,NA,NA,NA,NA,NA,NA,NA,NA,NA,NA,NA,0,1,0,4,1,,5,1,NA,1,39,4,1,,,NA,NA,NA,NA,NA,NA,NA,NA,NA,NA,NA,NA,NA,NA,0,
2612,10/27/2014 08:20:00 AM,"Forster St and Central St, Somerville, MA",-71.0998751,42.3934793,1,1,2,3,4,3,2,1,1,NA,1,1,,NA,NA,NA,NA,NA,NA,NA,NA,NA,NA,NA,NA,NA,NA,NA,0,0,0,0,0,,,0,NA,,,,,,,NA,NA,NA,NA,NA,NA,NA,NA,NA,NA,NA,NA,NA,NA,0,
2613,10/27/2014 11:49:00 PM,"McGrath Hwy and Washington St, Somerville, MA",-71.0893942,42.3804355,1,1,1,3,1,2,2,3,99,NA,1,1,,NA,NA,NA,NA,NA,NA,NA,NA,NA,NA,NA,NA,NA,NA,NA,0,0,0,0,0,,,0,NA,,,,,,,NA,NA,NA,NA,NA,NA,NA,NA,NA,NA,NA,NA,NA,NA,0,
2614,10/27/2014 09:11:00 AM,"Medford St and Pearl St, Somerville, MA",-71.0962952,42.3882985,1,1,1,4,2,6,2,2,4,NA,3,1,,NA,NA,NA,NA,NA,NA,NA,NA,NA,NA,NA,NA,NA,NA,NA,0,0,1,2,1,Motorcycle,2,1,NA,1,51,2,1,,,NA,NA,NA,NA,NA,NA,NA,NA,NA,NA,NA,NA,NA,NA,1,"SPD motorcycle dumped into skid to avoid accident, struck MV1"