id,date_time,address,lon,lat,Weather,road_surface,traffic_control_device,intersection_type,traffic_way_desc,collision_manner,num_involved_vehicles,vehicle1_configuration,driver1_contrib1,driver1_contrib2,vehicle2_configuration,driver2_contrib1,driver2_contrib2,vehicle3_configuration,driver3_contrib1,driver3_contrib2,vehicle4_configuration,driver4_contrib1,driver4_contrib2,vehicle5_configuration,driver5_contrib1,driver5_contrib2,vehicle6_configuration,driver6_contrib1,driver6_contrib2,vehicle7_configuration,driver7_contrib1,driver7_contrib2,Bicycle,Pedestrian,non_mv,non_motorist_location,non_motorist_action,non_motorist_type,manner_of_non_motorist_collision,Injury,Multiple,Gender1,Age1,Severity1,Hospital1,Gender2,Age2,Severity2,Hospital2,Gender3,Age3,Severity3,Hospital3,Gender4,Age4,Severity4,Hospital4,Gender5,Age5,Severity5,Hospital5,city_vehicle,Notes
2615,10/28/2014 03:09:00 PM,"59 Bow St, Somerville, MA",-71.099244,42.3817,1,1,1,1,4,1,1,10,1,NA,,,,NA,NA,NA,NA,NA,NA,NA,NA,NA,NA,NA,NA,NA,NA,NA,0,0,1,9,97,Tree branch,,0,NA,,,,,,,NA,NA,NA,NA,NA,NA,NA,NA,NA,NA,NA,NA,NA,NA,0,
2616,10/29/2014 06:31:00 PM,"Central St and Gibbens St, Somerville, MA",-71.1038067,42.3878743,2,1,2,3,1,3,2,1,4,NA,2,1,,NA,NA,NA,NA,NA,NA,NA,NA,NA,NA,NA,NA,NA,NA,NA,0,0,0,0,0,,,0,NA,,,,,,,NA,NA,NA,NA,NA,NA,NA,NA,NA,NA,NA,NA,NA,NA,0,
2617,10/29/2014 12:37:00 PM,"17 Belmont St, Somerville, MA",-71.1104492,42.3853075,1,1,1,1,4,1,1,3,4,NA,,,,NA,NA,NA,NA,NA,NA,NA,NA,NA,NA,NA,NA,NA,NA,NA,1,0,0,4,2,,5,1,NA,1,26,4,1,,,NA,NA,NA,NA,NA,NA,NA,NA,NA,NA,NA,NA,NA,NA,0,
2618,10/31/2014 03:36:00 PM,"Foley St and Middlesex Ave, Somerville, MA",-71.0830133,42.3926273,2,1,3,3,1,2,2,6,19,NA,1,1,,NA,NA,NA,NA,NA,NA,NA,NA,NA,NA,NA,NA,NA,NA,NA,0,0,0,0,0,,,0,NA,,,,,,,NA,NA,NA,NA,NA,NA,NA,NA,NA,NA,NA,NA,NA,NA,0,
2619,11/02/2014 07:20:00 AM,"North St and Conwell Ave, Somerville, MA",-71.129517,42.4085307,3,2,2,3,2,6,2,1,1,NA,1,1,,NA,NA,NA,NA,NA,NA,NA,NA,NA,NA,NA,NA,NA,NA,NA,0,0,0,0,0,,,0,NA,,,,,,,NA,NA,NA,NA,NA,NA,NA,NA,NA,NA,NA,NA,NA,NA,0,
2620,11/04/2014 03:15:00 PM,"Charlestown St and Merriam St, Somerville, MA",-71.0925773,42.3767956,1,1,1,3,1,5,2,NA,NA,NA,,12,,NA,NA,NA,NA,NA,NA,NA,NA,NA,NA,NA,NA,NA,NA,NA,0,0,0,0,0,,,0,NA,,,,,,,NA,NA,NA,NA,NA,NA,NA,NA,NA,NA,NA,NA,NA,NA,0,
2622,11/05/2014 09:07:00 AM,"27 Union Sq, Somerville, MA",-71.0968579,42.3799691,2,1,1,3,2,3,2,1,99,NA,6,99,,NA,NA,NA,NA,NA,NA,NA,NA,NA,NA,NA,NA,NA,NA,NA,0,0,0,0,0,,,0,NA,,,,,,,NA,NA,NA,NA,NA,NA,NA,NA,NA,NA,NA,NA,NA,NA,0,
2623,11/05/2014 05:20:00 PM,"8 Medford St, Somerville, MA",-71.087669,42.3736344,1,1,1,1,1,1,1,1,1,NA,,,,NA,NA,NA,NA,NA,NA,NA,NA,NA,NA,NA,NA,NA,NA,NA,0,1,0,4,1,,5,1,NA,1,unk,4,1,,,NA,NA,NA,NA,NA,NA,NA,NA,NA,NA,NA,NA,NA,NA,0,
2624,11/06/2014 10:41:00 PM,"11 Dartmouth St, Somerville, MA",-71.097206,42.390341,3,1,1,1,4,4,2,1,NA,NA,,,,NA,NA,NA,NA,NA,NA,NA,NA,NA,NA,NA,NA,NA,NA,NA,0,0,0,0,0,,,0,NA,,,,,,,NA,NA,NA,NA,NA,NA,NA,NA,NA,NA,NA,NA,NA,NA,0,
2625,11/07/2014 03:00:00 PM,"Central St and Somerville Ave, Somerville, MA",-71.1069016,42.3833311,1,1,1,3,4,3,2,1,19,NA,1,1,,NA,NA,NA,NA,NA,NA,NA,NA,NA,NA,NA,NA,NA,NA,NA,0,0,0,0,0,,,0,NA,,,,,,,NA,NA,NA,NA,NA,NA,NA,NA,NA,NA,NA,NA,NA,NA,0,
2626,11/07/2014 05:25:00 PM,"Cedar St and Sumemr St, Somerville, MA",-71.1136266,42.3904869,1,1,3,2,1,3,2,1,1,NA,2,3,20,NA,NA,NA,NA,NA,NA,NA,NA,NA,NA,NA,NA,NA,NA,NA,0,0,0,0,0,,,0,NA,,,,,,,NA,NA,NA,NA,NA,NA,NA,NA,NA,NA,NA,NA,NA,NA,0,
2627,11/07/2014 09:40:00 PM,"Broadway and Curtis St, Somerville, MA",-71.1272773,42.4033029,1,1,3,2,1,2,2,NA,10,97,,1,,NA,NA,NA,NA,NA,NA,NA,NA,NA,NA,NA,NA,NA,NA,NA,0,0,0,0,0,,,1,2,0,15,3,1,0,36,4,1,NA,NA,NA,NA,NA,NA,NA,NA,NA,NA,NA,NA,0,
2628,11/08/2014 11:20:00 AM,"College Ave and Lower Campus Way, Somerville, MA",-71.1172064,42.4040151,1,1,1,3,1,6,2,1,1,NA,1,4,,NA,NA,NA,NA,NA,NA,NA,NA,NA,NA,NA,NA,NA,NA,NA,0,0,0,0,0,,,0,NA,,,,,,,NA,NA,NA,NA,NA,NA,NA,NA,NA,NA,NA,NA,NA,NA,0,
2629,11/08/2014 03:24:00 PM,"74 Elm St, Somerville, MA",-71.116274,42.388532,1,1,1,1,1,3,2,1,19,NA,,,,NA,NA,NA,NA,NA,NA,NA,NA,NA,NA,NA,NA,NA,NA,NA,1,0,0,4,2,,3,1,NA,1,unk,2,1,,,NA,NA,NA,NA,NA,NA,NA,NA,NA,NA,NA,NA,NA,NA,0,
2630,11/09/2014 07:00:00 AM,"Highland Rd and Boston Ave, Somerville, MA",-71.1108987,42.3989438,2,1,2,3,1,3,2,1,1,NA,1,99,,NA,NA,NA,NA,NA,NA,NA,NA,NA,NA,NA,NA,NA,NA,NA,0,0,0,0,0,,,0,NA,,,,,,,NA,NA,NA,NA,NA,NA,NA,NA,NA,NA,NA,NA,NA,NA,0,
2631,11/09/2014 11:07:00 PM,"Warner St and Broadway, Somerville, MA",-71.116275,42.401082,1,1,24,7,3,2,2,1,99,NA,1,1,,NA,NA,NA,NA,NA,NA,NA,NA,NA,NA,NA,NA,NA,NA,NA,0,0,0,0,0,,,0,NA,,,,,,,NA,NA,NA,NA,NA,NA,NA,NA,NA,NA,NA,NA,NA,NA,0,
2632,11/11/2014 08:10:00 AM,"Elm St and Willow Ave, Somerville, MA",-71.1187665,42.3913149,1,1,1,3,1,2,3,1,1,NA,1,1,,1,5,NA,NA,NA,NA,NA,NA,NA,NA,NA,NA,NA,NA,NA,0,0,0,0,0,,,0,NA,,,,,,,NA,NA,NA,NA,NA,NA,NA,NA,NA,NA,NA,NA,NA,NA,0,
2633,11/11/2014 04:46:00 PM,"268 Willow Ave, Somerville, MA",-71.1132869,42.3996237,1,1,1,1,1,5,3,2,9,NA,1,1,,1,NA,NA,NA,NA,NA,NA,NA,NA,NA,NA,NA,NA,NA,NA,0,0,0,0,0,,,0,NA,,,,,,,NA,NA,NA,NA,NA,NA,NA,NA,NA,NA,NA,NA,NA,NA,0,
2634,11/11/2014 05:15:00 PM,"Broadway and College Ave, Somerville, MA",-71.117348,42.400524,1,1,1,8,1,4,2,1,1,NA,1,5,,NA,NA,NA,NA,NA,NA,NA,NA,NA,NA,NA,NA,NA,NA,NA,0,0,0,0,0,,,0,NA,,,,,,,NA,NA,NA,NA,NA,NA,NA,NA,NA,NA,NA,NA,NA,NA,0,
2635,11/12/2014 04:00:00 PM,"523 Broadway, Somerville, MA",-71.105691,42.3977868,1,1,1,1,1,2,2,2,1,NA,2,1,,NA,NA,NA,NA,NA,NA,NA,NA,NA,NA,NA,NA,NA,NA,NA,0,0,0,0,0,,,1,NA,0,47,4,1,,,NA,NA,NA,NA,NA,NA,NA,NA,NA,NA,NA,NA,NA,NA,0,
2659,12/02/2014 08:28:00 PM,"Highland Ave and Central St, Somerville, MA",-71.1034359,42.3884241,3,2,3,2,1,3,2,1,1,NA,1,3,19,NA,NA,NA,NA,NA,NA,NA,NA,NA,NA,NA,NA,NA,NA,NA,0,0,0,0,0,,,0,NA,,,,,,,NA,NA,NA,NA,NA,NA,NA,NA,NA,NA,NA,NA,NA,NA,0,
2636,11/13/2014 07:05:00 AM,"Prospect St and Somerville Ave, Somerville, MA",-71.0941078,42.3791063,1,1,3,3,1,6,2,1,1,NA,1,1,,NA,NA,NA,NA,NA,NA,NA,NA,NA,NA,NA,NA,NA,NA,NA,0,0,0,0,0,,,1,NA,0,64,4,1,,,NA,NA,NA,NA,NA,NA,NA,NA,NA,NA,NA,NA,NA,NA,0,
2637,11/14/2014 11:57:00 AM,"Broadway and Langmaid Ave, Somerville, MA",-71.0940467,42.3930357,1,1,3,1,2,2,2,2,1,NA,1,99,,NA,NA,NA,NA,NA,NA,NA,NA,NA,NA,NA,NA,NA,NA,NA,0,0,0,0,0,,,1,NA,1,46,4,1,,,NA,NA,NA,NA,NA,NA,NA,NA,NA,NA,NA,NA,NA,NA,0,
2638,11/14/2014 03:49:00 PM,"Somerville Ave and Prospect St, Somerville, MA",-71.0941078,42.3791063,1,1,3,3,3,3,2,2,1,NA,1,4,,NA,NA,NA,NA,NA,NA,NA,NA,NA,NA,NA,NA,NA,NA,NA,0,0,0,0,0,,,0,NA,,,,,,,NA,NA,NA,NA,NA,NA,NA,NA,NA,NA,NA,NA,NA,NA,0,
2639,11/16/2014 05:48:00 PM,"Columbia St and Windsor Pl, Somerville, MA",-71.0943306,42.3757914,1,1,2,3,1,1,1,1,4,NA,,,,NA,NA,NA,NA,NA,NA,NA,NA,NA,NA,NA,NA,NA,NA,NA,1,0,0,2,1,,5,1,NA,1,30,3,1,,,NA,NA,NA,NA,NA,NA,NA,NA,NA,NA,NA,NA,NA,NA,0,
2640,11/17/2014 12:20:00 PM,"Elm St and Grove St, Somerville, MA",-71.1214561,42.3947474,3,2,1,3,4,4,2,1,1,NA,1,1,,NA,NA,NA,NA,NA,NA,NA,NA,NA,NA,NA,NA,NA,NA,NA,0,0,0,0,0,,,0,NA,,,,,,,NA,NA,NA,NA,NA,NA,NA,NA,NA,NA,NA,NA,NA,NA,0,
2641,11/17/2014 08:50:00 PM,"188 Willow Ave, Somerville, MA",-71.114955,42.397183,3,2,1,1,1,2,1,1,1,18,,,,NA,NA,NA,NA,NA,NA,NA,NA,NA,NA,NA,NA,NA,NA,NA,0,1,0,4,1,,5,1,NA,1,24,3,1,,,NA,NA,NA,NA,NA,NA,NA,NA,NA,NA,NA,NA,NA,NA,0,
2642,11/17/2014 10:52:00 AM,"341 Broadway, Somerville, MA",-71.0943995,42.393241,3,2,3,2,3,2,2,1,99,NA,1,1,,NA,NA,NA,NA,NA,NA,NA,NA,NA,NA,NA,NA,NA,NA,NA,0,0,0,0,0,,,0,NA,,,,,,,NA,NA,NA,NA,NA,NA,NA,NA,NA,NA,NA,NA,NA,NA,1,City vehicle rear ended at red light
2643,11/19/2014 02:49:00 PM,"Medford St and Norwood Ave, Somerville, MA",-71.1031062,42.3957026,1,1,1,3,1,3,2,7,1,NA,15,99,,NA,NA,NA,NA,NA,NA,NA,NA,NA,NA,NA,NA,NA,NA,NA,0,0,1,2,1,Moped,5a,1,NA,1,42,2,1,,,NA,NA,NA,NA,NA,NA,NA,NA,NA,NA,NA,NA,NA,NA,0,
2644,11/19/2014 08:11:00 AM,"Webster Ave and Tremont St, Somerville, MA",-71.0952351,42.3758647,1,1,2,3,1,1,1,2,4,NA,,,,NA,NA,NA,NA,NA,NA,NA,NA,NA,NA,NA,NA,NA,NA,NA,1,0,0,2,1,,5,0,NA,,,,,,,NA,NA,NA,NA,NA,NA,NA,NA,NA,NA,NA,NA,NA,NA,0,
2645,11/20/2014 08:00:00 AM,"87 Summer St, Somerville, MA",-71.10107,42.38485,1,1,1,1,1,3,3,1,1,NA,1,,,1,NA,NA,NA,NA,NA,NA,NA,NA,NA,NA,NA,NA,NA,NA,0,0,0,0,0,,,0,NA,,,,,,,NA,NA,NA,NA,NA,NA,NA,NA,NA,NA,NA,NA,NA,NA,0,
2646,11/20/2014 02:55:00 PM,"54 Union Square, Somerville, MA",-71.096125,42.3799366,1,1,1,1,4,4,2,3,9,NA,6,,,NA,NA,NA,NA,NA,NA,NA,NA,NA,NA,NA,NA,NA,NA,NA,0,0,0,0,0,,,0,NA,,,,,,,NA,NA,NA,NA,NA,NA,NA,NA,NA,NA,NA,NA,NA,NA,0,
2647,11/21/2014 11:25:00 AM,"Beacon St and Park St, Somerville, MA",-71.0632255,42.3577002,1,1,3,1,1,6,2,13,99,NA,1,99,,NA,NA,NA,NA,NA,NA,NA,NA,NA,NA,NA,NA,NA,NA,NA,0,0,0,0,0,,,0,NA,,,,,,,NA,NA,NA,NA,NA,NA,NA,NA,NA,NA,NA,NA,NA,NA,0,
2648,11/21/2014 09:34:00 PM,"Morrison Ave and Cedar St, Somerville, MA",-71.1107807,42.3944455,1,1,1,1,1,1,1,2,4,NA,,,,NA,NA,NA,NA,NA,NA,NA,NA,NA,NA,NA,NA,NA,NA,NA,0,1,0,4,1,,2,1,NA,0,41,2,1,,,NA,NA,NA,NA,NA,NA,NA,NA,NA,NA,NA,NA,NA,NA,0,
2649,11/23/2014 03:40:00 AM,"Temple St and Memorial Rd, Somerville, MA",-71.0924564,42.3962118,1,1,1,3,1,2,2,1,5,NA,1,1,,NA,NA,NA,NA,NA,NA,NA,NA,NA,NA,NA,NA,NA,NA,NA,0,0,0,0,0,,,1,3,1,26,4,0,1,29,4,0,1,29,4,0,NA,NA,NA,NA,NA,NA,NA,NA,0,
2650,11/23/2014 07:25:00 PM,"Burnside Ave, Somerville, MA",-71.117233,42.3908623,1,1,1,1,4,4,2,7,1,NA,1,,,NA,NA,NA,NA,NA,NA,NA,NA,NA,NA,NA,NA,NA,NA,NA,0,0,0,0,0,,,0,NA,,,,,,,NA,NA,NA,NA,NA,NA,NA,NA,NA,NA,NA,NA,NA,NA,0,
2651,11/25/2014 09:14:00 AM,"Beacon St and Washington St, Somerville, MA",-71.106382,42.3782892,1,1,1,2,1,2,2,1,1,NA,1,5,,NA,NA,NA,NA,NA,NA,NA,NA,NA,NA,NA,NA,NA,NA,NA,0,0,0,0,0,,,1,NA,0,51,4,0,,,NA,NA,NA,NA,NA,NA,NA,NA,NA,NA,NA,NA,NA,NA,0,
2652,11/26/2014 03:09:00 PM,"88 Beacon St, Somerville, MA",-71.1048786,42.3767348,5,2,1,1,1,4,2,1,10,NA,2,1,,NA,NA,NA,NA,NA,NA,NA,NA,NA,NA,NA,NA,NA,NA,NA,0,0,0,0,0,,,0,NA,,,,,,,NA,NA,NA,NA,NA,NA,NA,NA,NA,NA,NA,NA,NA,NA,0,
2653,11/27/2014 10:10:00 PM,"64 Union Square, Somerville, MA",-71.0953636,42.3798823,4,2,1,1,1,1,1,2,2,9,,,,NA,NA,NA,NA,NA,NA,NA,NA,NA,NA,NA,NA,NA,NA,NA,0,0,1,0,0,"Trash barrel, tree, bench",,1,3,0,58,3,1,1,58,3,1,1,21,3,1,NA,NA,NA,NA,NA,NA,NA,NA,0,
2654,11/28/2014 09:20:00 PM,"Highland Ave and Central St, Somerville, MA",-71.1034359,42.3884241,1,1,3,2,1,3,2,1,3,NA,1,1,,NA,NA,NA,NA,NA,NA,NA,NA,NA,NA,NA,NA,NA,NA,NA,0,0,0,0,0,,,0,NA,,,,,,,NA,NA,NA,NA,NA,NA,NA,NA,NA,NA,NA,NA,NA,NA,0,
2655,11/29/2014 10:46:00 AM,"Broadway and Garfield Ave, Somerville, MA",-71.0867525,42.3889844,1,1,3,3,3,3,2,1,3,NA,1,1,,NA,NA,NA,NA,NA,NA,NA,NA,NA,NA,NA,NA,NA,NA,NA,0,0,0,0,0,,,1,2,1,57,2,1,0,31,2,1,1,4,5,1,1,6,5,1,NA,NA,NA,NA,0,
2656,12/01/2014 12:19:00 PM,"Curtis St and Professors Row, Somerville, MA",-71.1243674,42.4076602,99,99,99,99,99,99,2,4,1,NA,5,1,,NA,NA,NA,NA,NA,NA,NA,NA,NA,NA,NA,NA,NA,NA,NA,0,0,0,0,0,,,0,NA,,,,,,,NA,NA,NA,NA,NA,NA,NA,NA,NA,NA,NA,NA,NA,NA,0,
2657,12/01/2014 11:07:00 PM,"660 Broadway, Somerville, MA",-71.1108879,42.3992964,1,1,2,2,1,3,2,1,1,NA,1,1,,NA,NA,NA,NA,NA,NA,NA,NA,NA,NA,NA,NA,NA,NA,NA,0,0,0,0,0,,,0,NA,,,,,,,NA,NA,NA,NA,NA,NA,NA,NA,NA,NA,NA,NA,NA,NA,0,
2658,12/02/2014 08:13:00 AM,"Russell Rd and Broadway, Somerville, MA",-71.1296313,42.404711,99,99,99,99,99,99,1,1,1,NA,,,,NA,NA,NA,NA,NA,NA,NA,NA,NA,NA,NA,NA,NA,NA,NA,0,0,1,0,0,Fence,,0,NA,,,,,,,NA,NA,NA,NA,NA,NA,NA,NA,NA,NA,NA,NA,NA,NA,0,
2660,12/03/2014 11:36:00 AM,"10 Webster Ave , Somerville, MA",-71.096046,42.3791698,3,2,1,1,4,3,2,1,1,NA,1,4,,NA,NA,NA,NA,NA,NA,NA,NA,NA,NA,NA,NA,NA,NA,NA,0,0,0,0,0,,,0,NA,,,,,,,NA,NA,NA,NA,NA,NA,NA,NA,NA,NA,NA,NA,NA,NA,0,
2661,12/05/2014 11:35:00 AM,"Powderhouse Blvd and North St, Somerville, MA",-71.1302644,42.4073825,1,1,3,2,1,5,2,1,1,NA,1,1,,NA,NA,NA,NA,NA,NA,NA,NA,NA,NA,NA,NA,NA,NA,NA,0,0,0,0,0,,,0,NA,,,,,,,NA,NA,NA,NA,NA,NA,NA,NA,NA,NA,NA,NA,NA,NA,0,
2662,12/05/2014 09:30:00 PM,"Bond St and Heath St, Somerville, MA",-71.0959078,42.3953106,3,2,2,2,4,6,2,1,1,NA,2,3,,NA,NA,NA,NA,NA,NA,NA,NA,NA,NA,NA,NA,NA,NA,NA,0,0,0,0,0,,,1,NA,0,49,99,1,,,NA,NA,NA,NA,NA,NA,NA,NA,NA,NA,NA,NA,NA,NA,0,
2663,12/05/2014 04:48:00 PM,"Washington St and Rossmore St, Somerville, MA",-71.0914197,42.3796198,1,1,1,3,4,1,1,1,4,NA,,,,NA,NA,NA,NA,NA,NA,NA,NA,NA,NA,NA,NA,NA,NA,NA,0,1,0,1,1,,2,1,2,0,44,3,1,1,43,4,1,NA,NA,NA,NA,NA,NA,NA,NA,NA,NA,NA,NA,0,
2664,12/05/2014 04:50:00 AM,"Perkins St and Mt. Vernon St, Somerville, MA",-71.0799358,42.3847196,1,1,2,3,4,4,2,97,1,NA,2,1,,NA,NA,NA,NA,NA,NA,NA,NA,NA,NA,NA,NA,NA,NA,NA,0,0,0,0,0,,,0,NA,,,,,,,NA,NA,NA,NA,NA,NA,NA,NA,NA,NA,NA,NA,NA,NA,1,SFD engine struck parked car returning from call
2665,12/05/2014 11:35:00 AM,"12 Belmont St, Somerville, MA",-71.1106333,42.3848943,1,1,1,1,4,2,2,NA,NA,NA,,,,NA,NA,NA,NA,NA,NA,NA,NA,NA,NA,NA,NA,NA,NA,NA,0,0,0,0,0,,,0,NA,,,,,,,NA,NA,NA,NA,NA,NA,NA,NA,NA,NA,NA,NA,NA,NA,1,SPD Fire Chief vehicle backed out into parked MV while checking fire lane violations
2666,12/06/2014 09:50:00 AM,"78 Mt. Vernon St, Somerville, MA",-71.0811451,42.3830436,99,99,1,1,4,99,1,2,1,NA,,,,NA,NA,NA,NA,NA,NA,NA,NA,NA,NA,NA,NA,NA,NA,NA,0,0,0,0,0,,,0,NA,,,,,,,NA,NA,NA,NA,NA,NA,NA,NA,NA,NA,NA,NA,NA,NA,0,Construction vehicle
2667,12/06/2014 09:23:00 PM,"Bow St and Somerville Ave, Somerville, MA",-71.1003902,42.3814782,2,2,3,3,4,3,2,1,4,NA,2,1,,NA,NA,NA,NA,NA,NA,NA,NA,NA,NA,NA,NA,NA,NA,NA,0,0,0,0,0,,,0,NA,,,,,,,NA,NA,NA,NA,NA,NA,NA,NA,NA,NA,NA,NA,NA,NA,0,
2668,12/06/2014 06:11:00 PM,"Elm St and Grove St, Somerville, MA",-71.1214561,42.3947474,3,2,1,3,1,1,1,1,18,4,,,,NA,NA,NA,NA,NA,NA,NA,NA,NA,NA,NA,NA,NA,NA,NA,0,1,0,1,1,,2,1,NA,1,unk,99,2,,,NA,NA,NA,NA,NA,NA,NA,NA,NA,NA,NA,NA,NA,NA,0,
2669,12/06/2014 07:06:00 PM,"16 Beacon St, Somerville, MA",-71.1025604,42.374749,3,2,1,1,1,1,1,1,4,19,,,,NA,NA,NA,NA,NA,NA,NA,NA,NA,NA,NA,NA,NA,NA,NA,0,1,0,1,1,,5,1,NA,,,99,,,,NA,NA,NA,NA,NA,NA,NA,NA,NA,NA,NA,NA,NA,NA,0,
2670,12/08/2014 11:05:00 AM,"541 Broadway, Somerville, MA",-71.1062464,42.3982057,2,1,1,1,1,3,2,1,4,NA,2,1,,NA,NA,NA,NA,NA,NA,NA,NA,NA,NA,NA,NA,NA,NA,NA,0,0,0,0,0,,,0,NA,,,,,,,NA,NA,NA,NA,NA,NA,NA,NA,NA,NA,NA,NA,NA,NA,0,
2671,12/08/2014 05:58:00 PM,"Elm St and Willow Ave, Somerville, MA",-71.1187665,42.3913149,1,1,1,3,1,1,1,NA,99,NA,,1,,NA,NA,NA,NA,NA,NA,NA,NA,NA,NA,NA,NA,NA,NA,NA,1,0,0,10,1,,1,1,NA,1,24,4,0,,,NA,NA,NA,NA,NA,NA,NA,NA,NA,NA,NA,NA,NA,NA,0,
2672,12/09/2014 01:20:00 AM,"Park St and Eliot St, Somerville, MA",-71.10763,42.3809877,45,4,1,1,1,2,2,1,1,11,1,1,,NA,NA,NA,NA,NA,NA,NA,NA,NA,NA,NA,NA,NA,NA,NA,0,0,0,0,0,,,0,NA,,,,,,,NA,NA,NA,NA,NA,NA,NA,NA,NA,NA,NA,NA,NA,NA,0,
2673,12/09/2014 02:09:00 AM,"50 Dane St, Somerville, MA",-71.1043326,42.3801862,45,4,1,1,4,6,3,2,11,NA,1,1,,1,1,NA,NA,NA,NA,NA,NA,NA,NA,NA,NA,NA,NA,NA,0,0,0,0,0,,,0,NA,,,,,,,NA,NA,NA,NA,NA,NA,NA,NA,NA,NA,NA,NA,NA,NA,0,
2681,12/11/2014 05:30:00 PM,"Pearson Rd and Warner St, Somerville, MA",-71.1150872,42.4020669,3,2,1,2,1,3,2,1,4,NA,1,1,,NA,NA,NA,NA,NA,NA,NA,NA,NA,NA,NA,NA,NA,NA,NA,0,0,0,0,0,,,0,NA,,,,,,,NA,NA,NA,NA,NA,NA,NA,NA,NA,NA,NA,NA,NA,NA,0,
2674,12/09/2014 02:40:00 PM,"91 Gilman St, Somerville, MA",-71.0925265,42.3861517,3,2,1,99,4,1,1,11,NA,NA,,,,NA,NA,NA,NA,NA,NA,NA,NA,NA,NA,NA,NA,NA,NA,NA,0,0,1,0,0,Tree & electrical wires,,0,NA,,,,,,,NA,NA,NA,NA,NA,NA,NA,NA,NA,NA,NA,NA,NA,NA,1,"While responding to cookout, tree & electrical wires came down on SFD truck"
2675,12/10/2014 09:00:00 AM,"Somerville Ave and Prospect St, Somerville, MA",-71.0941078,42.3791063,3,2,3,2,1,3,2,1,4,NA,1,1,,NA,NA,NA,NA,NA,NA,NA,NA,NA,NA,NA,NA,NA,NA,NA,0,0,0,0,0,,,0,NA,,,,,,,NA,NA,NA,NA,NA,NA,NA,NA,NA,NA,NA,NA,NA,NA,0,
2676,12/11/2014 08:32:00 AM,"Park Ave and Chandler, Somerville, MA",-71.122611,42.397993,2,2,1,3,4,3,2,1,10,NA,1,1,,NA,NA,NA,NA,NA,NA,NA,NA,NA,NA,NA,NA,NA,NA,NA,0,0,0,0,0,,,0,NA,,,,,,,NA,NA,NA,NA,NA,NA,NA,NA,NA,NA,NA,NA,NA,NA,0,
2677,12/11/2014 08:39:00 AM,"Pearl St and Wesley St, Somerville, MA",-71.0914017,42.3868234,2,2,2,3,1,1,1,1,1,NA,,,,NA,NA,NA,NA,NA,NA,NA,NA,NA,NA,NA,NA,NA,NA,NA,0,0,1,0,0,Manhole cover,,0,NA,,,,,,,NA,NA,NA,NA,NA,NA,NA,NA,NA,NA,NA,NA,NA,NA,0,
2678,12/11/2014 09:58:00 AM,"75 Washington St, Somerville, MA",-71.084671,42.381824,3,2,1,1,1,2,3,1,5,NA,2,1,,1,1,NA,NA,NA,NA,NA,NA,NA,NA,NA,NA,NA,NA,NA,0,0,0,0,0,,,0,NA,,,,,,,NA,NA,NA,NA,NA,NA,NA,NA,NA,NA,NA,NA,NA,NA,0,
2679,12/11/2014 11:50:00 AM,"Elm St and Davenport St, Somerville, MA",-71.117959,42.3905691,34,2,99,3,2,3,2,1,1,NA,1,1,,NA,NA,NA,NA,NA,NA,NA,NA,NA,NA,NA,NA,NA,NA,NA,0,0,0,0,0,,,0,NA,,,,,,,NA,NA,NA,NA,NA,NA,NA,NA,NA,NA,NA,NA,NA,NA,0,
2680,12/11/2014 11:55:00 AM,"Oliver St and Cross St, Somerville, MA",-71.0891001,42.3842254,4,2,1,2,1,2,1,7,1,NA,,,,NA,NA,NA,NA,NA,NA,NA,NA,NA,NA,NA,NA,NA,NA,NA,0,0,1,0,0,Light pole,,0,NA,,,,,,,NA,NA,NA,NA,NA,NA,NA,NA,NA,NA,NA,NA,NA,NA,0,
2682,12/11/2014 09:17:00 PM,"377 Medford St, Somerville, MA",-71.0976301,42.3898767,2,2,1,1,1,4,2,2,10,NA,,,,NA,NA,NA,NA,NA,NA,NA,NA,NA,NA,NA,NA,NA,NA,NA,0,0,1,0,0,Fence,,0,NA,,,,,,,NA,NA,NA,NA,NA,NA,NA,NA,NA,NA,NA,NA,NA,NA,0,
2683,12/11/2014 06:29:00 PM,"Linden Ave and Summer St, Somerville, MA",-71.1126775,42.389823,3,2,2,2,1,1,1,1,1,NA,,,,NA,NA,NA,NA,NA,NA,NA,NA,NA,NA,NA,NA,NA,NA,NA,1,0,0,4,2,,5,1,NA,1,38,4,0,,,NA,NA,NA,NA,NA,NA,NA,NA,NA,NA,NA,NA,NA,NA,0,
2684,12/12/2014 03:00:00 PM,"Flint St and Cross St, Somerville, MA",-71.0885192,42.3848417,1,1,1,2,1,1,1,6,99,NA,,,,NA,NA,NA,NA,NA,NA,NA,NA,NA,NA,NA,NA,NA,NA,NA,0,0,1,0,0,Street sign,,0,NA,,,,,,,NA,NA,NA,NA,NA,NA,NA,NA,NA,NA,NA,NA,NA,NA,0,