id,date_time,address,lon,lat,Weather,road_surface,traffic_control_device,intersection_type,traffic_way_desc,collision_manner,num_involved_vehicles,vehicle1_configuration,driver1_contrib1,driver1_contrib2,vehicle2_configuration,driver2_contrib1,driver2_contrib2,vehicle3_configuration,driver3_contrib1,driver3_contrib2,vehicle4_configuration,driver4_contrib1,driver4_contrib2,vehicle5_configuration,driver5_contrib1,driver5_contrib2,vehicle6_configuration,driver6_contrib1,driver6_contrib2,vehicle7_configuration,driver7_contrib1,driver7_contrib2,Bicycle,Pedestrian,non_mv,non_motorist_location,non_motorist_action,non_motorist_type,manner_of_non_motorist_collision,Injury,Multiple,Gender1,Age1,Severity1,Hospital1,Gender2,Age2,Severity2,Hospital2,Gender3,Age3,Severity3,Hospital3,Gender4,Age4,Severity4,Hospital4,Gender5,Age5,Severity5,Hospital5,city_vehicle,Notes
2685,12/13/2014 11:45:00 AM,"Washington St and Columbus Ave, Somerville, MA",-71.0930682,42.3795065,1,1,1,3,2,7,2,2,1,NA,2,97,,NA,NA,NA,NA,NA,NA,NA,NA,NA,NA,NA,NA,NA,NA,NA,0,0,0,0,0,,,0,NA,,,,,,,NA,NA,NA,NA,NA,NA,NA,NA,NA,NA,NA,NA,NA,NA,0,
2686,12/13/2014 07:50:00 PM,"299 Broadway, Somerville, MA",-71.0925583,42.3930263,1,1,1,9,2,4,2,1,6,9,1,1,,NA,NA,NA,NA,NA,NA,NA,NA,NA,NA,NA,NA,NA,NA,NA,0,0,0,0,0,,,0,NA,,,,,,,NA,NA,NA,NA,NA,NA,NA,NA,NA,NA,NA,NA,NA,NA,0,
2687,12/13/2014 10:21:00 PM,"421 Broadway, Somerville, MA",-71.0997044,42.3957404,1,1,1,1,1,2,3,1,1,NA,1,1,,1,5,97,NA,NA,NA,NA,NA,NA,NA,NA,NA,NA,NA,NA,0,0,0,0,0,,,1,NA,0,36,3,1,,,NA,NA,NA,NA,NA,NA,NA,NA,NA,NA,NA,NA,NA,NA,0,
2688,12/13/2014 07:21:00 PM,"379 Broadway, Somerville, MA",-71.096732,42.3946452,1,1,1,1,2,1,1,1,9,99,,,,NA,NA,NA,NA,NA,NA,NA,NA,NA,NA,NA,NA,NA,NA,NA,1,0,0,10,2,,7,1,NA,1,47,4,0,,,NA,NA,NA,NA,NA,NA,NA,NA,NA,NA,NA,NA,NA,NA,0,
2710,12/26/2014 07:55:00 AM,"111 Cross St, Somerville, MA",-71.0891774,42.3841534,99,99,99,99,99,99,1,1,21,NA,,,,NA,NA,NA,NA,NA,NA,NA,NA,NA,NA,NA,NA,NA,NA,NA,0,0,1,0,0,Fence,,0,NA,,,,,,,NA,NA,NA,NA,NA,NA,NA,NA,NA,NA,NA,NA,NA,NA,0,
2689,12/13/2014 10:11:00 AM,"7 Holland St, Somerville, MA",-71.1228397,42.3971264,2,1,1,1,1,2,2,97,1,NA,97,1,,NA,NA,NA,NA,NA,NA,NA,NA,NA,NA,NA,NA,NA,NA,NA,0,0,0,0,0,,,0,NA,,,,,,,NA,NA,NA,NA,NA,NA,NA,NA,NA,NA,NA,NA,NA,NA,1,SFD engine struck car that had pulled over to allow it to pass
2690,12/14/2014 12:28:00 AM,"190 Holland St, Somerville, MA",-71.1265571,42.4013784,1,1,1,1,1,1,1,2,7,8,,,,NA,NA,NA,NA,NA,NA,NA,NA,NA,NA,NA,NA,NA,NA,NA,1,0,0,9,2,,2,1,NA,0,33,2,,,,NA,NA,NA,NA,NA,NA,NA,NA,NA,NA,NA,NA,NA,NA,0,
2691,12/14/2014 11:51:00 AM,"Broadway and Bristol Rd, Somerville, MA",-71.1127004,42.4001,1,1,3,2,4,3,2,2,10,NA,,,,NA,NA,NA,NA,NA,NA,NA,NA,NA,NA,NA,NA,NA,NA,NA,0,0,0,0,0,,,1,NA,1,36,3,1,,,NA,NA,NA,NA,NA,NA,NA,NA,NA,NA,NA,NA,NA,NA,1,Intoxicated driver struck parked Aux cruiser during road race
2692,12/15/2014 01:00:00 AM,"88 Albion St, Somerville, MA",-71.1070455,42.3911552,2,1,1,9,1,2,3,NA,99,NA,1,1,,1,99,NA,NA,NA,NA,NA,NA,NA,NA,NA,NA,NA,NA,NA,0,0,0,0,0,,,0,NA,,,,,,,NA,NA,NA,NA,NA,NA,NA,NA,NA,NA,NA,NA,NA,NA,0,
2693,12/15/2014 08:05:00 AM,"Broadway and Clarendon Ave, Somerville, MA",-71.1276129,42.4034575,1,2,1,3,1,3,2,1,13,NA,1,4,,NA,NA,NA,NA,NA,NA,NA,NA,NA,NA,NA,NA,NA,NA,NA,0,0,0,0,0,,,0,NA,,,,,,,NA,NA,NA,NA,NA,NA,NA,NA,NA,NA,NA,NA,NA,NA,0,
2694,12/15/2014 03:01:00 PM,"Holland St and Buena Vista Rd, Somerville, MA",-71.1239122,42.3982181,1,1,1,3,1,1,1,2,4,NA,,,,NA,NA,NA,NA,NA,NA,NA,NA,NA,NA,NA,NA,NA,NA,NA,0,1,0,1,1,,2,1,NA,0,45,3,2,,,NA,NA,NA,NA,NA,NA,NA,NA,NA,NA,NA,NA,NA,NA,0,
2695,12/16/2014 08:48:00 PM,"444 Medford St, Somerville, MA",-71.10123,42.392944,1,1,1,1,1,4,2,1,97,NA,1,1,,NA,NA,NA,NA,NA,NA,NA,NA,NA,NA,NA,NA,NA,NA,NA,0,0,0,0,0,,,0,NA,,,,,,,NA,NA,NA,NA,NA,NA,NA,NA,NA,NA,NA,NA,NA,NA,0,
2696,12/16/2014 07:30:00 AM,"1127 Broadway, Somerville, MA",-71.126627,42.4032125,2,1,1,1,2,1,1,1,99,NA,,,,NA,NA,NA,NA,NA,NA,NA,NA,NA,NA,NA,NA,NA,NA,NA,1,0,0,4,2,,3,1,NA,1,31,4,0,,,NA,NA,NA,NA,NA,NA,NA,NA,NA,NA,NA,NA,NA,NA,0,
2697,12/17/2014 06:30:00 AM,"Broadway and Temple St, Somerville, MA",-71.0934064,42.3925566,3,2,3,3,1,1,1,10,99,NA,,,,NA,NA,NA,NA,NA,NA,NA,NA,NA,NA,NA,NA,NA,NA,NA,0,0,1,0,0,"Walk signal, trash can",,0,NA,,,,,,,NA,NA,NA,NA,NA,NA,NA,NA,NA,NA,NA,NA,NA,NA,0,
2698,12/17/2014 10:53:00 AM,"104 Broadway, Somerville, MA",-71.0836439,42.3874239,2,2,1,1,3,2,2,2,1,NA,1,99,,NA,NA,NA,NA,NA,NA,NA,NA,NA,NA,NA,NA,NA,NA,NA,0,0,0,0,0,,,0,NA,,,,,,,NA,NA,NA,NA,NA,NA,NA,NA,NA,NA,NA,NA,NA,NA,0,
2699,12/17/2014 08:26:00 PM,"Holland St and Cameron Ave, Somerville, MA",-71.126181,42.401052,1,1,1,3,1,1,1,1,4,NA,,,,NA,NA,NA,NA,NA,NA,NA,NA,NA,NA,NA,NA,NA,NA,NA,0,1,0,1,1,,2,1,NA,1,25,3,1,,,NA,NA,NA,NA,NA,NA,NA,NA,NA,NA,NA,NA,NA,NA,0,
2700,12/18/2014 09:31:00 PM,"83 Putnam Rd, Somerville, MA",-71.0878479,42.3983232,1,1,1,1,1,2,2,2,97,NA,,,,NA,NA,NA,NA,NA,NA,NA,NA,NA,NA,NA,NA,NA,NA,NA,0,0,0,0,0,,,0,NA,,,,,,,NA,NA,NA,NA,NA,NA,NA,NA,NA,NA,NA,NA,NA,NA,0,
2701,12/19/2014 12:30:00 PM,"228 Broadway, Somerville, MA",-71.0891896,42.389816,2,1,3,1,2,1,2,2,1,NA,1,1,,NA,NA,NA,NA,NA,NA,NA,NA,NA,NA,NA,NA,NA,NA,NA,0,0,0,0,0,,,0,NA,,,,,,,NA,NA,NA,NA,NA,NA,NA,NA,NA,NA,NA,NA,NA,NA,0,
2702,12/19/2014 08:10:00 PM,"16 Beacon St, Somerville, MA",-71.1025604,42.374749,1,1,1,1,1,2,2,1,1,NA,1,20,,NA,NA,NA,NA,NA,NA,NA,NA,NA,NA,NA,NA,NA,NA,NA,0,0,0,0,0,,,1,NA,1,52,3,1,,,NA,NA,NA,NA,NA,NA,NA,NA,NA,NA,NA,NA,NA,NA,0,
2928,04/29/2015 07:31:00 AM,"Pearl St and McGrath Hwy, Somerville, MA",-71.0904563,42.3865189,1,1,3,2,2,2,NA,1,99,NA,2,99,,NA,NA,NA,NA,NA,NA,NA,NA,NA,NA,NA,NA,NA,NA,NA,0,0,0,NA,,,,1,4,1,40,4,0,0,1,4,0,0,28,4,0,1,6,4,0,NA,NA,NA,NA,0,
2703,12/19/2014 06:15:00 AM,"12 Melville Rd, Somerville, MA",-71.0864498,42.3984946,1,1,1,1,4,5,2,1,12,NA,2,,,NA,NA,NA,NA,NA,NA,NA,NA,NA,NA,NA,NA,NA,NA,NA,0,0,0,0,0,,,0,NA,,,,,,,NA,NA,NA,NA,NA,NA,NA,NA,NA,NA,NA,NA,NA,NA,1,MV struck parked SPD cruiser while at response to call
2704,12/20/2014 10:49:00 AM,"123 Temple St, Somerville, MA",-71.089464,42.395277,2,1,1,9,2,3,2,2,1,NA,1,99,,NA,NA,NA,NA,NA,NA,NA,NA,NA,NA,NA,NA,NA,NA,NA,0,0,0,0,0,,,1,NA,0,22,4,0,,,NA,NA,NA,NA,NA,NA,NA,NA,NA,NA,NA,NA,NA,NA,0,
2705,12/20/2014 05:57:00 PM,"Powder House Blvd and Packard Ave, Somerville, MA",-71.1234739,42.4044589,1,1,2,2,1,1,1,1,1,NA,,,,NA,NA,NA,NA,NA,NA,NA,NA,NA,NA,NA,NA,NA,NA,NA,0,1,0,1,1,,5,1,NA,0,25,4,0,,,NA,NA,NA,NA,NA,NA,NA,NA,NA,NA,NA,NA,NA,NA,0,
2706,12/22/2014 12:00:00 PM,"282 Somerville Ave , Somerville, MA",-71.0946128,42.3787796,1,1,2,99,4,6,1,1,99,NA,,,,NA,NA,NA,NA,NA,NA,NA,NA,NA,NA,NA,NA,NA,NA,NA,0,0,0,0,0,,,1,2,1,81,3,1,0,64,3,1,NA,NA,NA,NA,NA,NA,NA,NA,NA,NA,NA,NA,0,
2707,12/24/2014 04:50:00 PM,"Central St and Albion St, Somerville, MA",-71.1025078,42.3897266,99,99,99,99,99,99,2,1,4,NA,1,1,,NA,NA,NA,NA,NA,NA,NA,NA,NA,NA,NA,NA,NA,NA,NA,0,0,0,0,0,,,1,NA,0,58,4,1,,,NA,NA,NA,NA,NA,NA,NA,NA,NA,NA,NA,NA,NA,NA,0,
2708,12/25/2014 05:52:00 AM,"50C Memorial Rd, Somerville, MA",-71.0934783,42.3965017,3,2,1,1,1,1,1,2,99,NA,,,,NA,NA,NA,NA,NA,NA,NA,NA,NA,NA,NA,NA,NA,NA,NA,0,0,1,0,0,Light pole,,0,NA,,,,,,,NA,NA,NA,NA,NA,NA,NA,NA,NA,NA,NA,NA,NA,NA,0,
2709,12/25/2014 09:15:00 PM,"Central St and Oxford St, Somerville, MA",-71.1038536,42.3878056,3,2,1,3,1,2,2,1,1,NA,2,99,,NA,NA,NA,NA,NA,NA,NA,NA,NA,NA,NA,NA,NA,NA,NA,0,0,0,0,0,,,0,NA,,,,,,,NA,NA,NA,NA,NA,NA,NA,NA,NA,NA,NA,NA,NA,NA,0,
3112,08/07/2015 02:33:00 PM,"30 Inner Belt Rd, Somerville, MA",-71.0798146,42.3794002,1,1,1,3,2,2,NA,1,16,NA,2,1,,NA,NA,NA,NA,NA,NA,NA,NA,NA,NA,NA,NA,NA,NA,NA,0,0,0,NA,,,,1,4,1,37,2,1,0,50,3,1,0,63,3,1,1,64,3,0,NA,NA,NA,NA,0,Medical emergency
2711,12/26/2014 11:02:00 PM,"53 Laurel St, Somerville, MA",-71.1037888,42.3853049,1,1,1,1,4,4,4,1,14,NA,,,,NA,NA,NA,NA,NA,NA,NA,NA,NA,NA,NA,NA,NA,NA,NA,0,0,0,0,0,,,0,NA,,,,,,,NA,NA,NA,NA,NA,NA,NA,NA,NA,NA,NA,NA,NA,NA,0,
2712,12/26/2014 11:33:00 PM,"4 College Ave, Somerville, MA",-71.1223242,42.3969588,1,1,1,1,2,3,2,2,99,NA,2,1,,NA,NA,NA,NA,NA,NA,NA,NA,NA,NA,NA,NA,NA,NA,NA,0,0,0,0,0,,,0,NA,,,,,,,NA,NA,NA,NA,NA,NA,NA,NA,NA,NA,NA,NA,NA,NA,0,
2713,12/27/2014 12:49:00 PM,"137 Washington St and Joy St, Somerville, MA",-71.0885832,42.3806671,1,1,1,9,1,4,2,2,4,NA,2,1,,NA,NA,NA,NA,NA,NA,NA,NA,NA,NA,NA,NA,NA,NA,NA,0,0,0,0,0,,,0,NA,,,,,,,NA,NA,NA,NA,NA,NA,NA,NA,NA,NA,NA,NA,NA,NA,0,
2714,12/28/2014 09:09:00 AM,"53 Laurel St, Somerville, MA",-71.1037888,42.3853049,2,1,1,1,4,2,2,1,12,NA,,,,NA,NA,NA,NA,NA,NA,NA,NA,NA,NA,NA,NA,NA,NA,NA,0,0,0,0,0,,,0,NA,,,,,,,NA,NA,NA,NA,NA,NA,NA,NA,NA,NA,NA,NA,NA,NA,0,
2715,12/30/2014 05:24:00 PM,"594 Somerville Ave, Somerville, MA",-71.109411,42.3833198,1,1,1,1,1,1,1,1,4,NA,,,,NA,NA,NA,NA,NA,NA,NA,NA,NA,NA,NA,NA,NA,NA,NA,1,0,0,10,2,,1,0,NA,,,,,,,NA,NA,NA,NA,NA,NA,NA,NA,NA,NA,NA,NA,NA,NA,0,
2716,12/31/2014 09:30:00 AM,"Washington St and Joy St, Somerville, MA",-71.0885832,42.3806671,1,1,1,99,99,1,1,1,13,NA,,,,NA,NA,NA,NA,NA,NA,NA,NA,NA,NA,NA,NA,NA,NA,NA,0,1,0,1,1,,2,1,NA,0,41,2,1,,,NA,NA,NA,NA,NA,NA,NA,NA,NA,NA,NA,NA,NA,NA,0,
2717,01/02/2015 08:51:00 AM,"Washington St and Kingman Rd, Somerville, MA",-71.0972515,42.3795522,99,99,99,99,99,99,NA,99,99,NA,1,99,,NA,NA,NA,NA,NA,NA,NA,NA,NA,NA,NA,NA,NA,NA,NA,0,0,0,0,0,,,0,NA,,,,,,,NA,NA,NA,NA,NA,NA,NA,NA,NA,NA,NA,NA,NA,NA,0,
3281,11/12/2015 05:41:00 PM,"Mystic Ave, Somerville, MA",-71.0870163,42.394168,3,2,7,1,4,2,NA,2,5,NA,2,1,,1,1,NA,1,1,NA,NA,NA,NA,NA,NA,NA,NA,NA,NA,0,0,0,NA,,,,0,NA,,,,,,,NA,NA,NA,NA,NA,NA,NA,NA,NA,NA,NA,NA,NA,NA,0,
2718,01/03/2015 06:14:00 PM,"Bow St and Somerville Ave, Somerville, MA",-71.1003902,42.3814782,4,3,3,4,1,3,NA,1,1,NA,2,3,8,NA,NA,NA,NA,NA,NA,NA,NA,NA,NA,NA,NA,NA,NA,NA,0,0,0,NA,,,,0,NA,,,,,,,NA,NA,NA,NA,NA,NA,NA,NA,NA,NA,NA,NA,NA,NA,0,
2719,01/03/2015 09:15:00 PM,"Highland Ave and Holland Street, Somerville, MA",-71.1252368,42.3998502,"3, 4",2,3,8,1,6,NA,1,1,NA,2,3,,NA,NA,NA,NA,NA,NA,NA,NA,NA,NA,NA,NA,NA,NA,NA,0,0,0,NA,,,,0,NA,,,,,,,NA,NA,NA,NA,NA,NA,NA,NA,NA,NA,NA,NA,NA,NA,0,
2720,01/03/2015 07:46:00 PM,"75 Cross St, Somerville, MA",-71.0881897,42.3855541,4,2,1,1,1,4,NA,1,3,NA,8,1,,NA,NA,NA,NA,NA,NA,NA,NA,NA,NA,NA,NA,NA,NA,NA,0,0,0,NA,,,,0,NA,,,,,,,NA,NA,NA,NA,NA,NA,NA,NA,NA,NA,NA,NA,NA,NA,1,Passing car struck SFD engine door as it was opening
2721,01/04/2015 01:10:00 AM,"16 Broadway, Somerville, MA",-71.0785102,42.3859283,"3, 4",7,1,1,4,2,NA,1,1,NA,1,1,,NA,NA,NA,NA,NA,NA,NA,NA,NA,NA,NA,NA,NA,NA,NA,0,0,0,NA,,,,1,2,0,22,3,1,1,23,3,1,NA,NA,NA,NA,NA,NA,NA,NA,NA,NA,NA,NA,0,
2722,01/04/2015 09:05:00 AM,"58 Main St, Somerville, MA",-71.0991839,42.397158,2,2,1,1,1,2,NA,1,99,NA,1,1,,NA,NA,NA,NA,NA,NA,NA,NA,NA,NA,NA,NA,NA,NA,NA,0,0,0,NA,,,,0,NA,,,,,,,NA,NA,NA,NA,NA,NA,NA,NA,NA,NA,NA,NA,NA,NA,0,
2723,01/04/2015 06:06:00 PM,"67 Broadway, Somerville, MA",-71.081068,42.3871324,2,2,1,1,2,1,1,1,4,NA,,,,NA,NA,NA,NA,NA,NA,NA,NA,NA,NA,NA,NA,NA,NA,NA,0,1,0,1,1,,5,1,NA,1,28,3,1,,,NA,NA,NA,NA,NA,NA,NA,NA,NA,NA,NA,NA,NA,NA,0,
2724,01/05/2015 07:45:00 AM,"689 Somerville Ave, Somerville, MA",-71.1129319,42.3854236,1,1,1,1,1,2,NA,1,99,NA,1,99,,NA,NA,NA,NA,NA,NA,NA,NA,NA,NA,NA,NA,NA,NA,NA,0,0,0,NA,,,,0,NA,,,,,,,NA,NA,NA,NA,NA,NA,NA,NA,NA,NA,NA,NA,NA,NA,0,
2725,01/05/2015 06:58:00 AM,"Broadway and Montgomery Ave, Somerville, MA",-71.0901356,42.3905031,1,1,2,3,3,1,1,2,19,NA,,,,NA,NA,NA,NA,NA,NA,NA,NA,NA,NA,NA,NA,NA,NA,NA,0,1,0,4,1,,1,1,NA,1,27,99,1,,,NA,NA,NA,NA,NA,NA,NA,NA,NA,NA,NA,NA,NA,NA,0,
2726,01/05/2015 03:12:00 PM,"Broadway and Temple St, Somerville, MA",-71.0934064,42.3925566,1,1,3,3,3,1,1,1,1,NA,,,,NA,NA,NA,NA,NA,NA,NA,NA,NA,NA,NA,NA,NA,NA,NA,0,1,0,4,1,,5,1,NA,0,28,4,1,,,NA,NA,NA,NA,NA,NA,NA,NA,NA,NA,NA,NA,NA,NA,0,
2727,01/06/2015 11:00:00 AM,"410 Highland Ave, Somerville, MA",-71.1215144,42.3959817,,,,,,,2,2,1,NA,6,1,,NA,NA,NA,NA,NA,NA,NA,NA,NA,NA,NA,NA,NA,NA,NA,0,0,0,0,0,,,0,NA,,,,,,,NA,NA,NA,NA,NA,NA,NA,NA,NA,NA,NA,NA,NA,NA,1,Boom from DPW vehicle struck light of parked SFD vehicle
2728,01/07/2015 05:00:00 PM,"48 Prescott St, Somerville, MA",-71.098705,42.385683,1,3,1,1,1,3,NA,1,99,NA,2,1,,NA,NA,NA,NA,NA,NA,NA,NA,NA,NA,NA,NA,NA,NA,NA,0,0,0,NA,,,,0,NA,,,,,,,NA,NA,NA,NA,NA,NA,NA,NA,NA,NA,NA,NA,NA,NA,0,
2729,01/08/2015 07:30:00 AM,"Broadway and Waterhouse St, Somerville, MA",-71.13165,42.4059739,1,1,3,3,1,4,NA,1,9,NA,1,1,,1,1,NA,NA,NA,NA,NA,NA,NA,NA,NA,NA,NA,NA,NA,0,0,0,NA,,,,0,NA,,,,,,,NA,NA,NA,NA,NA,NA,NA,NA,NA,NA,NA,NA,NA,NA,0,
2730,01/08/2015 08:34:00 AM,"Broadway and North St, Somerville, MA",-71.1313375,42.4058176,1,1,3,3,1,2,NA,2,99,NA,1,1,,NA,NA,NA,NA,NA,NA,NA,NA,NA,NA,NA,NA,NA,NA,NA,0,0,0,NA,,,,0,NA,,,,,,,NA,NA,NA,NA,NA,NA,NA,NA,NA,NA,NA,NA,NA,NA,0,
2731,01/10/2015 08:17:00 AM,"117 Elm St, Somerville, MA",-71.1174357,42.390312,1,1,1,1,1,3,1,2,1,NA,,,,NA,NA,NA,NA,NA,NA,NA,NA,NA,NA,NA,NA,NA,NA,NA,0,1,0,1,1,,5,1,NA,0,36,4,1,,,NA,NA,NA,NA,NA,NA,NA,NA,NA,NA,NA,NA,NA,NA,0,
2732,01/11/2015 09:40:00 AM,"Powderhouse Blvd and Broadway, Somerville, MA",-71.1164553,42.4010987,1,2,1,7,1,4,NA,2,4,NA,1,1,,NA,NA,NA,NA,NA,NA,NA,NA,NA,NA,NA,NA,NA,NA,NA,0,0,0,NA,,,,1,NA,0,59,4,1,,,NA,NA,NA,NA,NA,NA,NA,NA,NA,NA,NA,NA,NA,NA,0,
2733,01/12/2015 12:30:00 PM,"Middlesex Ave and Foley St, Somerville, MA",-71.0830133,42.3926273,2,2,3,3,2,6,NA,1,1,1,1,1,1,NA,NA,NA,NA,NA,NA,NA,NA,NA,NA,NA,NA,NA,NA,NA,0,0,0,NA,,,,0,NA,,,,,,,NA,NA,NA,NA,NA,NA,NA,NA,NA,NA,NA,NA,NA,NA,0,
2734,01/12/2015 09:18:00 PM,"Hanson St and Washington St, Somerville, MA",-71.1051932,42.378545,2,2,2,3,1,3,NA,1,1,NA,1,1,,1,NA,NA,1,1,NA,1,1,NA,NA,NA,NA,NA,NA,NA,0,0,0,NA,,,,0,NA,,,,,,,NA,NA,NA,NA,NA,NA,NA,NA,NA,NA,NA,NA,NA,NA,0,
2735,01/13/2015 08:30:00 AM,"Buena Vista and Meachem Rd, Somerville, MA",-71.1244863,42.396946,1,1,2,3,1,3,NA,2,3,NA,1,1,,1,NA,NA,NA,NA,NA,NA,NA,NA,NA,NA,NA,NA,NA,NA,0,0,0,NA,,,,0,NA,,,,,,,NA,NA,NA,NA,NA,NA,NA,NA,NA,NA,NA,NA,NA,NA,0,
2736,01/13/2015 08:14:00 PM,"Pickney St and Washington St, Somerville, MA",-71.0823553,42.3819102,1,1,2,3,1,3,NA,1,1,NA,1,1,,NA,NA,NA,NA,NA,NA,NA,NA,NA,NA,NA,NA,NA,NA,NA,0,0,0,NA,,,,1,NA,0,32,4,0,,,NA,NA,NA,NA,NA,NA,NA,NA,NA,NA,NA,NA,NA,NA,0,
2737,01/13/2015 04:05:00 PM,"100 Bristol Rd, Somerville, MA",-71.1128399,42.4004829,1,1,1,1,4,1,1,1,1,NA,,,,NA,NA,NA,NA,NA,NA,NA,NA,NA,NA,NA,NA,NA,NA,NA,0,1,0,4,1,,5,1,NA,0,9,2,1,,,NA,NA,NA,NA,NA,NA,NA,NA,NA,NA,NA,NA,NA,NA,0,
2738,01/16/2015 06:45:00 PM,"15 Bailey Rd, Somerville, MA",-71.086504,42.39485,1,1,1,1,1,1,NA,1,6,NA,1,,,NA,NA,NA,NA,NA,NA,NA,NA,NA,NA,NA,NA,NA,NA,NA,0,0,0,NA,,,,0,NA,,,,,,,NA,NA,NA,NA,NA,NA,NA,NA,NA,NA,NA,NA,NA,NA,0,Made u-turn and hit parked car
2739,01/17/2015 02:32:00 PM,"Pearl St and Medford St, Somerville, MA",-71.0962952,42.3882985,1,1,2,4,1,2,NA,1,99,NA,1,99,,NA,NA,NA,NA,NA,NA,NA,NA,NA,NA,NA,NA,NA,NA,NA,0,0,0,NA,,,,0,NA,,,,,,,NA,NA,NA,NA,NA,NA,NA,NA,NA,NA,NA,NA,NA,NA,0,
2740,01/18/2015 06:06:00 PM,"1 Clark St, Somerville, MA",-71.0962972,42.3777683,3,2,1,1,4,3,NA,2,1,NA,2,1,,NA,NA,NA,NA,NA,NA,NA,NA,NA,NA,NA,NA,NA,NA,NA,0,0,0,NA,,,,0,NA,,,,,,,NA,NA,NA,NA,NA,NA,NA,NA,NA,NA,NA,NA,NA,NA,0,MV backing out of driveway hit parked car
2741,01/18/2015 10:50:00 PM,"Mystic Ave and Grand Union Blvd, Somerville, MA",-71.0811238,42.3948591,3,2,3,2,2,6,NA,1,3,NA,1,1,,NA,NA,NA,NA,NA,NA,NA,NA,NA,NA,NA,NA,NA,NA,NA,0,0,0,NA,,,,0,NA,,,,,,,NA,NA,NA,NA,NA,NA,NA,NA,NA,NA,NA,NA,NA,NA,0,
2742,01/19/2015 12:10:00 AM,"Highland Ave and Willow Ave, Somerville, MA",-71.1168102,42.3941136,3,2,2,2,1,4,2,1,1,1,1,1,1,NA,NA,NA,NA,NA,NA,NA,NA,NA,NA,NA,NA,NA,NA,NA,0,0,1,0,0,Hydrant,,0,NA,,,,,,,NA,NA,NA,NA,NA,NA,NA,NA,NA,NA,NA,NA,NA,NA,0,
2743,01/19/2015 10:18:00 AM,"Powderhouse Blvd and North St, Somerville, MA",-71.1302644,42.4073825,1,1,3,2,1,1,1,1,1,NA,,,,NA,NA,NA,NA,NA,NA,NA,NA,NA,NA,NA,NA,NA,NA,NA,0,1,0,1,1,,1,1,NA,0,28,4,1,,,NA,NA,NA,NA,NA,NA,NA,NA,NA,NA,NA,NA,NA,NA,0,
2744,01/19/2015 08:32:00 PM,"Washington St and Myrtle St, Somerville, MA",-71.083928,42.3816588,1,1,1,3,1,3,2,NA,1,NA,1,4,97,NA,NA,NA,NA,NA,NA,NA,NA,NA,NA,NA,NA,NA,NA,NA,0,0,0,0,0,,,0,NA,,,,,,,NA,NA,NA,NA,NA,NA,NA,NA,NA,NA,NA,NA,NA,NA,1,SPD cruiser responding to emergency turned right; MV pulled over but did not stop driving & struck cruiser in intersection
2745,01/21/2015 08:27:00 AM,"Newton St and Webster Ave, Somerville, MA",-71.095842,42.3778737,1,1,2,3,4,1,1,4,1,NA,,,,NA,NA,NA,NA,NA,NA,NA,NA,NA,NA,NA,NA,NA,NA,NA,0,0,1,0,0,Guard rail,,0,NA,,,,,,,NA,NA,NA,NA,NA,NA,NA,NA,NA,NA,NA,NA,NA,NA,0,
2746,01/21/2015 12:08:00 PM,"Bow St and Warren Ave, Somerville, MA",-71.0967461,42.3803419,1,1,2,3,4,3,NA,7,1,1,1,3,4,NA,NA,NA,NA,NA,NA,NA,NA,NA,NA,NA,NA,NA,NA,NA,0,0,0,NA,,,,0,NA,,,,,,,NA,NA,NA,NA,NA,NA,NA,NA,NA,NA,NA,NA,NA,NA,0,
2747,01/21/2015 05:34:00 PM,"Pinckney St and Washington St, Somerville, MA",-71.0823553,42.3819102,1,1,2,3,4,3,NA,1,99,NA,8,99,,1,99,NA,8,99,NA,8,99,NA,NA,NA,NA,NA,NA,NA,0,0,0,NA,,,,1,NA,1,62,4,1,,,NA,NA,NA,NA,NA,NA,NA,NA,NA,NA,NA,NA,NA,NA,0,
2748,01/22/2015 02:30:00 PM,"Summer St and Lowell St, Somerville, MA",-71.1096232,42.3877952,1,1,2,2,1,3,NA,1,99,NA,1,99,,NA,NA,NA,NA,NA,NA,NA,NA,NA,NA,NA,NA,NA,NA,NA,0,0,0,NA,,,,0,NA,,,,,,,NA,NA,NA,NA,NA,NA,NA,NA,NA,NA,NA,NA,NA,NA,0,
2749,01/22/2015 11:00:00 PM,"Highland Ave and School St, Somerville, MA",-71.0987169,42.3868313,1,1,3,3,1,2,NA,1,1,1,2,5,5,NA,NA,NA,NA,NA,NA,NA,NA,NA,NA,NA,NA,NA,NA,NA,0,0,0,NA,,,,0,NA,,,,,,,NA,NA,NA,NA,NA,NA,NA,NA,NA,NA,NA,NA,NA,NA,0,