id,date_time,address,lon,lat,Weather,road_surface,traffic_control_device,intersection_type,traffic_way_desc,collision_manner,num_involved_vehicles,vehicle1_configuration,driver1_contrib1,driver1_contrib2,vehicle2_configuration,driver2_contrib1,driver2_contrib2,vehicle3_configuration,driver3_contrib1,driver3_contrib2,vehicle4_configuration,driver4_contrib1,driver4_contrib2,vehicle5_configuration,driver5_contrib1,driver5_contrib2,vehicle6_configuration,driver6_contrib1,driver6_contrib2,vehicle7_configuration,driver7_contrib1,driver7_contrib2,Bicycle,Pedestrian,non_mv,non_motorist_location,non_motorist_action,non_motorist_type,manner_of_non_motorist_collision,Injury,Multiple,Gender1,Age1,Severity1,Hospital1,Gender2,Age2,Severity2,Hospital2,Gender3,Age3,Severity3,Hospital3,Gender4,Age4,Severity4,Hospital4,Gender5,Age5,Severity5,Hospital5,city_vehicle,Notes
2750,01/23/2015 12:59:00 PM,"109 Temple St, Somerville, MA",-71.0901797,42.3953788,1,1,1,1,1,6,NA,1,9,10,1,1,,NA,NA,NA,NA,NA,NA,NA,NA,NA,NA,NA,NA,NA,NA,NA,0,0,0,NA,,,,1,2,1,16,3,1,1,32,3,1,NA,NA,NA,NA,NA,NA,NA,NA,NA,NA,NA,NA,0,15003164
2751,01/23/2015 05:30:00 PM,"Central St and Willoughby St, Somerville, MA",-71.1024315,42.3898434,1,1,2,3,1,1,1,1,1,NA,,,,NA,NA,NA,NA,NA,NA,NA,NA,NA,NA,NA,NA,NA,NA,NA,1,0,0,2,1,,5,0,NA,,,,,,,NA,NA,NA,NA,NA,NA,NA,NA,NA,NA,NA,NA,NA,NA,0,
2752,01/24/2015 07:27:00 AM,"Craigie and Somerville Ave, Somerville, MA",-71.1128913,42.3852149,"4, 8",3,1,4,1,1,1,2,99,NA,,,,NA,NA,NA,NA,NA,NA,NA,NA,NA,NA,NA,NA,NA,NA,NA,0,0,1,0,0,Street sign,,0,NA,,,,,,,NA,NA,NA,NA,NA,NA,NA,NA,NA,NA,NA,NA,NA,NA,0,
2753,01/24/2015 07:28:00 AM,"Somerville Ave and Properzi Way, Somerville, MA",-71.1050939,42.3829252,4,4,1,3,1,2,NA,1,1,NA,1,1,,NA,NA,NA,NA,NA,NA,NA,NA,NA,NA,NA,NA,NA,NA,NA,0,0,0,NA,,,,0,NA,,,,,,,NA,NA,NA,NA,NA,NA,NA,NA,NA,NA,NA,NA,NA,NA,0,
2754,01/25/2015 09:41:00 AM,"70 Middlesex Ave, Somerville, MA",-71.0830333,42.3926299,1,2,1,1,1,1,NA,1,1,1,1,1,1,NA,NA,NA,NA,NA,NA,NA,NA,NA,NA,NA,NA,NA,NA,NA,0,0,0,NA,,,,0,NA,,,,,,,NA,NA,NA,NA,NA,NA,NA,NA,NA,NA,NA,NA,NA,NA,0,
2755,01/25/2015 01:41:00 PM,"Broadway and Temple St, Somerville, MA",-71.0934064,42.3925566,4,"3, 4",4,1,2,4,NA,NA,99,NA,,99,,NA,NA,NA,NA,NA,NA,NA,NA,NA,NA,NA,NA,NA,NA,NA,0,0,0,NA,,,,0,NA,,,,,,,NA,NA,NA,NA,NA,NA,NA,NA,NA,NA,NA,NA,NA,NA,0,
2756,01/26/2015 01:50:00 AM,"332 Summer, Somerville, MA",-71.1182829,42.3929894,4,4,99,1,4,5,NA,1,8,8,`,99,,NA,NA,NA,NA,NA,NA,NA,NA,NA,NA,NA,NA,NA,NA,NA,0,0,0,NA,,,,0,NA,,,,,,,NA,NA,NA,NA,NA,NA,NA,NA,NA,NA,NA,NA,NA,NA,0,
2757,01/26/2015 10:39:00 AM,"Broadway and Clarendon Ave, Somerville, MA",-71.1276129,42.4034575,1,6,3,3,1,2,NA,1,99,NA,,,,NA,NA,NA,NA,NA,NA,NA,NA,NA,NA,NA,NA,NA,NA,NA,0,0,0,NA,,,,0,NA,,,,,,,NA,NA,NA,NA,NA,NA,NA,NA,NA,NA,NA,NA,NA,NA,0,
2758,01/26/2015 05:28:00 PM,"Summer St and Quincy St, Somerville, MA",-71.0998623,42.3837976,4,2,2,2,1,3,2,1,3,NA,1,,,NA,NA,NA,NA,NA,NA,NA,NA,NA,NA,NA,NA,NA,NA,NA,0,0,0,0,0,,,0,NA,,,,,,,NA,NA,NA,NA,NA,NA,NA,NA,NA,NA,NA,NA,NA,NA,1,"MV failed to yield at stop sign, struck unmarked SPD travelling through intersection"
2759,01/28/2015 08:45:00 AM,"50 Russell St, Somerville, MA",-71.1213322,42.3934926,4,2,1,1,4,2,2,6,1,NA,1,1,,NA,NA,NA,NA,NA,NA,NA,NA,NA,NA,NA,NA,NA,NA,NA,0,0,0,0,0,,,0,NA,,,,,,,NA,NA,NA,NA,NA,NA,NA,NA,NA,NA,NA,NA,NA,NA,1,DPW plow backed into MV while clearing snow
2760,01/29/2015 05:43:00 AM,"Meachem Rd and Edgar Ave, Somerville, MA",-71.095887,42.3973071,99,99,99,99,99,99,NA,NA,NA,NA,,,,NA,NA,NA,NA,NA,NA,NA,NA,NA,NA,NA,NA,NA,NA,NA,0,0,0,NA,,,,0,NA,,,,,,,NA,NA,NA,NA,NA,NA,NA,NA,NA,NA,NA,NA,NA,NA,0,
2761,01/29/2015 11:00:00 AM,"Bond St and Heath St, Somerville, MA",-71.0959078,42.3953106,1,3,2,3,1,1,1,6,99,NA,,,,NA,NA,NA,NA,NA,NA,NA,NA,NA,NA,NA,NA,NA,NA,NA,0,0,1,0,0,Stop sign,,0,NA,,,,,,,NA,NA,NA,NA,NA,NA,NA,NA,NA,NA,NA,NA,NA,NA,0,
2762,01/29/2015 08:03:00 AM,"Elm St  and White St, Somerville, MA",-71.1169921,42.3896347,1,7,1,3,1,1,1,1,1,NA,,,,NA,NA,NA,NA,NA,NA,NA,NA,NA,NA,NA,NA,NA,NA,NA,0,1,0,1,1,,5,1,NA,0,24,4,1,,,NA,NA,NA,NA,NA,NA,NA,NA,NA,NA,NA,NA,NA,NA,0,
2763,01/30/2015 04:30:00 PM,"86 Highand Ave, Somerville, MA",-71.098114,42.3864,4,2,3,1,1,2,NA,1,1,NA,1,1,,NA,NA,NA,NA,NA,NA,NA,NA,NA,NA,NA,NA,NA,NA,NA,0,0,0,NA,,,,1,NA,1,33,4,0,,,NA,NA,NA,NA,NA,NA,NA,NA,NA,NA,NA,NA,NA,NA,0,
2764,02/01/2015 04:26:00 PM,"80 Webster Ave, Somerville, MA",-71.0947318,42.3752034,1,1,1,1,1,4,NA,2,1,NA,2,1,,NA,NA,NA,NA,NA,NA,NA,NA,NA,NA,NA,NA,NA,NA,NA,0,0,0,NA,,,,0,NA,,,,,,,NA,NA,NA,NA,NA,NA,NA,NA,NA,NA,NA,NA,NA,NA,0,
2765,02/02/2015 07:11:00 AM,"Medford St and Somerville Ave, Somerville, MA",-71.1129435,42.3851277,"4, 8",3,3,3,1,2,NA,2,1,NA,1,11,,NA,NA,NA,NA,NA,NA,NA,NA,NA,NA,NA,NA,NA,NA,NA,0,0,0,NA,,,,0,NA,,,,,,,NA,NA,NA,NA,NA,NA,NA,NA,NA,NA,NA,NA,NA,NA,0,
2766,02/02/2015 10:50:00 PM,"72 Flint St, Somerville, MA",-71.0893995,42.3850074,4,3,1,1,1,4,NA,13,1,NA,1,,,NA,NA,NA,NA,NA,NA,NA,NA,NA,NA,NA,NA,NA,NA,NA,0,0,0,NA,,,,0,NA,,,,,,,NA,NA,NA,NA,NA,NA,NA,NA,NA,NA,NA,NA,NA,NA,0,
2767,02/02/2015 08:15:00 AM,"Broadway and Sargent Ave, Somerville, MA",-71.091949,42.3916851,"4, 5",3,1,3,4,4,2,2,1,1,2,1,1,NA,NA,NA,NA,NA,NA,NA,NA,NA,NA,NA,NA,NA,NA,NA,0,0,0,0,0,,,0,NA,,,,,,,NA,NA,NA,NA,NA,NA,NA,NA,NA,NA,NA,NA,NA,NA,1,"Heavy snow; MV tried to pass DPW plow, lost control & sideswiped"
2768,02/02/2015 08:45:00 PM,"152 Curtis St, Somerville, MA",-71.1241119,42.4084142,"4, 8",3,1,1,1,2,2,6,1,NA,1,1,,NA,NA,NA,NA,NA,NA,NA,NA,NA,NA,NA,NA,NA,NA,NA,0,0,0,0,0,,,0,NA,,,,,,,NA,NA,NA,NA,NA,NA,NA,NA,NA,NA,NA,NA,NA,NA,1,City vehicle op lost control in heavy snow & rear-ended MV
2769,02/03/2015 08:03:00 AM,"32 Marshall St, Somerville, MA",-71.093406,42.391226,1,3,1,1,4,3,NA,2,4,NA,1,1,,1,NA,NA,NA,NA,NA,NA,NA,NA,NA,NA,NA,NA,NA,NA,0,0,0,NA,,,,0,NA,,,,,,,NA,NA,NA,NA,NA,NA,NA,NA,NA,NA,NA,NA,NA,NA,0,
2770,02/03/2015 12:30:00 PM,"Elm St and Day St, Somerville, MA",-71.1224043,42.396253,1,3,3,4,,1,1,NA,NA,NA,,,,NA,NA,NA,NA,NA,NA,NA,NA,NA,NA,NA,NA,NA,NA,NA,0,0,1,0,0,Traffic light,,0,NA,,,,,,,NA,NA,NA,NA,NA,NA,NA,NA,NA,NA,NA,NA,NA,NA,1,"Contractor; doing snow removal, backed into traffic light"
2771,02/03/2015 01:35:00 PM,"Holland St and Buena Vista Rd, Somerville, MA",-71.1239122,42.3982181,1,2,1,1,1,2,2,6,99,NA,13,,,NA,NA,NA,NA,NA,NA,NA,NA,NA,NA,NA,NA,NA,NA,NA,0,0,0,0,0,,,0,NA,,,,,,,NA,NA,NA,NA,NA,NA,NA,NA,NA,NA,NA,NA,NA,NA,1,MV sideswiped parked SFD engine
2772,02/03/2015 06:57:00 PM,"Central St, Somerville, MA",-71.1028442,42.3892476,1,3,1,1,1,5,2,2,11,NA,2,1,,NA,NA,NA,NA,NA,NA,NA,NA,NA,NA,NA,NA,NA,NA,NA,0,0,0,0,0,,,0,NA,,,,,,,NA,NA,NA,NA,NA,NA,NA,NA,NA,NA,NA,NA,NA,NA,1,SPD cruiser & MV touched mirrors; road width reduced by snow bank
2773,02/04/2015 01:46:00 AM,"640 Mystic Ave, Somerville, MA",-71.0947337,42.3992669,8,3,99,9,99,99,NA,2,99,NA,,,,NA,NA,NA,NA,NA,NA,NA,NA,NA,NA,NA,NA,NA,NA,NA,0,0,0,NA,,,,0,NA,,,,,,,NA,NA,NA,NA,NA,NA,NA,NA,NA,NA,NA,NA,NA,NA,0,
2774,02/04/2015 06:38:00 AM,"Broadway and School St, Somerville, MA",-71.0944105,42.3932298,4,3,99,99,99,2,NA,1,99,NA,1,1,1,NA,NA,NA,NA,NA,NA,NA,NA,NA,NA,NA,NA,NA,NA,NA,0,0,0,NA,,,,0,NA,,,,,,,NA,NA,NA,NA,NA,NA,NA,NA,NA,NA,NA,NA,NA,NA,0,
2775,02/04/2015 08:00:00 PM,"Powderhouse Blvd and Packard Ave, Somerville, MA",-71.1234739,42.4044589,99,99,99,99,99,99,NA,2,7,NA,2,1,,NA,NA,NA,NA,NA,NA,NA,NA,NA,NA,NA,NA,NA,NA,NA,0,0,0,NA,,,,0,NA,,,,,,,NA,NA,NA,NA,NA,NA,NA,NA,NA,NA,NA,NA,NA,NA,0,
2776,02/05/2015 06:30:00 AM,"Broadway and Packard Ave, Somerville, MA",-71.1249528,42.4022912,"3, 4",4,3,3,1,6,NA,13,1,NA,1,1,,1,NA,NA,NA,NA,NA,NA,NA,NA,NA,NA,NA,NA,NA,NA,0,0,0,NA,,,,0,NA,,,,,,,NA,NA,NA,NA,NA,NA,NA,NA,NA,NA,NA,NA,NA,NA,0,
2777,02/05/2015 03:06:00 PM,"Medford St and Sycamore St, Somerville, MA",-71.0994049,42.3913289,1,3,3,2,1,2,NA,2,1,NA,1,19,,NA,NA,NA,NA,NA,NA,NA,NA,NA,NA,NA,NA,NA,NA,NA,0,0,0,NA,,,,1,NA,1,36,4,1,,,NA,NA,NA,NA,NA,NA,NA,NA,NA,NA,NA,NA,NA,NA,0,
2778,02/05/2015 08:28:00 AM,"157 Walnut St, Somerville, MA",-71.09156,42.389537,4,3,1,1,4,4,2,6,1,NA,1,,,NA,NA,NA,NA,NA,NA,NA,NA,NA,NA,NA,NA,NA,NA,NA,0,0,0,0,0,,,0,NA,,,,,,,NA,NA,NA,NA,NA,NA,NA,NA,NA,NA,NA,NA,NA,NA,1,SFD engine sideswiped parked car; narrow street
2779,02/05/2015 08:39:00 AM,"Bigelow St and Monroe St, Somerville, MA",-71.0938994,42.3822003,35,2,1,3,1,4,2,13,1,NA,1,,,NA,NA,NA,NA,NA,NA,NA,NA,NA,NA,NA,NA,NA,NA,NA,0,0,0,0,0,,,0,NA,,,,,,,NA,NA,NA,NA,NA,NA,NA,NA,NA,NA,NA,NA,NA,NA,1,DPW vehicle took bumper off parked car
2780,02/05/2015 09:27:00 AM,"38 Harrison St, Somerville, MA",-71.1099453,42.3818954,4,3,1,1,4,3,2,1,4,NA,2,1,,NA,NA,NA,NA,NA,NA,NA,NA,NA,NA,NA,NA,NA,NA,NA,0,0,0,0,0,,,0,NA,,,,,,,NA,NA,NA,NA,NA,NA,NA,NA,NA,NA,NA,NA,NA,NA,1,MV exiting driveway struck DPW vehicle; claimed snow banks obscured
2781,02/05/2015 03:33:00 PM,"254 Highland Ave, Somerville, MA",-71.1104518,42.3911243,34,2,1,1,2,1,2,NA,1,NA,,1,,NA,NA,NA,NA,NA,NA,NA,NA,NA,NA,NA,NA,NA,NA,NA,0,0,0,0,0,,,0,NA,,,,,,,NA,NA,NA,NA,NA,NA,NA,NA,NA,NA,NA,NA,NA,NA,1,"Contractor; removing snow, sideswiped parked MV"
2782,02/05/2015 05:45:00 PM,"Tufts St and Knowlton St, Somerville, MA",-71.0876256,42.3810935,1,4,1,3,1,5,2,1,99,NA,97,99,,NA,NA,NA,NA,NA,NA,NA,NA,NA,NA,NA,NA,NA,NA,NA,0,0,0,0,0,,,0,NA,,,,,,,NA,NA,NA,NA,NA,NA,NA,NA,NA,NA,NA,NA,NA,NA,1,"Contractor; front loader removing snow, backed into intersection; struck MV driving straight through intersection"
2783,02/05/2015 07:08:00 PM,"65 Oxford St, Somerville, MA",-71.1018646,42.3873064,35,4,1,1,4,4,2,8,1,NA,2,1,,NA,NA,NA,NA,NA,NA,NA,NA,NA,NA,NA,NA,NA,NA,NA,0,0,0,0,0,,,0,NA,,,,,,,NA,NA,NA,NA,NA,NA,NA,NA,NA,NA,NA,NA,NA,NA,1,SFD engine sideswiped parked car; narrow street
2784,02/05/2015 08:00:00 PM,"16 Perry St, Somerville, MA",-71.1012767,42.3787525,99,99,99,99,99,99,2,7,1,1,1,,,NA,NA,NA,NA,NA,NA,NA,NA,NA,NA,NA,NA,NA,NA,NA,0,0,0,0,0,,,0,NA,,,,,,,NA,NA,NA,NA,NA,NA,NA,NA,NA,NA,NA,NA,NA,NA,1,City vehicle sideswiped parked car; parked too far from curb
2785,02/06/2015 09:15:00 AM,"68 Rogers Ave, Somerville, MA",-71.1128427,42.3977815,2,3,1,1,4,4,NA,1,99,NA,6,99,,1,99,NA,NA,NA,NA,NA,NA,NA,NA,NA,NA,NA,NA,NA,0,0,0,NA,,,,0,NA,,,,,,,NA,NA,NA,NA,NA,NA,NA,NA,NA,NA,NA,NA,NA,NA,0,
2786,02/06/2015 04:59:00 PM,"Medford St and Highland Ave, Somerville, MA",-71.0926238,42.3845416,1,2,1,3,1,3,NA,2,1,1,1,4,4,NA,NA,NA,NA,NA,NA,NA,NA,NA,NA,NA,NA,NA,NA,NA,0,0,0,NA,,,,0,NA,,,,,,,NA,NA,NA,NA,NA,NA,NA,NA,NA,NA,NA,NA,NA,NA,0,
2787,02/06/2015 10:45:00 AM,"50 Highland Ave, Somerville, MA",-71.0952911,42.3855665,1,7,1,1,1,4,2,1,1,NA,2,1,,NA,NA,NA,NA,NA,NA,NA,NA,NA,NA,NA,NA,NA,NA,NA,0,0,0,0,0,,,0,NA,,,,,,,NA,NA,NA,NA,NA,NA,NA,NA,NA,NA,NA,NA,NA,NA,1,MV passing DPW vehicle struck open door
2788,02/07/2015 02:37:00 PM,"622 Somerville Ave, Somerville, MA",-71.1102457,42.3836266,2,2,1,1,1,5,NA,2,4,NA,1,1,,2,1,NA,NA,NA,NA,NA,NA,NA,NA,NA,NA,NA,NA,NA,0,0,0,NA,,,,0,NA,,,,,,,NA,NA,NA,NA,NA,NA,NA,NA,NA,NA,NA,NA,NA,NA,0,
2789,02/08/2015 01:00:00 AM,"101 Pearl St, Somerville, MA",-71.0858586,42.3852468,4,3,2,2,1,1,1,1,99,NA,,,,NA,NA,NA,NA,NA,NA,NA,NA,NA,NA,NA,NA,NA,NA,NA,0,0,1,0,0,fence,,0,NA,,,,,,,NA,NA,NA,NA,NA,NA,NA,NA,NA,NA,NA,NA,NA,NA,0,Lost control
2790,02/08/2015 12:25:00 PM,"20 Canal Lane, Somerville, MA",-71.0940755,42.3968147,4,7,1,1,1,4,NA,1,1,NA,1,1,,NA,NA,NA,NA,NA,NA,NA,NA,NA,NA,NA,NA,NA,NA,NA,0,0,0,NA,,,,0,NA,,,,,,,NA,NA,NA,NA,NA,NA,NA,NA,NA,NA,NA,NA,NA,NA,0,
2791,02/08/2015 04:00:00 PM,"56 Broadway, Somerville, MA",-71.0804862,42.3865535,"4, 5",3,1,1,3,3,NA,1,1,NA,1,,,NA,NA,NA,NA,NA,NA,NA,NA,NA,NA,NA,NA,NA,NA,NA,0,0,0,NA,,,,0,NA,,,,,,,NA,NA,NA,NA,NA,NA,NA,NA,NA,NA,NA,NA,NA,NA,0,
2792,02/08/2015 12:03:00 PM,"Franey Rd and Cedar St, Somerville, MA",-71.1085009,42.3977226,4,2,1,3,1,4,2,2,1,NA,,,,NA,NA,NA,NA,NA,NA,NA,NA,NA,NA,NA,NA,NA,NA,NA,0,0,0,0,0,,,0,NA,,,,,,,NA,NA,NA,NA,NA,NA,NA,NA,NA,NA,NA,NA,NA,NA,1,DPW vehicle sideswiped parked MV
2793,02/08/2015 07:58:00 PM,"Garden Ct, Somerville, MA",-71.1090656,42.3838107,48,3,1,1,1,1,2,2,1,NA,7,99,,NA,NA,NA,NA,NA,NA,NA,NA,NA,NA,NA,NA,NA,NA,NA,0,0,0,0,0,,,0,NA,,,,,,,NA,NA,NA,NA,NA,NA,NA,NA,NA,NA,NA,NA,NA,NA,1,Contractor; struck parked MV during snow removal
2794,02/09/2015 01:02:00 AM,"366 Somerville Ave, Somerville, MA",-71.099419,42.380767,"4, 8",3,1,1,4,1,1,NA,NA,NA,,,,NA,NA,NA,NA,NA,NA,NA,NA,NA,NA,NA,NA,NA,NA,NA,0,0,1,0,0,Park bench,,0,NA,,,,,,,NA,NA,NA,NA,NA,NA,NA,NA,NA,NA,NA,NA,NA,NA,0,
2795,02/09/2015 07:10:00 AM,"Washington St and McGrath Hwy, Somerville, MA",-71.0893942,42.3804355,"4, 8",3,3,3,1,4,NA,NA,1,NA,,,,NA,NA,NA,NA,NA,NA,NA,NA,NA,NA,NA,NA,NA,NA,NA,0,0,0,NA,,,,0,NA,,,,,,,NA,NA,NA,NA,NA,NA,NA,NA,NA,NA,NA,NA,NA,NA,0,
2796,02/09/2015 09:36:00 AM,"Broadway and Charles E. Ryan Rd, Somerville, MA",-71.1056987,42.3977741,"4, 5",3,1,3,1,4,NA,1,99,NA,2,97,,NA,NA,NA,NA,NA,NA,NA,NA,NA,NA,NA,NA,NA,NA,NA,0,0,0,NA,,,,0,NA,,,,,,,NA,NA,NA,NA,NA,NA,NA,NA,NA,NA,NA,NA,NA,NA,0,
2797,02/09/2015 10:40:00 AM,"Broadway and Marshall St, Somerville, MA",-71.0929412,42.3924648,"4, 8",3,1,3,2,2,NA,2,5,7,1,1,,NA,NA,NA,NA,NA,NA,NA,NA,NA,NA,NA,NA,NA,NA,NA,0,0,0,NA,,,,0,NA,,,,,,,NA,NA,NA,NA,NA,NA,NA,NA,NA,NA,NA,NA,NA,NA,0,
2798,02/09/2015 01:00:00 PM,"Broadway and Belknap St, Somerville, MA",-71.1301662,42.4051142,4,3,1,3,1,3,NA,1,1,NA,2,1,,NA,NA,NA,NA,NA,NA,NA,NA,NA,NA,NA,NA,NA,NA,NA,0,0,0,NA,,,,0,NA,,,,,,,NA,NA,NA,NA,NA,NA,NA,NA,NA,NA,NA,NA,NA,NA,0,
2799,02/09/2015 01:41:00 PM,"118 Prospect St, Somerville, MA",-71.096965,42.3745542,"4, 97",7,1,9,1,3,NA,2,1,NA,2,99,,NA,NA,NA,NA,NA,NA,NA,NA,NA,NA,NA,NA,NA,NA,NA,0,0,0,NA,,,,0,NA,,,,,,,NA,NA,NA,NA,NA,NA,NA,NA,NA,NA,NA,NA,NA,NA,0,
2800,02/09/2015 10:00:00 AM,"53 Montrose St, Somerville, MA",-71.100637,42.3890918,"2, 9",3,1,1,4,5,2,2,99,NA,1,1,,NA,NA,NA,NA,NA,NA,NA,NA,NA,NA,NA,NA,NA,NA,NA,0,0,0,0,0,,,0,NA,,,,,,,NA,NA,NA,NA,NA,NA,NA,NA,NA,NA,NA,NA,NA,NA,1,"DPW vehicle allegedly sideswiped parked MV, pushing into intersection; op. denies"
2801,02/09/2015 04:09:00 PM,"51 Montrose St, Somerville, MA",-71.1004879,42.3891602,3,3,1,1,4,4,2,2,99,NA,1,1,,NA,NA,NA,NA,NA,NA,NA,NA,NA,NA,NA,NA,NA,NA,NA,0,0,0,0,0,,,0,NA,,,,,,,NA,NA,NA,NA,NA,NA,NA,NA,NA,NA,NA,NA,NA,NA,1,DPW vehicle sideswiped parked MV (see also 53 Montrose St)
2802,02/10/2015 03:27:00 PM,"Medford St and Central St, Somerville, MA",-71.1005865,42.392482,2,3,3,2,1,1,1,8,1,NA,,,,NA,NA,NA,NA,NA,NA,NA,NA,NA,NA,NA,NA,NA,NA,NA,0,1,0,4,2,,7,0,NA,,,,,,,NA,NA,NA,NA,NA,NA,NA,NA,NA,NA,NA,NA,NA,NA,0,
2803,02/12/2015 08:05:00 AM,"Cross St and Tufts St, Somerville, MA",-71.0897431,42.3833483,2,7,2,3,1,3,NA,2,4,NA,1,1,,NA,NA,NA,NA,NA,NA,NA,NA,NA,NA,NA,NA,NA,NA,NA,0,0,0,NA,,,,0,NA,,,,,,,NA,NA,NA,NA,NA,NA,NA,NA,NA,NA,NA,NA,NA,NA,0,
2804,02/12/2015 11:45:00 PM,"Edgar Ave and Edgar Terr, Somerville, MA",-71.0965549,42.3966247,"4, 8",3,1,1,1,4,NA,1,99,NA,2,1,,NA,NA,NA,NA,NA,NA,NA,NA,NA,NA,NA,NA,NA,NA,NA,0,0,0,NA,,,,0,NA,,,,,,,NA,NA,NA,NA,NA,NA,NA,NA,NA,NA,NA,NA,NA,NA,0,
2805,02/13/2015 10:10:00 PM,"21 School St, Somerville, MA",-71.101283,42.38268,1,2,1,1,4,4,NA,1,99,NA,1,99,,NA,NA,NA,NA,NA,NA,NA,NA,NA,NA,NA,NA,NA,NA,NA,0,0,0,NA,,,,0,NA,,,,,,,NA,NA,NA,NA,NA,NA,NA,NA,NA,NA,NA,NA,NA,NA,0,
2806,02/13/2015 04:12:00 PM,"Beacon St and Sacramento St, Somerville, MA",-71.1126424,42.3833749,3,2,5,1,1,1,1,NA,20,NA,,,,NA,NA,NA,NA,NA,NA,NA,NA,NA,NA,NA,NA,NA,NA,NA,0,1,0,1,7,,7,0,NA,,,,,,,NA,NA,NA,NA,NA,NA,NA,NA,NA,NA,NA,NA,NA,NA,0,
2807,02/13/2015 04:18:00 PM,"45 Union Sq, Somerville, MA",-71.0962487,42.3801135,1,3,3,4,3,2,2,97,1,NA,1,1,,NA,NA,NA,NA,NA,NA,NA,NA,NA,NA,NA,NA,NA,NA,NA,0,0,0,0,0,,,0,NA,,,,,,,NA,NA,NA,NA,NA,NA,NA,NA,NA,NA,NA,NA,NA,NA,1,"Snow removal pushed bike rack into street; MV tried to avoid by changing lanes, sideswiping City MV"
2808,02/14/2015 02:10:00 AM,"Curtis St and Fairmount Ave, Somerville, MA",-71.1267284,42.4041244,1,4,1,3,4,2,NA,1,99,NA,1,99,,NA,NA,NA,NA,NA,NA,NA,NA,NA,NA,NA,NA,NA,NA,NA,0,0,0,NA,,,,0,NA,,,,,,,NA,NA,NA,NA,NA,NA,NA,NA,NA,NA,NA,NA,NA,NA,0,
2809,02/14/2015 02:25:00 AM,"25 Victoria St, Somerville, MA",-71.1319026,42.4049987,2,1,1,1,4,2,NA,1,1,1,1,10,10,NA,NA,NA,NA,NA,NA,NA,NA,NA,NA,NA,NA,NA,NA,NA,0,0,0,NA,,,,0,NA,,,,,,,NA,NA,NA,NA,NA,NA,NA,NA,NA,NA,NA,NA,NA,NA,0,
2810,02/14/2015 11:45:00 AM,"162 Broadway, Somerville, MA",-71.085763,42.3884237,2,2,1,1,1,6,NA,1,4,NA,,1,,NA,NA,NA,NA,NA,NA,NA,NA,NA,NA,NA,NA,NA,NA,NA,0,0,0,NA,,,,1,NA,1,58,3,1,,,NA,NA,NA,NA,NA,NA,NA,NA,NA,NA,NA,NA,NA,NA,0,
2811,02/14/2015 02:10:00 PM,"532 Medford St, Somerville, MA",-71.1042906,42.3969439,4,1,1,1,2,3,NA,1,99,NA,1,,,NA,NA,NA,NA,NA,NA,NA,NA,NA,NA,NA,NA,NA,NA,NA,0,0,0,NA,,,,1,NA,1,39,4,0,,,NA,NA,NA,NA,NA,NA,NA,NA,NA,NA,NA,NA,NA,NA,0,
2812,02/14/2015 09:52:00 PM,"15 Pitman St, Somerville, MA",-71.1083784,42.3843934,48,3,2,3,4,3,2,6,1,NA,1,1,,NA,NA,NA,NA,NA,NA,NA,NA,NA,NA,NA,NA,NA,NA,NA,0,0,0,0,0,,,0,NA,,,,,,,NA,NA,NA,NA,NA,NA,NA,NA,NA,NA,NA,NA,NA,NA,1,"As SFD engine turned, lost traction in heavy slush & struck parked MV"
2813,02/15/2015 08:10:00 PM,"80 Webster Ave, Somerville, MA",-71.0947318,42.3752034,1,3,1,1,2,2,NA,1,1,NA,2,14,,NA,NA,NA,NA,NA,NA,NA,NA,NA,NA,NA,NA,NA,NA,NA,0,0,0,NA,,,,0,NA,,,,,,,NA,NA,NA,NA,NA,NA,NA,NA,NA,NA,NA,NA,NA,NA,0,15007143
2814,02/15/2015 12:35:00 AM,"Wigglesworth St, Somerville, MA",-71.0913006,42.3882457,2,3,1,1,4,2,1,1,10,NA,,,,NA,NA,NA,NA,NA,NA,NA,NA,NA,NA,NA,NA,NA,NA,NA,0,1,0,4,7,,4,0,NA,,,,,,,NA,NA,NA,NA,NA,NA,NA,NA,NA,NA,NA,NA,NA,NA,0,
2815,02/15/2015 08:56:00 AM,"Harding St and South St, Somerville, MA",-71.0902116,42.3743491,4,"3, 4",2,2,4,3,2,2,99,NA,2,99,,NA,NA,NA,NA,NA,NA,NA,NA,NA,NA,NA,NA,NA,NA,NA,0,0,0,0,0,,,0,NA,,,,,,,NA,NA,NA,NA,NA,NA,NA,NA,NA,NA,NA,NA,NA,NA,1,DPW MV & Uhaul collided at intersection