id,date_time,address,lon,lat,Weather,road_surface,traffic_control_device,intersection_type,traffic_way_desc,collision_manner,num_involved_vehicles,vehicle1_configuration,driver1_contrib1,driver1_contrib2,vehicle2_configuration,driver2_contrib1,driver2_contrib2,vehicle3_configuration,driver3_contrib1,driver3_contrib2,vehicle4_configuration,driver4_contrib1,driver4_contrib2,vehicle5_configuration,driver5_contrib1,driver5_contrib2,vehicle6_configuration,driver6_contrib1,driver6_contrib2,vehicle7_configuration,driver7_contrib1,driver7_contrib2,Bicycle,Pedestrian,non_mv,non_motorist_location,non_motorist_action,non_motorist_type,manner_of_non_motorist_collision,Injury,Multiple,Gender1,Age1,Severity1,Hospital1,Gender2,Age2,Severity2,Hospital2,Gender3,Age3,Severity3,Hospital3,Gender4,Age4,Severity4,Hospital4,Gender5,Age5,Severity5,Hospital5,city_vehicle,Notes
2816,02/16/2015 02:26:00 PM,"531 Somerville Ave, Somerville, MA",-71.1068141,42.3833257,"4, 97",7,1,1,2,2,NA,1,1,99,1,1,,1,NA,NA,2,NA,NA,2,NA,NA,NA,NA,NA,NA,NA,NA,0,0,0,NA,,,,0,NA,,,,,,,NA,NA,NA,NA,NA,NA,NA,NA,NA,NA,NA,NA,NA,NA,0,
2817,02/16/2015 05:23:00 PM,"273 Broadway, Somerville, MA",-71.0909439,42.3915862,99,99,99,99,99,99,NA,1,1,NA,1,1,,NA,NA,NA,NA,NA,NA,NA,NA,NA,NA,NA,NA,NA,NA,NA,0,0,0,NA,,,,0,NA,,,,,,,NA,NA,NA,NA,NA,NA,NA,NA,NA,NA,NA,NA,NA,NA,0,
2818,02/17/2015 04:45:00 PM,"20 Mt Vernon St, Somerville, MA",-71.0792302,42.3853583,4,"3, 7",1,3,4,3,NA,1,1,NA,1,4,,NA,NA,NA,NA,NA,NA,NA,NA,NA,NA,NA,NA,NA,NA,NA,0,0,0,NA,,,,0,NA,,,,,,,NA,NA,NA,NA,NA,NA,NA,NA,NA,NA,NA,NA,NA,NA,0,
2819,02/17/2015 09:16:00 AM,"265 Medford St, Somerville, MA",-71.0920079,42.3843732,2,4,1,1,3,2,2,2,1,NA,1,1,,NA,NA,NA,NA,NA,NA,NA,NA,NA,NA,NA,NA,NA,NA,NA,0,0,0,0,0,,,0,NA,,,,,,,NA,NA,NA,NA,NA,NA,NA,NA,NA,NA,NA,NA,NA,NA,1,SPD cruiser rear-ended MV due to slick road conditions
2820,02/18/2015 11:27:00 AM,"28 Elmwood St, Somerville, MA",-71.126315,42.39947,1,3,1,1,1,3,2,2,99,NA,2,99,,NA,NA,NA,NA,NA,NA,NA,NA,NA,NA,NA,NA,NA,NA,NA,0,0,0,0,0,,,0,NA,,,,,,,NA,NA,NA,NA,NA,NA,NA,NA,NA,NA,NA,NA,NA,NA,1,"MV, backing out of driveway, struck DPW travelling up street"
2821,02/19/2015 05:50:00 AM,"Washington St and Beacon St, Somerville, MA",-71.106382,42.3782892,2,2,3,2,1,6,NA,1,99,NA,1,99,,NA,NA,NA,NA,NA,NA,NA,NA,NA,NA,NA,NA,NA,NA,NA,0,0,0,NA,,,,0,NA,,,,,,,NA,NA,NA,NA,NA,NA,NA,NA,NA,NA,NA,NA,NA,NA,0,
2822,02/19/2015 06:15:00 AM,"Revolution Dr, Somerville, MA",-71.0808,42.3905269,2,3,2,2,2,3,NA,1,1,NA,1,97,,NA,NA,NA,NA,NA,NA,NA,NA,NA,NA,NA,NA,NA,NA,NA,0,0,0,NA,,,,0,NA,,,,,,,NA,NA,NA,NA,NA,NA,NA,NA,NA,NA,NA,NA,NA,NA,0,
2823,02/20/2015 02:10:00 PM,"8 Tyler St, Somerville, MA",-71.1046753,42.381531,1,6,1,1,1,4,NA,2,1,NA,2,,,NA,NA,NA,NA,NA,NA,NA,NA,NA,NA,NA,NA,NA,NA,NA,0,0,0,NA,,,,0,NA,,,,,,,NA,NA,NA,NA,NA,NA,NA,NA,NA,NA,NA,NA,NA,NA,0,
2824,02/20/2015 07:26:00 PM,"Everett St and Newton St, Somerville, MA",-71.0946473,42.3786142,4,4,1,3,4,2,NA,1,1,NA,,,,NA,NA,NA,NA,NA,NA,NA,NA,NA,NA,NA,NA,NA,NA,NA,0,0,0,NA,,,,0,NA,,,,,,,NA,NA,NA,NA,NA,NA,NA,NA,NA,NA,NA,NA,NA,NA,0,
2825,02/20/2015 11:00:00 AM,"13 Atherton St, Somerville, MA",-71.106921,42.384379,1,7,1,1,4,4,2,1,1,NA,1,1,,NA,NA,NA,NA,NA,NA,NA,NA,NA,NA,NA,NA,NA,NA,NA,0,0,0,0,0,,,0,NA,,,,,,,NA,NA,NA,NA,NA,NA,NA,NA,NA,NA,NA,NA,NA,NA,1,SFD engine sideswiped parked MV
2826,02/22/2015 03:02:00 AM,"Shore Dr and Puritan Rd, Somerville, MA",-71.0892128,42.3983747,"4, 8",3,99,1,2,1,1,1,1,1,,,,NA,NA,NA,NA,NA,NA,NA,NA,NA,NA,NA,NA,NA,NA,NA,0,0,1,0,0,Light pole,,0,NA,,,,,,,NA,NA,NA,NA,NA,NA,NA,NA,NA,NA,NA,NA,NA,NA,0,
2827,02/23/2015 11:43:00 AM,"Highland Ave and Hamlet St, Somerville, MA",-71.0926238,42.3845416,1,1,3,1,3,4,NA,1,99,NA,7,99,,NA,NA,NA,NA,NA,NA,NA,NA,NA,NA,NA,NA,NA,NA,NA,0,0,0,NA,,,,0,NA,,,,,,,NA,NA,NA,NA,NA,NA,NA,NA,NA,NA,NA,NA,NA,NA,0,
2828,02/24/2015 10:27:00 AM,"Marshall St and Pearl St, Somerville, MA",-71.0957494,42.3881671,1,1,2,3,4,2,NA,1,1,NA,1,1,,NA,NA,NA,NA,NA,NA,NA,NA,NA,NA,NA,NA,NA,NA,NA,0,0,0,NA,,,,1,NA,1,44,4,0,,,NA,NA,NA,NA,NA,NA,NA,NA,NA,NA,NA,NA,NA,NA,0,
2829,02/26/2015 10:56:00 AM,"63 Putnam St, Somerville, MA",-71.096926,42.385635,2,7,1,1,1,4,2,2,1,NA,1,,,NA,NA,NA,NA,NA,NA,NA,NA,NA,NA,NA,NA,NA,NA,NA,0,0,0,0,0,,,0,NA,,,,,,,NA,NA,NA,NA,NA,NA,NA,NA,NA,NA,NA,NA,NA,NA,1,DPW vehicle sideswiped parked MV while trying to avoid oncoming MV on narrow road; struck MV out from curb
2830,02/28/2015 10:00:00 PM,"24 Century St, Somerville, MA",-71.0969695,42.3968999,1,4,1,1,1,5,2,2,1,NA,,1,,NA,NA,NA,NA,NA,NA,NA,NA,NA,NA,NA,NA,NA,NA,NA,0,0,0,0,0,,,0,NA,,,,,,,NA,NA,NA,NA,NA,NA,NA,NA,NA,NA,NA,NA,NA,NA,1,"SPD cruiser, responding to call, struck mirror of opposite facing MV (parked?)"
2831,03/01/2015 08:30:00 AM,"51 Alston St, Somerville, MA",-71.089255,42.3811359,1,1,1,1,4,2,NA,1,99,NA,1,,,NA,NA,NA,NA,NA,NA,NA,NA,NA,NA,NA,NA,NA,NA,NA,0,0,0,NA,,,,0,NA,,,,,,,NA,NA,NA,NA,NA,NA,NA,NA,NA,NA,NA,NA,NA,NA,0,
2832,03/02/2015 06:35:00 AM,"New Rd, Somerville, MA",-71.0431361,42.3715978,4,3,1,2,3,6,NA,2,1,NA,1,4,,NA,NA,NA,NA,NA,NA,NA,NA,NA,NA,NA,NA,NA,NA,NA,0,0,0,NA,,,,0,NA,,,,,,,NA,NA,NA,NA,NA,NA,NA,NA,NA,NA,NA,NA,NA,NA,0,
2833,03/02/2015 08:36:00 AM,"Broadway and Cutter St, Somerville, MA",-71.0832853,42.3874934,1,6,1,3,2,2,NA,7,5,NA,1,1,,2,1,NA,NA,NA,NA,NA,NA,NA,NA,NA,NA,NA,NA,NA,0,0,0,NA,,,,1,NA,0,61,4,1,,,NA,NA,NA,NA,NA,NA,NA,NA,NA,NA,NA,NA,NA,NA,0,
2834,03/02/2015 09:40:00 AM,"Holland St and Cameron Ave, Somerville, MA",-71.126181,42.401052,99,99,99,99,99,99,NA,1,5,NA,1,1,,NA,NA,NA,NA,NA,NA,NA,NA,NA,NA,NA,NA,NA,NA,NA,0,0,0,NA,,,,0,NA,,,,,,,NA,NA,NA,NA,NA,NA,NA,NA,NA,NA,NA,NA,NA,NA,0,
2835,03/02/2015 11:15:00 AM,"5 Seven Pines Ave, Somerville, MA",-71.1289291,42.3991456,99,99,99,99,99,99,NA,2,99,NA,1,1,,NA,NA,NA,NA,NA,NA,NA,NA,NA,NA,NA,NA,NA,NA,NA,0,0,0,NA,,,,0,NA,,,,,,,NA,NA,NA,NA,NA,NA,NA,NA,NA,NA,NA,NA,NA,NA,0,
2836,03/03/2015 04:10:00 PM,"390 Broadway, Somerville, MA",-71.0979883,42.3946074,2,1,3,3,1,1,1,2,1,NA,,,,NA,NA,NA,NA,NA,NA,NA,NA,NA,NA,NA,NA,NA,NA,NA,1,0,0,4,2,,5,0,NA,,,,,,,NA,NA,NA,NA,NA,NA,NA,NA,NA,NA,NA,NA,NA,NA,0,
2837,03/03/2015 09:16:00 AM,"Grand Union Blvd and Revolution Drive, Somerville, MA",-71.0799614,42.3913094,1,1,3,2,1,2,2,1,20,NA,2,1,,NA,NA,NA,NA,NA,NA,NA,NA,NA,NA,NA,NA,NA,NA,NA,0,0,0,0,0,,,0,NA,,,,,,,NA,NA,NA,NA,NA,NA,NA,NA,NA,NA,NA,NA,NA,NA,1,MV rear-ended SPD Traffic cruiser
2838,03/04/2015 07:47:00 AM,"Somerville Ave and Washington St, Somerville, MA",-71.0964021,42.3796323,2,2,3,3,2,3,NA,2,1,NA,1,99,,NA,NA,NA,NA,NA,NA,NA,NA,NA,NA,NA,NA,NA,NA,NA,0,0,0,NA,,,,0,NA,,,,,,,NA,NA,NA,NA,NA,NA,NA,NA,NA,NA,NA,NA,NA,NA,0,
2839,03/04/2015 11:34:00 AM,"212 Somerville Ave, Somerville, MA",-71.091187,42.377798,2,2,1,1,1,4,NA,1,1,NA,1,1,,1,99,NA,NA,NA,NA,NA,NA,NA,NA,NA,NA,NA,NA,NA,0,0,0,NA,,,,0,NA,,,,,,,NA,NA,NA,NA,NA,NA,NA,NA,NA,NA,NA,NA,NA,NA,0,
2840,03/04/2015 12:30:00 PM,"Broadway and Cross St, Somerville, MA",-71.0859942,42.3886405,2,1,3,2,2,4,NA,1,1,NA,6,6,,NA,NA,NA,NA,NA,NA,NA,NA,NA,NA,NA,NA,NA,NA,NA,0,0,0,NA,,,,0,NA,,,,,,,NA,NA,NA,NA,NA,NA,NA,NA,NA,NA,NA,NA,NA,NA,0,
2841,03/05/2015 06:20:00 PM,"College Ave and Morrison Ave, Somerville, MA",-71.1214296,42.3979434,1,1,3,3,1,2,NA,1,1,NA,1,6,,NA,NA,NA,NA,NA,NA,NA,NA,NA,NA,NA,NA,NA,NA,NA,0,0,0,NA,,,,0,NA,,,,,,,NA,NA,NA,NA,NA,NA,NA,NA,NA,NA,NA,NA,NA,NA,0,
2842,03/05/2015 06:00:00 PM,"Beacon St and Durham St, Somerville, MA",-71.1072109,42.3789522,1,1,1,3,1,7,NA,NA,1,NA,,1,,NA,NA,NA,NA,NA,NA,NA,NA,NA,NA,NA,NA,NA,NA,NA,0,0,0,0,0,,,0,NA,,,,,,,NA,NA,NA,NA,NA,NA,NA,NA,NA,NA,NA,NA,NA,NA,1,SPD cruiser on snow removal detail backing up; MV tried to park in spot behind cruiser; rear-rear collision
2843,03/06/2015 08:45:00 AM,"Packard Ave and Sawyer Ave, Somerville, MA",-71.1223847,42.4060652,1,7,1,1,1,4,NA,1,97,NA,2,1,,NA,NA,NA,NA,NA,NA,NA,NA,NA,NA,NA,NA,NA,NA,NA,0,0,0,NA,,,,0,NA,,,,,,,NA,NA,NA,NA,NA,NA,NA,NA,NA,NA,NA,NA,NA,NA,0,
2844,03/06/2015 04:49:00 PM,"Mt Pleasant St and Perkins St, Somerville, MA",-71.0791126,42.3844394,1,1,1,3,4,3,2,99,1,NA,1,,,NA,NA,NA,NA,NA,NA,NA,NA,NA,NA,NA,NA,NA,NA,NA,0,0,0,0,0,,,0,NA,,,,,,,NA,NA,NA,NA,NA,NA,NA,NA,NA,NA,NA,NA,NA,NA,1,"SFD engine turning, tried to avoid MV parked too far into street, struck parked MV on other side of street"
2845,03/07/2015 11:52:00 AM,"500 Broadway, Somerville, MA",-71.1044419,42.3973692,1,1,3,1,2,2,NA,1,99,NA,2,99,,NA,NA,NA,NA,NA,NA,NA,NA,NA,NA,NA,NA,NA,NA,NA,0,0,0,NA,,,,1,2,0,23,4,1,0,57,4,1,NA,NA,NA,NA,NA,NA,NA,NA,NA,NA,NA,NA,0,
2846,03/07/2015 08:00:00 PM,"471 Somerville Ave, Somerville, MA",-71.103854,42.382802,1,1,1,1,1,4,NA,1,1,NA,1,9,,NA,NA,NA,NA,NA,NA,NA,NA,NA,NA,NA,NA,NA,NA,NA,0,0,0,NA,,,,0,NA,,,,,,,NA,NA,NA,NA,NA,NA,NA,NA,NA,NA,NA,NA,NA,NA,0,
2847,03/08/2015 09:28:00 PM,"107 Bartlett St, Somerville, MA",-71.1007147,42.3951905,1,1,1,1,4,4,2,NA,1,NA,1,,,NA,NA,NA,NA,NA,NA,NA,NA,NA,NA,NA,NA,NA,NA,NA,0,0,0,0,0,,,0,NA,,,,,,,NA,NA,NA,NA,NA,NA,NA,NA,NA,NA,NA,NA,NA,NA,1,SFD engine sideswiped car parked too far from street
2848,03/10/2015 06:09:00 AM,"Highland Ave and Walnut St, Somerville, MA",-71.0941672,42.3851419,1,1,3,2,99,99,2,1,3,NA,1,1,,NA,NA,NA,NA,NA,NA,NA,NA,NA,NA,NA,NA,NA,NA,NA,0,0,1,0,0,"Trash barrel, MBTA glass display",,1,2,1,73,4,1,0,72,4,1,NA,NA,NA,NA,NA,NA,NA,NA,NA,NA,NA,NA,0,
2849,03/12/2015 03:06:00 PM,"150 Lowell St, Somerville, MA",-71.1086985,42.38945,1,1,1,9,4,1,1,13,1,NA,,,,NA,NA,NA,NA,NA,NA,NA,NA,NA,NA,NA,NA,NA,NA,NA,0,0,1,0,0,Tree,,0,NA,,,,,,,NA,NA,NA,NA,NA,NA,NA,NA,NA,NA,NA,NA,NA,NA,0,
2850,03/12/2015 07:45:00 PM,"Pearl St and Marshall St, Somerville, MA",-71.0957494,42.3881671,1,1,2,3,1,6,1,1,99,NA,,99,,NA,NA,NA,NA,NA,NA,NA,NA,NA,NA,NA,NA,NA,NA,NA,1,0,0,2,1,,5,1,NA,1,24,4,1,,,NA,NA,NA,NA,NA,NA,NA,NA,NA,NA,NA,NA,NA,NA,0,
2851,03/14/2015 03:00:00 AM,"16 Lee St, Somerville, MA",-71.0994724,42.3904844,3,2,1,1,1,4,NA,1,1,NA,1,99,,NA,NA,NA,NA,NA,NA,NA,NA,NA,NA,NA,NA,NA,NA,NA,0,0,0,NA,,,,0,NA,,,,,,,NA,NA,NA,NA,NA,NA,NA,NA,NA,NA,NA,NA,NA,NA,0,
2852,03/14/2015 07:14:00 PM,"490 Broadway, Somerville, MA",-71.1039629,42.3970831,3,2,3,1,2,2,NA,1,19,NA,1,1,,NA,NA,NA,NA,NA,NA,NA,NA,NA,NA,NA,NA,NA,NA,NA,0,0,0,NA,,,,0,NA,,,,,,,NA,NA,NA,NA,NA,NA,NA,NA,NA,NA,NA,NA,NA,NA,0,
2853,03/14/2015 07:26:00 PM,"38 Medford St, Somerville, MA",-71.0884473,42.3744778,3,2,1,1,1,4,NA,1,97,NA,6,1,,NA,NA,NA,NA,NA,NA,NA,NA,NA,NA,NA,NA,NA,NA,NA,0,0,0,NA,,,,0,NA,,,,,,,NA,NA,NA,NA,NA,NA,NA,NA,NA,NA,NA,NA,NA,NA,0,
2854,03/14/2015 06:19:00 PM,"Washington St and Beacon St, Somerville, MA",-71.106382,42.3782892,3,2,3,2,1,1,1,1,1,NA,,,,NA,NA,NA,NA,NA,NA,NA,NA,NA,NA,NA,NA,NA,NA,NA,0,1,0,1,1,,2,0,NA,,,,,,,NA,NA,NA,NA,NA,NA,NA,NA,NA,NA,NA,NA,NA,NA,0,
2855,03/15/2015 01:21:00 AM,"Cameron Ave and Holland St, Somerville, MA",-71.126181,42.401052,2,1,1,3,2,1,1,1,14,14,,,,NA,NA,NA,NA,NA,NA,NA,NA,NA,NA,NA,NA,NA,NA,NA,0,0,1,0,0,Bus enclosure,,0,NA,,,,,,,NA,NA,NA,NA,NA,NA,NA,NA,NA,NA,NA,NA,NA,NA,0,15011505
2856,03/15/2015 03:20:00 PM,"39 Pearson Rd, Somerville, MA",-71.1146926,42.4017969,3,2,1,1,4,2,2,2,1,NA,1,,,NA,NA,NA,NA,NA,NA,NA,NA,NA,NA,NA,NA,NA,NA,NA,0,0,0,0,0,,,0,NA,,,,,,,NA,NA,NA,NA,NA,NA,NA,NA,NA,NA,NA,NA,NA,NA,1,SPD cruiser backed up into parked MV
2857,03/20/2015 03:30:00 AM,"Central St and Avon St, Somerville, MA",-71.104696,42.3866175,2,1,1,3,2,3,1,15,99,NA,2,99,,NA,NA,NA,NA,NA,NA,NA,NA,NA,NA,NA,NA,NA,NA,NA,0,0,1,4,1,Moped,2b,1,NA,1,38,4,0,,,NA,NA,NA,NA,NA,NA,NA,NA,NA,NA,NA,NA,NA,NA,0,
2858,03/20/2015 08:44:00 AM,"125 Central St, Somerville, MA",-71.101009,42.391449,99,99,99,99,99,99,NA,1,99,NA,1,,,NA,NA,NA,NA,NA,NA,NA,NA,NA,NA,NA,NA,NA,NA,NA,0,0,0,NA,,,,0,NA,,,,,,,NA,NA,NA,NA,NA,NA,NA,NA,NA,NA,NA,NA,NA,NA,0,
2859,03/22/2015 02:30:00 AM,"Franklin St and Broadway, Somerville, MA",-71.0822801,42.3873031,1,1,3,3,3,6,NA,2,3,NA,1,1,,NA,NA,NA,NA,NA,NA,NA,NA,NA,NA,NA,NA,NA,NA,NA,0,0,0,NA,,,,0,NA,,,,,,,NA,NA,NA,NA,NA,NA,NA,NA,NA,NA,NA,NA,NA,NA,0,
2860,03/22/2015 10:45:00 AM,"84 Ten Hills Rd, Somerville, MA",-71.085837,42.3974341,1,1,1,1,1,1,1,2,99,99,,,,NA,NA,NA,NA,NA,NA,NA,NA,NA,NA,NA,NA,NA,NA,NA,0,0,1,0,0,Front stairs,,0,NA,,,,,,,NA,NA,NA,NA,NA,NA,NA,NA,NA,NA,NA,NA,NA,NA,0,
2861,03/22/2015 10:54:00 AM,"Summer St and Benton Rd, Somerville, MA",-71.106865,42.3866442,1,1,2,3,1,3,NA,1,NA,NA,1,,,NA,NA,NA,NA,NA,NA,NA,NA,NA,NA,NA,NA,NA,NA,NA,0,0,0,NA,,,,0,NA,,,,,,,NA,NA,NA,NA,NA,NA,NA,NA,NA,NA,NA,NA,NA,NA,0,
2862,03/22/2015 03:14:00 PM,"Kidder Ave and Lowden Ave, Somerville, MA",-71.1151648,42.3980049,1,1,2,2,1,3,NA,97,3,NA,,1,,NA,NA,NA,NA,NA,NA,NA,NA,NA,NA,NA,NA,NA,NA,NA,0,0,0,NA,,,,0,NA,,,,,,,NA,NA,NA,NA,NA,NA,NA,NA,NA,NA,NA,NA,NA,NA,0,
2863,03/22/2015 07:24:00 PM,"Temple St and Jaques St, Somerville, MA",-71.092016,42.394362,1,1,3,2,2,2,NA,1,1,1,,,,NA,NA,NA,NA,NA,NA,NA,NA,NA,NA,NA,NA,NA,NA,NA,0,0,0,NA,,,,0,NA,,,,,,,NA,NA,NA,NA,NA,NA,NA,NA,NA,NA,NA,NA,NA,NA,0,
2864,03/23/2015 10:30:00 AM,"Somerville Ave and Properzi Way, Somerville, MA",-71.1050939,42.3829252,1,1,1,3,1,2,NA,NA,1,NA,,5,2,NA,NA,NA,NA,NA,NA,NA,NA,NA,NA,NA,NA,NA,NA,NA,0,0,0,NA,,,,0,NA,,,,,,,NA,NA,NA,NA,NA,NA,NA,NA,NA,NA,NA,NA,NA,NA,0,
2865,03/23/2015 12:12:00 PM,"Walnut St and Medford St, Somerville, MA",-71.0937489,42.3857992,1,1,3,2,2,3,NA,1,3,13,1,1,1,NA,NA,NA,NA,NA,NA,NA,NA,NA,NA,NA,NA,NA,NA,NA,0,0,0,NA,,,,0,NA,,,,,,,NA,NA,NA,NA,NA,NA,NA,NA,NA,NA,NA,NA,NA,NA,0,
2866,03/23/2015 01:38:00 PM,"Ivaloo St and Mondamin Ct, Somerville, MA",-71.1089508,42.3812761,1,1,1,3,1,1,1,7,1,NA,,,,NA,NA,NA,NA,NA,NA,NA,NA,NA,NA,NA,NA,NA,NA,NA,0,0,1,4,97,Sink hole,,0,NA,,,,,,,NA,NA,NA,NA,NA,NA,NA,NA,NA,NA,NA,NA,NA,NA,0,
2867,03/23/2015 03:39:00 PM,"Broadway and Cross St, Somerville, MA",-71.0859942,42.3886405,1,1,3,3,1,2,NA,1,1,NA,1,99,,NA,NA,NA,NA,NA,NA,NA,NA,NA,NA,NA,NA,NA,NA,NA,0,0,0,NA,,,,1,2,0,53,3,1,1,49,4,1,NA,NA,NA,NA,NA,NA,NA,NA,NA,NA,NA,NA,0,
2868,03/23/2015 04:05:00 PM,"Highland Ave and School St, Somerville, MA",-71.0987169,42.3868313,1,1,3,3,1,4,1,1,99,NA,,,,NA,NA,NA,NA,NA,NA,NA,NA,NA,NA,NA,NA,NA,NA,NA,0,1,0,4,1,,1,1,NA,0,16,4,1,,,NA,NA,NA,NA,NA,NA,NA,NA,NA,NA,NA,NA,NA,NA,0,
2869,03/25/2015 07:54:00 AM,"Beacon St and Kent St, Somerville, MA",-71.110883,42.3819408,1,1,4,3,1,1,1,7,9,NA,,,,NA,NA,NA,NA,NA,NA,NA,NA,NA,NA,NA,NA,NA,NA,NA,0,0,1,0,0,Traffic sign,,0,NA,,,,,,,NA,NA,NA,NA,NA,NA,NA,NA,NA,NA,NA,NA,NA,NA,0,
2870,03/25/2015 12:15:00 PM,"570 Somerville Ave, Somerville, MA",-71.1084771,42.3829153,1,1,3,1,1,2,NA,2,20,NA,1,1,,NA,NA,NA,NA,NA,NA,NA,NA,NA,NA,NA,NA,NA,NA,NA,0,0,0,NA,,,,1,NA,0,62,3,1,,,NA,NA,NA,NA,NA,NA,NA,NA,NA,NA,NA,NA,NA,NA,0,
2871,03/25/2015 11:12:00 PM,"35 Warwick St, Somerville, MA",-71.1093045,42.3937649,3,2,1,1,4,4,NA,1,99,NA,1,,,NA,NA,NA,NA,NA,NA,NA,NA,NA,NA,NA,NA,NA,NA,NA,0,0,0,NA,,,,0,NA,,,,,,,NA,NA,NA,NA,NA,NA,NA,NA,NA,NA,NA,NA,NA,NA,0,
2872,03/26/2015 11:34:00 AM,"College Ave and Dearborn Rd, Somerville, MA",-71.1173973,42.4053311,2,1,1,3,1,2,NA,1,1,NA,1,1,,NA,NA,NA,NA,NA,NA,NA,NA,NA,NA,NA,NA,NA,NA,NA,0,0,0,NA,,,,1,NA,0,67,4,1,,,NA,NA,NA,NA,NA,NA,NA,NA,NA,NA,NA,NA,NA,NA,0,
2873,03/27/2015 01:55:00 PM,"Summer St and Cherry St, Somerville, MA",-71.1149866,42.3914194,2,2,2,2,1,3,NA,1,NA,NA,1,,,NA,NA,NA,NA,NA,NA,NA,NA,NA,NA,NA,NA,NA,NA,NA,0,0,0,NA,,,,0,NA,,,,,,,NA,NA,NA,NA,NA,NA,NA,NA,NA,NA,NA,NA,NA,NA,0,
2874,03/28/2015 02:44:00 PM,"643 Broadway, Somerville, MA",-71.1101304,42.3994632,4,2,1,1,2,99,NA,2,1,NA,2,99,,NA,NA,NA,NA,NA,NA,NA,NA,NA,NA,NA,NA,NA,NA,NA,0,0,0,NA,,,,0,NA,,,,,,,NA,NA,NA,NA,NA,NA,NA,NA,NA,NA,NA,NA,NA,NA,0,
2875,03/29/2015 02:00:00 PM,"53 Sycamore St, Somerville, MA",-71.1004089,42.3898911,1,1,1,1,4,2,NA,1,99,NA,1,1,,NA,NA,NA,NA,NA,NA,NA,NA,NA,NA,NA,NA,NA,NA,NA,0,0,0,NA,,,,1,2,0,85,3,1,0,92,3,1,NA,NA,NA,NA,NA,NA,NA,NA,NA,NA,NA,NA,0,
2876,03/29/2015 04:20:00 PM,"Broadway and School St, Somerville, MA",-71.0944105,42.3932298,99,99,99,99,99,99,NA,1,3,NA,2,1,,NA,NA,NA,NA,NA,NA,NA,NA,NA,NA,NA,NA,NA,NA,NA,0,0,0,NA,,,,1,NA,1,75,4,0,,,NA,NA,NA,NA,NA,NA,NA,NA,NA,NA,NA,NA,NA,NA,0,
2877,03/29/2015 07:29:00 PM,"Walnut St and Columbus Ave, Somerville, MA",-71.0961533,42.3823085,1,1,1,3,4,4,NA,1,20,NA,1,1,,NA,NA,NA,NA,NA,NA,NA,NA,NA,NA,NA,NA,NA,NA,NA,0,0,0,NA,,,,0,NA,,,,,,,NA,NA,NA,NA,NA,NA,NA,NA,NA,NA,NA,NA,NA,NA,0,
2878,03/30/2015 07:40:00 AM,"366 Lowell St, Somerville, MA",-71.1039531,42.3962501,1,1,1,1,1,1,1,6,99,NA,,,,NA,NA,NA,NA,NA,NA,NA,NA,NA,NA,NA,NA,NA,NA,NA,0,0,1,0,0,Tree,,0,NA,,,,,,,NA,NA,NA,NA,NA,NA,NA,NA,NA,NA,NA,NA,NA,NA,0,
2879,04/01/2015 02:21:00 PM,"Highland Ave and Lowell St, Somerville, MA",-71.1079523,42.3902029,1,1,3,2,1,1,1,8,NA,NA,,,,NA,NA,NA,NA,NA,NA,NA,NA,NA,NA,NA,NA,NA,NA,NA,0,0,1,0,0,Traffic light,,0,NA,,,,,,,NA,NA,NA,NA,NA,NA,NA,NA,NA,NA,NA,NA,NA,NA,0,
2880,04/01/2015 08:41:00 PM,"14 Tyler St, Somerville, MA",-71.1056689,42.3817829,1,1,1,1,1,5,NA,1,23,NA,1,,,NA,NA,NA,NA,NA,NA,NA,NA,NA,NA,NA,NA,NA,NA,NA,0,0,0,NA,,,,0,NA,,,,,,,NA,NA,NA,NA,NA,NA,NA,NA,NA,NA,NA,NA,NA,NA,0,
2881,04/01/2015 05:10:00 PM,"Highland Ave and Grove St, Somerville, MA",-71.1204966,42.3957061,1,1,1,2,1,3,NA,1,13,NA,,,,NA,NA,NA,NA,NA,NA,NA,NA,NA,NA,NA,NA,NA,NA,NA,0,1,0,1,1,,2,1,NA,0,27,3,0,,,NA,NA,NA,NA,NA,NA,NA,NA,NA,NA,NA,NA,NA,NA,0,
2882,04/02/2015 04:25:00 PM,"Summer St and Lowell St, Somerville, MA",-71.1096232,42.3877952,1,1,2,3,1,3,NA,1,1,NA,1,1,,NA,NA,NA,NA,NA,NA,NA,NA,NA,NA,NA,NA,NA,NA,NA,0,0,0,NA,,,,0,NA,,,,,,,NA,NA,NA,NA,NA,NA,NA,NA,NA,NA,NA,NA,NA,NA,0,