id,date_time,address,lon,lat,Weather,road_surface,traffic_control_device,intersection_type,traffic_way_desc,collision_manner,num_involved_vehicles,vehicle1_configuration,driver1_contrib1,driver1_contrib2,vehicle2_configuration,driver2_contrib1,driver2_contrib2,vehicle3_configuration,driver3_contrib1,driver3_contrib2,vehicle4_configuration,driver4_contrib1,driver4_contrib2,vehicle5_configuration,driver5_contrib1,driver5_contrib2,vehicle6_configuration,driver6_contrib1,driver6_contrib2,vehicle7_configuration,driver7_contrib1,driver7_contrib2,Bicycle,Pedestrian,non_mv,non_motorist_location,non_motorist_action,non_motorist_type,manner_of_non_motorist_collision,Injury,Multiple,Gender1,Age1,Severity1,Hospital1,Gender2,Age2,Severity2,Hospital2,Gender3,Age3,Severity3,Hospital3,Gender4,Age4,Severity4,Hospital4,Gender5,Age5,Severity5,Hospital5,city_vehicle,Notes
2883,04/03/2015 01:15:00 PM,"403 Highland Ave, Somerville, MA",-71.1208399,42.3961228,2,1,1,1,4,4,NA,1,5,NA,2,1,,NA,NA,NA,NA,NA,NA,NA,NA,NA,NA,NA,NA,NA,NA,NA,0,0,0,NA,,,,1,3,1,27,4,0,1,26,4,0,1,47,4,0,NA,NA,NA,NA,NA,NA,NA,NA,0,
2884,04/03/2015 09:12:00 PM,"152 Pearl St, Somerville, MA",-71.089083,42.385879,2,1,1,1,2,"2, 3",NA,1,1,NA,2,97,,NA,NA,NA,NA,NA,NA,NA,NA,NA,NA,NA,NA,NA,NA,NA,0,0,0,NA,,,,0,NA,,,,,,,NA,NA,NA,NA,NA,NA,NA,NA,NA,NA,NA,NA,NA,NA,0,
2885,04/03/2015 11:36:00 PM,"311 Broadway, Somerville, MA",-71.0929991,42.3927264,3,2,1,1,3,99,NA,1,1,1,1,1,1,NA,NA,NA,NA,NA,NA,NA,NA,NA,NA,NA,NA,NA,NA,NA,0,0,0,NA,,,,1,NA,0,na,4,0,,,NA,NA,NA,NA,NA,NA,NA,NA,NA,NA,NA,NA,NA,NA,0,
2886,04/04/2015 04:14:00 PM,"Windsor St and South St, Somerville, MA",-71.0928349,42.3752417,2,1,1,3,1,1,1,1,1,NA,,,,NA,NA,NA,NA,NA,NA,NA,NA,NA,NA,NA,NA,NA,NA,NA,0,0,1,0,0,Telephone pole,,0,NA,,,,,,,NA,NA,NA,NA,NA,NA,NA,NA,NA,NA,NA,NA,NA,NA,0,
2887,04/05/2015 08:10:00 AM,"500 Boradway, Somerville, MA",-71.1044419,42.3973692,1,1,3,2,2,1,1,1,99,NA,,,,NA,NA,NA,NA,NA,NA,NA,NA,NA,NA,NA,NA,NA,NA,NA,0,0,1,0,0,"Light poles, ATM window",,1,NA,1,54,4,1,,,NA,NA,NA,NA,NA,NA,NA,NA,NA,NA,NA,NA,NA,NA,0,
2888,04/06/2015 12:01:00 PM,"Mansfield and Washington St, Somerville, MA",-71.0906664,42.3798839,1,1,2,3,4,3,NA,6,1,NA,1,3,,NA,NA,NA,NA,NA,NA,NA,NA,NA,NA,NA,NA,NA,NA,NA,0,0,0,NA,,,,0,NA,,,,,,,NA,NA,NA,NA,NA,NA,NA,NA,NA,NA,NA,NA,NA,NA,0,
2889,04/07/2015 05:40:00 PM,"138 Highland Ave, Somerville, MA",-71.1023617,42.3878136,3,2,1,1,1,4,NA,1,1,NA,2,1,,NA,NA,NA,NA,NA,NA,NA,NA,NA,NA,NA,NA,NA,NA,NA,0,0,0,NA,,,,0,NA,,,,,,,NA,NA,NA,NA,NA,NA,NA,NA,NA,NA,NA,NA,NA,NA,0,
2890,04/07/2015 05:42:00 PM,"Somerville Ave and Kent St, Somerville, MA",-71.1097087,42.3839475,99,99,99,99,99,99,NA,2,4,NA,1,1,,NA,NA,NA,NA,NA,NA,NA,NA,NA,NA,NA,NA,NA,NA,NA,0,0,0,NA,,,,1,NA,0,22,4,1,,,NA,NA,NA,NA,NA,NA,NA,NA,NA,NA,NA,NA,NA,NA,0,
2891,04/08/2015 05:54:00 PM,"1370 Broadway, Somerville, MA",-71.1334334,42.4062721,3,2,4,1,1,2,NA,1,1,NA,1,1,,NA,NA,NA,NA,NA,NA,NA,NA,NA,NA,NA,NA,NA,NA,NA,0,0,0,NA,,,,0,NA,,,,,,,NA,NA,NA,NA,NA,NA,NA,NA,NA,NA,NA,NA,NA,NA,0,
2892,04/08/2015 08:04:00 PM,"8 Union Sq, Somerville, MA",-71.0964786,42.3797983,3,2,1,1,1,2,NA,1,5,19,1,1,,2,1,NA,NA,NA,NA,NA,NA,NA,NA,NA,NA,NA,NA,NA,0,0,0,NA,,,,1,NA,1,49,3,1,,,NA,NA,NA,NA,NA,NA,NA,NA,NA,NA,NA,NA,NA,NA,0,
2893,04/08/2015 02:35:00 AM,"McGrath Hwy and Greenville St, Somerville, MA",-71.0914991,42.3833039,1,1,1,1,3,4,2,2,10,NA,2,1,,NA,NA,NA,NA,NA,NA,NA,NA,NA,NA,NA,NA,NA,NA,NA,0,0,0,0,0,,,0,NA,,,,,,,NA,NA,NA,NA,NA,NA,NA,NA,NA,NA,NA,NA,NA,NA,1,"SPD cruiser trying to stop MV; MV sweerved into cruiser, striking bumper"
2894,04/09/2015 07:51:00 AM,"858 Broadway, Somerville, MA",-71.1175093,42.4006978,3,2,1,1,1,4,NA,1,99,NA,1,99,,NA,NA,NA,NA,NA,NA,NA,NA,NA,NA,NA,NA,NA,NA,NA,0,0,0,NA,,,,0,NA,,,,,,,NA,NA,NA,NA,NA,NA,NA,NA,NA,NA,NA,NA,NA,NA,0,
2895,04/10/2015 08:14:00 AM,"691 Somerville Ave, Somerville, MA",-71.1131653,42.385698,1,1,1,1,4,4,NA,6,1,NA,2,,,2,NA,NA,NA,NA,NA,NA,NA,NA,NA,NA,NA,NA,NA,NA,0,0,0,NA,,,,0,NA,,,,,,,NA,NA,NA,NA,NA,NA,NA,NA,NA,NA,NA,NA,NA,NA,0,
2896,04/10/2015 03:48:00 PM,"Middlesex Ave and Foley St, Somerville, MA",-71.0830133,42.3926273,2,1,3,3,1,3,NA,1,1,NA,1,4,,NA,NA,NA,NA,NA,NA,NA,NA,NA,NA,NA,NA,NA,NA,NA,0,0,0,NA,,,,0,NA,,,,,,,NA,NA,NA,NA,NA,NA,NA,NA,NA,NA,NA,NA,NA,NA,0,
2897,04/10/2015 04:26:00 PM,"72 Cross St, Somerville, MA",-71.0877491,42.3855242,2,1,1,1,1,4,NA,2,1,NA,1,97,,NA,NA,NA,NA,NA,NA,NA,NA,NA,NA,NA,NA,NA,NA,NA,0,0,0,NA,,,,0,NA,,,,,,,NA,NA,NA,NA,NA,NA,NA,NA,NA,NA,NA,NA,NA,NA,0,
2898,04/10/2015 08:27:00 PM,"31 Washington St, Somerville, MA",-71.0827729,42.3820296,2,1,1,1,1,2,NA,1,5,NA,1,5,,NA,NA,NA,NA,NA,NA,NA,NA,NA,NA,NA,NA,NA,NA,NA,0,0,0,NA,,,,1,NA,0,26,4,0,,,NA,NA,NA,NA,NA,NA,NA,NA,NA,NA,NA,NA,NA,NA,0,
2899,04/11/2015 07:13:00 AM,"26 Central St, Somerville, MA",-71.1060372,42.3850559,1,1,2,1,4,4,NA,2,1,1,1,4,4,NA,NA,NA,NA,NA,NA,NA,NA,NA,NA,NA,NA,NA,NA,NA,0,0,0,NA,,,,0,NA,,,,,,,NA,NA,NA,NA,NA,NA,NA,NA,NA,NA,NA,NA,NA,NA,0,
2900,04/11/2015 08:22:00 AM,"53 Prescott St, Somerville, MA",-71.0981149,42.3856408,1,1,1,1,1,4,NA,1,4,NA,2,1,,NA,NA,NA,NA,NA,NA,NA,NA,NA,NA,NA,NA,NA,NA,NA,0,0,0,NA,,,,0,NA,,,,,,,NA,NA,NA,NA,NA,NA,NA,NA,NA,NA,NA,NA,NA,NA,0,
2901,04/12/2015 01:16:00 AM,"15 Elm St, Somerville, MA",-71.1139034,42.3864903,1,1,1,1,2,6,NA,3,8,NA,1,1,1,NA,NA,NA,NA,NA,NA,NA,NA,NA,NA,NA,NA,NA,NA,NA,0,0,0,NA,,,,1,NA,1,29,4,1,,,NA,NA,NA,NA,NA,NA,NA,NA,NA,NA,NA,NA,NA,NA,0,15016059
2902,04/12/2015 05:00:00 AM,"124 College Ave, Somerville, MA",-71.1180292,42.4002732,1,1,1,1,1,6,NA,1,21,21,1,1,1,1,1,1,1,1,1,1,1,1,NA,NA,NA,NA,NA,NA,0,0,0,NA,,,,0,NA,,,,,,,NA,NA,NA,NA,NA,NA,NA,NA,NA,NA,NA,NA,NA,NA,0,
2903,04/12/2015 08:32:00 PM,"1 Dartmouth St, Somerville, MA",-71.0977901,42.3898812,1,1,1,1,4,99,2,1,99,NA,1,,,NA,NA,NA,NA,NA,NA,NA,NA,NA,NA,NA,NA,NA,NA,NA,0,0,1,0,0,Fence,,0,NA,,,,,,,NA,NA,NA,NA,NA,NA,NA,NA,NA,NA,NA,NA,NA,NA,0,Parked car
2904,04/14/2015 12:00:00 PM,"Summer St and School St, Somerville, MA",-71.1003999,42.3843689,1,1,3,3,1,1,NA,2,3,3,1,1,1,NA,NA,NA,NA,NA,NA,NA,NA,NA,NA,NA,NA,NA,NA,NA,0,0,0,NA,,,,1,NA,0,39,4,0,,,NA,NA,NA,NA,NA,NA,NA,NA,NA,NA,NA,NA,NA,NA,0,
2905,04/14/2015 08:40:00 PM,"College Ave and Lower Campus Way, Somerville, MA",-71.1172064,42.4040151,1,1,1,3,1,3,1,1,1,NA,97,1,,NA,NA,NA,NA,NA,NA,NA,NA,NA,NA,NA,NA,NA,NA,NA,1,0,0,2,1,,2,1,NA,1,29,3,1,,,NA,NA,NA,NA,NA,NA,NA,NA,NA,NA,NA,NA,NA,NA,0,
2906,04/15/2015 09:45:00 PM,"Warren Ave and Columbus Ave, Somerville, MA",-71.0948775,42.381729,1,1,2,3,1,1,1,10,6,19,,,,NA,NA,NA,NA,NA,NA,NA,NA,NA,NA,NA,NA,NA,NA,NA,0,0,1,0,0,"Fence, street sign",,0,NA,,,,,,,NA,NA,NA,NA,NA,NA,NA,NA,NA,NA,NA,NA,NA,NA,0,
2907,04/16/2015 10:20:00 AM,"School St and Medford St, Somerville, MA",-71.0971615,42.3891241,1,1,3,2,4,4,NA,2,99,NA,2,99,,NA,NA,NA,NA,NA,NA,NA,NA,NA,NA,NA,NA,NA,NA,NA,0,0,0,NA,,,,0,NA,,,,,,,NA,NA,NA,NA,NA,NA,NA,NA,NA,NA,NA,NA,NA,NA,0,
2908,04/16/2015 11:00:00 AM,"Highland Ave and Crocker St, Somerville, MA",-71.10941,42.3908596,1,1,1,3,4,5,NA,NA,8,19,,1,1,NA,NA,NA,NA,NA,NA,NA,NA,NA,NA,NA,NA,NA,NA,NA,0,0,0,NA,,,,0,NA,,,,,,,NA,NA,NA,NA,NA,NA,NA,NA,NA,NA,NA,NA,NA,NA,0,
2909,04/16/2015 06:17:00 PM,"540 Broadway, Somerville, MA",-71.1066926,42.3980791,1,1,1,3,1,6,NA,2,1,NA,1,9,,NA,NA,NA,NA,NA,NA,NA,NA,NA,NA,NA,NA,NA,NA,NA,0,0,0,NA,,,,0,NA,,,,,,,NA,NA,NA,NA,NA,NA,NA,NA,NA,NA,NA,NA,NA,NA,0,
2910,04/16/2015 05:30:00 PM,"Summer St and Central St, Somerville, MA",-71.1050912,42.3860322,1,1,3,1,1,4,1,2,1,NA,1,10,,NA,NA,NA,NA,NA,NA,NA,NA,NA,NA,NA,NA,NA,NA,NA,1,0,0,4,2,,7,0,NA,,,,,,,NA,NA,NA,NA,NA,NA,NA,NA,NA,NA,NA,NA,NA,NA,0,Bicyclist cited
2911,04/17/2015 04:18:00 PM,"Cross St and Pearl St, Somerville, MA",-71.0878325,42.3857024,99,99,99,99,99,,1,1,1,NA,,,,NA,NA,NA,NA,NA,NA,NA,NA,NA,NA,NA,NA,NA,NA,NA,0,1,0,4,1,,5,0,NA,,,,,,,NA,NA,NA,NA,NA,NA,NA,NA,NA,NA,NA,NA,NA,NA,0,
2912,04/18/2015 01:38:00 PM,"Boston Ave and Mystic Valley Pkwy, Somerville, MA",-71.1294269,42.4165886,1,1,3,1,2,4,NA,1,1,NA,1,99,,NA,NA,NA,NA,NA,NA,NA,NA,NA,NA,NA,NA,NA,NA,NA,0,0,0,NA,,,,0,NA,,,,,,,NA,NA,NA,NA,NA,NA,NA,NA,NA,NA,NA,NA,NA,NA,0,
2913,04/19/2015 07:19:00 PM,"300 Somerville Ave, Somerville, MA",-71.0973702,42.3800117,2,1,3,99,4,2,NA,2,99,NA,2,99,,NA,NA,NA,NA,NA,NA,NA,NA,NA,NA,NA,NA,NA,NA,NA,0,0,0,NA,,,,1,2,0,unk,4,1,unk,unk,4,1,NA,NA,NA,NA,NA,NA,NA,NA,NA,NA,NA,NA,0,
2914,04/20/2015 03:19:00 PM,"Revolution Dr and Middlesex Ave, Somerville, MA",-71.0831773,42.3931891,3,2,1,2,3,3,NA,2,1,NA,1,4,,NA,NA,NA,NA,NA,NA,NA,NA,NA,NA,NA,NA,NA,NA,NA,0,0,0,NA,,,,0,NA,,,,,,,NA,NA,NA,NA,NA,NA,NA,NA,NA,NA,NA,NA,NA,NA,0,
2915,04/20/2015 07:14:00 PM,"36 Bow St, Somerville, MA",-71.0977012,42.3814025,3,2,3,4,4,2,NA,1,1,NA,1,1,,2,99,NA,NA,NA,NA,NA,NA,NA,NA,NA,NA,NA,NA,NA,0,0,0,NA,,,,0,NA,,,,,,,NA,NA,NA,NA,NA,NA,NA,NA,NA,NA,NA,NA,NA,NA,0,
2916,04/20/2015 07:30:00 PM,"60 College Ave, Somerville, MA",-71.1211806,42.3985289,3,2,1,1,1,"5, 6",NA,1,1,NA,1,1,2,8,NA,NA,NA,NA,NA,NA,NA,NA,NA,NA,NA,NA,NA,NA,0,0,0,NA,,,,1,2,0,63,3,1,1,55,3,1,NA,NA,NA,NA,NA,NA,NA,NA,NA,NA,NA,NA,0,
2917,04/20/2015 07:30:00 PM,"Edgar Ave and Douglas Ave, Somerville, MA",-71.0974858,42.3956101,3,2,1,3,1,2,NA,1,19,NA,2,,,NA,NA,NA,NA,NA,NA,NA,NA,NA,NA,NA,NA,NA,NA,NA,0,0,0,NA,,,,0,NA,,,,,,,NA,NA,NA,NA,NA,NA,NA,NA,NA,NA,NA,NA,NA,NA,0,
2918,04/21/2015 03:30:00 PM,"45 Endicott Ave, Somerville, MA",-71.1308338,42.4032195,1,1,1,9,1,1,1,1,99,NA,,,,NA,NA,NA,NA,NA,NA,NA,NA,NA,NA,NA,NA,NA,NA,NA,0,0,1,0,0,Mason wall,,0,NA,,,,,,,NA,NA,NA,NA,NA,NA,NA,NA,NA,NA,NA,NA,NA,NA,0,
2919,04/23/2015 07:55:00 AM,"212 Elm St, Somerville, MA",-71.1214347,42.3942843,1,1,1,1,4,1,1,10,1,NA,,,,NA,NA,NA,NA,NA,NA,NA,NA,NA,NA,NA,NA,NA,NA,NA,0,0,1,0,0,Light pole,,0,NA,,,,,,,NA,NA,NA,NA,NA,NA,NA,NA,NA,NA,NA,NA,NA,NA,0,
2920,04/23/2015 09:45:00 AM,"71 Heath St, Somerville, MA",-71.0953004,42.3952145,1,1,1,1,1,3,NA,2,1,NA,2,97,,NA,NA,NA,NA,NA,NA,NA,NA,NA,NA,NA,NA,NA,NA,NA,0,0,0,NA,,,,0,NA,,,,,,,NA,NA,NA,NA,NA,NA,NA,NA,NA,NA,NA,NA,NA,NA,0,
2921,04/23/2015 02:24:00 PM,"Bow St and Union Sq, Somerville, MA",-71.0963792,42.3799354,2,1,1,4,4,2,NA,1,1,NA,1,5,5,NA,NA,NA,NA,NA,NA,NA,NA,NA,NA,NA,NA,NA,NA,NA,0,0,0,NA,,,,0,NA,,,,,,,NA,NA,NA,NA,NA,NA,NA,NA,NA,NA,NA,NA,NA,NA,0,
2922,04/23/2015 07:10:00 PM,"Washington St and Webster Ave, Somerville, MA",-71.0964021,42.3796323,1,1,3,2,2,2,NA,1,99,NA,1,1,,NA,NA,NA,NA,NA,NA,NA,NA,NA,NA,NA,NA,NA,NA,NA,0,0,0,NA,,,,1,NA,0,41,3,0,,,NA,NA,NA,NA,NA,NA,NA,NA,NA,NA,NA,NA,NA,NA,0,
2923,04/24/2015 09:15:00 AM,"Elm St and Grove St, Somerville, MA",-71.1214561,42.3947474,1,1,5,3,1,3,1,1,4,NA,97,,,NA,NA,NA,NA,NA,NA,NA,NA,NA,NA,NA,NA,NA,NA,NA,0,1,0,1,1,,2,1,NA,0,63,4,0,,,NA,NA,NA,NA,NA,NA,NA,NA,NA,NA,NA,NA,NA,NA,0,
2924,04/24/2015 07:11:00 PM,"Beacon St and Oxford St, Somerville, MA",-71.1161841,42.3860143,1,1,2,3,1,1,1,1,1,1,,,,NA,NA,NA,NA,NA,NA,NA,NA,NA,NA,NA,NA,NA,NA,NA,1,0,0,4,2,,7,0,NA,,,,,,,NA,NA,NA,NA,NA,NA,NA,NA,NA,NA,NA,NA,NA,NA,0,
2925,04/25/2015 12:04:00 PM,"48 Holyoke Rd, Somerville, MA",-71.1170601,42.3889031,1,1,1,1,1,2,NA,1,18,NA,1,1,,NA,NA,NA,NA,NA,NA,NA,NA,NA,NA,NA,NA,NA,NA,NA,0,0,0,NA,,,,0,NA,,,,,,,NA,NA,NA,NA,NA,NA,NA,NA,NA,NA,NA,NA,NA,NA,0,
2926,04/25/2015 09:31:00 PM,"Grove St and Highland Ave, Somerville, MA",-71.1204966,42.3957061,1,1,1,2,4,3,NA,1,4,NA,1,1,,1,1,NA,NA,NA,NA,NA,NA,NA,NA,NA,NA,NA,NA,NA,0,0,0,NA,,,,0,NA,,,,,,,NA,NA,NA,NA,NA,NA,NA,NA,NA,NA,NA,NA,NA,NA,0,
2927,04/26/2015 01:00:00 PM,"Grand Union Blvd and Foley St, Somerville, MA",-71.0805024,42.3930129,99,99,99,99,99,,NA,1,4,NA,2,1,,NA,NA,NA,NA,NA,NA,NA,NA,NA,NA,NA,NA,NA,NA,NA,0,0,0,NA,,,,0,NA,,,,,,,NA,NA,NA,NA,NA,NA,NA,NA,NA,NA,NA,NA,NA,NA,0,
2929,04/29/2015 07:51:00 PM,"8 Holyoke Rd, Somerville, MA",-71.1162568,42.3881136,1,1,1,1,4,,2,NA,1,NA,,,,NA,NA,NA,NA,NA,NA,NA,NA,NA,NA,NA,NA,NA,NA,NA,0,0,0,0,0,,,0,NA,,,,,,,NA,NA,NA,NA,NA,NA,NA,NA,NA,NA,NA,NA,NA,NA,1,SFD engine struck parked MV while responding to call
2930,04/30/2015 01:15:00 PM,"Meacham Rd and Dover St, Somerville, MA",-71.1232534,42.396412,1,1,1,3,4,3,NA,1,NA,NA,,8,3,NA,NA,NA,NA,NA,NA,NA,NA,NA,NA,NA,NA,NA,NA,NA,0,0,0,NA,,,,0,NA,,,,,,,NA,NA,NA,NA,NA,NA,NA,NA,NA,NA,NA,NA,NA,NA,0,
2931,04/30/2015 03:00:00 PM,"205 Washington St, Somerville, MA",-71.092058,42.3796869,1,1,1,1,1,2,NA,1,19,NA,1,1,,NA,NA,NA,NA,NA,NA,NA,NA,NA,NA,NA,NA,NA,NA,NA,0,0,0,NA,,,,1,NA,1,46,3,1,,,NA,NA,NA,NA,NA,NA,NA,NA,NA,NA,NA,NA,NA,NA,0,
2932,04/30/2015 09:43:00 AM,"Summer St and Harvard St, Somerville, MA",-71.1068014,42.3866244,1,1,2,3,2,1,1,2,1,1,,,,NA,NA,NA,NA,NA,NA,NA,NA,NA,NA,NA,NA,NA,NA,NA,1,0,0,2,1,,5,0,NA,,,,,,,NA,NA,NA,NA,NA,NA,NA,NA,NA,NA,NA,NA,NA,NA,0,
2933,05/01/2015 08:57:00 AM,"Burnham St and Broadway, Somerville, MA",-71.1217382,42.4013408,2,1,2,3,1,3,NA,2,99,NA,1,99,,NA,NA,NA,NA,NA,NA,NA,NA,NA,NA,NA,NA,NA,NA,NA,0,0,0,NA,,,,0,NA,,,,,,,NA,NA,NA,NA,NA,NA,NA,NA,NA,NA,NA,NA,NA,NA,0,
2934,05/01/2015 02:08:00 PM,"Rush St and Brook St, Somerville, MA",-71.0857792,42.3871456,99,99,99,99,99,,NA,2,4,NA,2,1,,NA,NA,NA,NA,NA,NA,NA,NA,NA,NA,NA,NA,NA,NA,NA,0,0,0,NA,,,,0,NA,,,,,,,NA,NA,NA,NA,NA,NA,NA,NA,NA,NA,NA,NA,NA,NA,0,
2935,05/01/2015 03:37:00 PM,"201 Highland Ave, Somerville, MA",-71.106717,42.3898588,1,1,1,1,1,3,NA,1,21,10,1,2,,NA,NA,NA,NA,NA,NA,NA,NA,NA,NA,NA,NA,NA,NA,NA,0,0,0,NA,,,,0,NA,,,,,,,NA,NA,NA,NA,NA,NA,NA,NA,NA,NA,NA,NA,NA,NA,0,
2936,05/02/2015 09:05:00 AM,"Somerville Ave and Prospect St, Somerville, MA",-71.0941078,42.3791063,1,1,3,2,4,4,NA,2,9,NA,1,1,,NA,NA,NA,NA,NA,NA,NA,NA,NA,NA,NA,NA,NA,NA,NA,0,0,0,NA,,,,0,NA,,,,,,,NA,NA,NA,NA,NA,NA,NA,NA,NA,NA,NA,NA,NA,NA,0,
2937,05/02/2015 11:15:00 PM,"Broadway and Walnut St, Somerville, MA",-71.0906239,42.3909797,1,1,3,3,2,5,NA,1,99,NA,2,99,,NA,NA,NA,NA,NA,NA,NA,NA,NA,NA,NA,NA,NA,NA,NA,0,0,0,NA,,,,0,NA,,,,,,,NA,NA,NA,NA,NA,NA,NA,NA,NA,NA,NA,NA,NA,NA,0,
2938,05/03/2015 10:12:00 PM,"Prospect St and Somerville Ave, Somerville, MA",-71.0941078,42.3791063,1,1,3,2,4,4,2,3,1,NA,1,9,,NA,NA,NA,NA,NA,NA,NA,NA,NA,NA,NA,NA,NA,NA,NA,0,0,1,1,1,Motorcycle,2b,0,NA,,,,,,,NA,NA,NA,NA,NA,NA,NA,NA,NA,NA,NA,NA,NA,NA,0,
2939,05/06/2015 04:00:00 PM,"165 Lowell St, Somerville, MA",-71.1080712,42.3896513,99,99,99,99,99,,NA,1,1,NA,,1,,NA,NA,NA,NA,NA,NA,NA,NA,NA,NA,NA,NA,NA,NA,NA,0,0,0,NA,,,,0,NA,,,,,,,NA,NA,NA,NA,NA,NA,NA,NA,NA,NA,NA,NA,NA,NA,0,
2940,05/06/2015 10:26:00 PM,"Broadway and Cross St, Somerville, MA",-71.0859942,42.3886405,1,1,3,2,2,3,2,2,3,4,,,,NA,NA,NA,NA,NA,NA,NA,NA,NA,NA,NA,NA,NA,NA,NA,0,0,1,2,1,Scooter,2,1,NA,1,32,3,1,,,NA,NA,NA,NA,NA,NA,NA,NA,NA,NA,NA,NA,NA,NA,0,
2941,05/06/2015 11:46:00 PM,"22 Puritan Rd, Somerville, MA",-71.0863157,42.3961809,2,1,1,1,1,3,NA,2,99,NA,1,1,,NA,NA,NA,NA,NA,NA,NA,NA,NA,NA,NA,NA,NA,NA,NA,0,0,0,NA,,,,0,NA,,,,,,,NA,NA,NA,NA,NA,NA,NA,NA,NA,NA,NA,NA,NA,NA,0,
2942,05/08/2015 09:00:00 AM,"Sanborn Ave and Warren Ave, Somerville, MA",-71.0957751,42.3810682,1,1,2,3,1,1,1,7,12,NA,,,,NA,NA,NA,NA,NA,NA,NA,NA,NA,NA,NA,NA,NA,NA,NA,0,0,1,0,0,Stop sign,,0,NA,,,,,,,NA,NA,NA,NA,NA,NA,NA,NA,NA,NA,NA,NA,NA,NA,0,
2943,05/11/2015 04:39:00 PM,"620 Broadway, Somerville, MA",-71.1095545,42.3990016,1,1,1,1,1,2,NA,1,5,NA,2,,,NA,NA,NA,NA,NA,NA,NA,NA,NA,NA,NA,NA,NA,NA,NA,0,0,0,NA,,,,1,NA,1,26,3,0,,,NA,NA,NA,NA,NA,NA,NA,NA,NA,NA,NA,NA,NA,NA,0,
2944,05/12/2015 10:37:00 PM,"262 School St, Somerville, MA",-71.095009,42.3927839,1,1,1,1,1,5,NA,1,1,NA,1,10,,NA,NA,NA,NA,NA,NA,NA,NA,NA,NA,NA,NA,NA,NA,NA,0,0,0,NA,,,,0,NA,,,,,,,NA,NA,NA,NA,NA,NA,NA,NA,NA,NA,NA,NA,NA,NA,0,
2945,05/13/2015 08:41:00 AM,"Broadway and Walnut St, Somerville, MA",-71.0906239,42.3909797,1,1,4,3,2,3,NA,1,1,NA,2,4,,NA,NA,NA,NA,NA,NA,NA,NA,NA,NA,NA,NA,NA,NA,NA,0,0,0,NA,,,,0,NA,,,,,,,NA,NA,NA,NA,NA,NA,NA,NA,NA,NA,NA,NA,NA,NA,0,
2946,05/13/2015 08:00:00 AM,"141 Highland Ave, Somerville, MA",-71.1022888,42.3883386,1,1,1,1,1,,1,1,1,NA,,,,NA,NA,NA,NA,NA,NA,NA,NA,NA,NA,NA,NA,NA,NA,NA,1,0,0,4,2,,3,1,NA,1,23,3,1,,,NA,NA,NA,NA,NA,NA,NA,NA,NA,NA,NA,NA,NA,NA,0,
2947,05/15/2015 08:30:00 AM,"Beacon St and Kent St, Somerville, MA",-71.110883,42.3819408,1,1,3,2,1,2,NA,1,1,NA,1,20,5,NA,NA,NA,NA,NA,NA,NA,NA,NA,NA,NA,NA,NA,NA,NA,0,0,0,NA,,,,1,NA,1,28,3,1,,,NA,NA,NA,NA,NA,NA,NA,NA,NA,NA,NA,NA,NA,NA,0,
2948,05/15/2015 10:15:00 AM,"Heath St and Bond St, Somerville, MA",-71.0959078,42.3953106,1,1,1,9,1,1,1,2,19,NA,1,1,,NA,NA,NA,NA,NA,NA,NA,NA,NA,NA,NA,NA,NA,NA,NA,0,0,1,0,0,Fence,,0,NA,,,,,,,NA,NA,NA,NA,NA,NA,NA,NA,NA,NA,NA,NA,NA,NA,0,
2949,05/15/2015 05:07:00 PM,"Broadway and Walker St, Somerville, MA",-71.1180463,42.400828,1,1,2,1,1,3,2,2,9,99,2,1,,NA,NA,NA,NA,NA,NA,NA,NA,NA,NA,NA,NA,NA,NA,NA,0,0,1,0,0,"Post, building (872 Broadway)",,1,2,0,65,3,1,0,51,3,0,NA,NA,NA,NA,NA,NA,NA,NA,NA,NA,NA,NA,0,
2950,05/15/2015 06:45:00 PM,"Temple St and Sydney St, Somerville, MA",-71.0905806,42.3953292,1,1,1,1,2,"3, 4",NA,2,1,NA,1,97,,NA,NA,NA,NA,NA,NA,NA,NA,NA,NA,NA,NA,NA,NA,NA,0,0,0,NA,,,,0,NA,,,,,,,NA,NA,NA,NA,NA,NA,NA,NA,NA,NA,NA,NA,NA,NA,0,
2951,05/15/2015 07:52:00 AM,"60 Jaques St, Somerville, MA",-71.0922834,42.394316,1,1,1,1,4,1,1,2,19,4,,,,NA,NA,NA,NA,NA,NA,NA,NA,NA,NA,NA,NA,NA,NA,NA,0,1,0,4,1,,4,1,NA,0,90,3,1,,,NA,NA,NA,NA,NA,NA,NA,NA,NA,NA,NA,NA,NA,NA,0,
2952,05/15/2015 06:00:00 PM,"12 Burnham St, Somerville, MA",-71.12168,42.401856,1,1,1,1,1,4,2,7,1,NA,1,,,NA,NA,NA,NA,NA,NA,NA,NA,NA,NA,NA,NA,NA,NA,NA,0,0,0,0,0,,,0,NA,,,,,,,NA,NA,NA,NA,NA,NA,NA,NA,NA,NA,NA,NA,NA,NA,1,SFD engine sideswiped parked car while avoiding opposite traffic on narrow street