id,date_time,address,lon,lat,Weather,road_surface,traffic_control_device,intersection_type,traffic_way_desc,collision_manner,num_involved_vehicles,vehicle1_configuration,driver1_contrib1,driver1_contrib2,vehicle2_configuration,driver2_contrib1,driver2_contrib2,vehicle3_configuration,driver3_contrib1,driver3_contrib2,vehicle4_configuration,driver4_contrib1,driver4_contrib2,vehicle5_configuration,driver5_contrib1,driver5_contrib2,vehicle6_configuration,driver6_contrib1,driver6_contrib2,vehicle7_configuration,driver7_contrib1,driver7_contrib2,Bicycle,Pedestrian,non_mv,non_motorist_location,non_motorist_action,non_motorist_type,manner_of_non_motorist_collision,Injury,Multiple,Gender1,Age1,Severity1,Hospital1,Gender2,Age2,Severity2,Hospital2,Gender3,Age3,Severity3,Hospital3,Gender4,Age4,Severity4,Hospital4,Gender5,Age5,Severity5,Hospital5,city_vehicle,Notes
2953,05/16/2015 09:51:00 AM,"365 Somerville Ave, Somerville, MA",-71.0991496,42.3812361,2,1,1,1,4,1,1,2,1,NA,,,,NA,NA,NA,NA,NA,NA,NA,NA,NA,NA,NA,NA,NA,NA,NA,1,0,0,10,2,,3,0,NA,,,,,,,NA,NA,NA,NA,NA,NA,NA,NA,NA,NA,NA,NA,NA,NA,0,
2954,05/16/2015 02:45:00 PM,"Columbus Ave and Washington St, Somerville, MA",-71.0930682,42.3795065,1,1,2,3,1,1,1,2,1,1,,3,3,NA,NA,NA,NA,NA,NA,NA,NA,NA,NA,NA,NA,NA,NA,NA,1,0,0,4,1,,5,1,NA,1,21,3,1,,,NA,NA,NA,NA,NA,NA,NA,NA,NA,NA,NA,NA,NA,NA,0,
2955,05/17/2015 03:31:00 AM,"32 Princeton St, Somerville, MA",-71.107202,42.3928668,1,1,1,1,1,6,NA,1,2,20,1,,,1,NA,NA,NA,NA,NA,NA,NA,NA,NA,NA,NA,NA,NA,NA,0,0,0,NA,,,,0,NA,,,,,,,NA,NA,NA,NA,NA,NA,NA,NA,NA,NA,NA,NA,NA,NA,0,
2956,05/18/2015 12:39:00 AM,"Magnus Ave and Washington St, Somerville, MA",-71.1034407,42.3789953,1,1,1,3,4,3,NA,2,1,NA,1,1,,NA,NA,NA,NA,NA,NA,NA,NA,NA,NA,NA,NA,NA,NA,NA,0,0,0,NA,,,,0,NA,,,,,,,NA,NA,NA,NA,NA,NA,NA,NA,NA,NA,NA,NA,NA,NA,0,
2957,05/19/2015 03:58:00 PM,"16 Franklin St, Somerville, MA",-71.0830924,42.3859188,1,1,1,9,4,3,NA,1,97,NA,1,,,NA,NA,NA,NA,NA,NA,NA,NA,NA,NA,NA,NA,NA,NA,NA,0,0,0,NA,,,,0,NA,,,,,,,NA,NA,NA,NA,NA,NA,NA,NA,NA,NA,NA,NA,NA,NA,0,
2958,05/19/2015 05:22:00 PM,"403 Highland Ave, Somerville, MA",-71.1208399,42.3961228,2,2,1,1,4,1,NA,2,19,4,,1,,NA,NA,NA,NA,NA,NA,NA,NA,NA,NA,NA,NA,NA,NA,NA,1,0,0,4,2,,3,1,NA,0,27,2,1,,,NA,NA,NA,NA,NA,NA,NA,NA,NA,NA,NA,NA,NA,NA,0,
2959,05/20/2015 10:00:00 AM,"Evergreen Ave and Thurston St, Somerville, MA",-71.0973593,42.39204,1,1,1,9,1,3,NA,2,99,NA,1,1,,NA,NA,NA,NA,NA,NA,NA,NA,NA,NA,NA,NA,NA,NA,NA,0,0,0,NA,,,,1,NA,1,unk,3,0,,,NA,NA,NA,NA,NA,NA,NA,NA,NA,NA,NA,NA,NA,NA,0,
2960,05/20/2015 01:58:00 PM,"Somerville Ave and Prospect St, Somerville, MA",-71.0941078,42.3791063,1,1,3,2,1,1,NA,1,1,1,8,3,3,NA,NA,NA,NA,NA,NA,NA,NA,NA,NA,NA,NA,NA,NA,NA,0,0,0,NA,,,,1,NA,1,63,4,1,,,NA,NA,NA,NA,NA,NA,NA,NA,NA,NA,NA,NA,NA,NA,0,
2961,05/20/2015 02:55:00 PM,"Broadway and Walnut St, Somerville, MA",-71.0906239,42.3909797,1,1,3,2,3,4,NA,1,1,NA,1,1,,1,99,NA,NA,NA,NA,NA,NA,NA,NA,NA,NA,NA,NA,NA,0,0,0,NA,,,,0,NA,,,,,,,NA,NA,NA,NA,NA,NA,NA,NA,NA,NA,NA,NA,NA,NA,0,
2962,05/20/2015 11:22:00 PM,"288 Cedar St, Somerville, MA",-71.1085527,42.3979786,1,1,1,1,1,4,NA,1,1,NA,1,99,,NA,NA,NA,NA,NA,NA,NA,NA,NA,NA,NA,NA,NA,NA,NA,0,0,0,NA,,,,0,NA,,,,,,,NA,NA,NA,NA,NA,NA,NA,NA,NA,NA,NA,NA,NA,NA,0,
2963,05/21/2015 03:23:00 PM,"Somerville and Craigie St, Somerville, MA",-71.1128913,42.3852149,1,1,2,3,1,3,NA,2,19,NA,1,18,,NA,NA,NA,NA,NA,NA,NA,NA,NA,NA,NA,NA,NA,NA,NA,0,0,0,NA,,,,0,NA,,,,,,,NA,NA,NA,NA,NA,NA,NA,NA,NA,NA,NA,NA,NA,NA,0,
2964,05/22/2015 04:18:00 PM,"Lowell St and Vernon St, Somerville, MA",-71.1056539,42.3935244,1,1,2,3,1,3,NA,1,1,NA,1,19,,NA,NA,NA,NA,NA,NA,NA,NA,NA,NA,NA,NA,NA,NA,NA,0,0,0,NA,,,,0,NA,,,,,,,NA,NA,NA,NA,NA,NA,NA,NA,NA,NA,NA,NA,NA,NA,0,
2965,05/22/2015 06:00:00 PM,"608 Somerville Ave , Somerville, MA",-71.1095749,42.3837807,1,1,1,1,1,3,NA,1,19,NA,6,,,NA,NA,NA,NA,NA,NA,NA,NA,NA,NA,NA,NA,NA,NA,NA,0,0,0,NA,,,,0,NA,,,,,,,NA,NA,NA,NA,NA,NA,NA,NA,NA,NA,NA,NA,NA,NA,0,
2966,05/22/2015 05:03:00 PM,"Central St and Summer St, Somerville, MA",-71.1050912,42.3860322,1,1,3,2,1,3,1,NA,4,NA,,1,,NA,NA,NA,NA,NA,NA,NA,NA,NA,NA,NA,NA,NA,NA,NA,1,0,0,2,1,,2,0,NA,,,,,,,NA,NA,NA,NA,NA,NA,NA,NA,NA,NA,NA,NA,NA,NA,0,
2967,05/23/2015 01:53:00 AM,"38 Dane St, Somerville, MA",-71.1042738,42.3806498,1,1,1,1,2,1,1,1,99,NA,,,,NA,NA,NA,NA,NA,NA,NA,NA,NA,NA,NA,NA,NA,NA,NA,0,0,1,0,0,Utility pole,,0,NA,,,,,,,NA,NA,NA,NA,NA,NA,NA,NA,NA,NA,NA,NA,NA,NA,0,
2968,05/23/2015 05:46:00 PM,"Blakeley Ave and Garfield Ave, Somerville, MA",-71.0855366,42.3901838,1,1,2,2,1,3,NA,1,9,NA,1,`,,NA,NA,NA,NA,NA,NA,NA,NA,NA,NA,NA,NA,NA,NA,NA,0,0,0,NA,,,,0,NA,,,,,,,NA,NA,NA,NA,NA,NA,NA,NA,NA,NA,NA,NA,NA,NA,0,
2969,05/25/2015 07:45:00 PM,"456 Broadway, Somerville, MA",-71.102205,42.3964605,1,1,1,1,1,4,NA,1,4,NA,1,1,,1,1,NA,NA,NA,NA,NA,NA,NA,NA,NA,NA,NA,NA,NA,0,0,0,NA,,,,0,NA,,,,,,,NA,NA,NA,NA,NA,NA,NA,NA,NA,NA,NA,NA,NA,NA,0,
2970,05/26/2015 06:34:00 AM,"Dane St and Dave Ave, Somerville, MA",-71.0994968,42.3875968,1,1,2,3,2,4,NA,1,1,NA,1,1,,NA,NA,NA,NA,NA,NA,NA,NA,NA,NA,NA,NA,NA,NA,NA,0,0,0,NA,,,,1,NA,0,19,4,1,,,NA,NA,NA,NA,NA,NA,NA,NA,NA,NA,NA,NA,NA,NA,0,
2971,05/27/2015 06:11:00 PM,"Broadway and Baystate Ave, Somerville, MA",-71.1143386,42.4006346,1,1,1,3,1,2,NA,2,5,19,2,1,,NA,NA,NA,NA,NA,NA,NA,NA,NA,NA,NA,NA,NA,NA,NA,0,0,0,NA,,,,1,2,1,39,3,1,1,57,3,NA,NA,NA,NA,NA,NA,NA,NA,NA,NA,NA,NA,NA,0,
2972,05/28/2015 11:12:00 AM,"Broadway and Temple St, Somerville, MA",-71.0934064,42.3925566,1,1,1,1,1,3,NA,1,4,NA,1,1,,NA,NA,NA,NA,NA,NA,NA,NA,NA,NA,NA,NA,NA,NA,NA,0,0,0,NA,,,,1,NA,1,53,3,1,,,NA,NA,NA,NA,NA,NA,NA,NA,NA,NA,NA,NA,NA,NA,0,
2973,05/30/2015 01:40:00 AM,"50 Middlesex Ave, Somerville, MA",-71.0833134,42.3922507,1,1,1,1,1,1,1,2,11,NA,,,,NA,NA,NA,NA,NA,NA,NA,NA,NA,NA,NA,NA,NA,NA,NA,0,0,1,0,0,Light pole,,1,NA,0,24,4,1,,,NA,NA,NA,NA,NA,NA,NA,NA,NA,NA,NA,NA,NA,NA,0,MV swerve to avoid anmial (not located on scene)
2974,05/30/2015 10:30:00 AM,"Medford St and School St, Somerville, MA",-71.0971615,42.3891241,1,1,1,2,4,4,NA,1,12,NA,2,,,NA,NA,NA,NA,NA,NA,NA,NA,NA,NA,NA,NA,NA,NA,NA,0,0,0,NA,,,,0,NA,,,,,,,NA,NA,NA,NA,NA,NA,NA,NA,NA,NA,NA,NA,NA,NA,0,
2975,05/30/2015 12:15:00 PM,"266 Broadway, Somerville, MA",-71.0911762,42.390861,1,1,3,1,3,2,NA,1,NA,NA,1,,,NA,NA,NA,NA,NA,NA,NA,NA,NA,NA,NA,NA,NA,NA,NA,0,0,0,NA,,,,0,NA,,,,,,,NA,NA,NA,NA,NA,NA,NA,NA,NA,NA,NA,NA,NA,NA,0,
2976,05/30/2015 04:56:00 PM,"Grand Union Blvd and Great River Rd, Somerville, MA",-71.0797952,42.3959349,2,1,1,7,2,2,NA,1,1,NA,2,99,,NA,NA,NA,NA,NA,NA,NA,NA,NA,NA,NA,NA,NA,NA,NA,0,0,0,NA,,,,1,2,1,29,4,0,1,50,4,0,NA,NA,NA,NA,NA,NA,NA,NA,NA,NA,NA,NA,0,
2977,05/30/2015 06:49:00 PM,"Broadway and Michigan St, Somerville, MA",-71.08417,42.3878167,1,1,1,4,2,4,NA,2,NA,NA,1,,,NA,NA,NA,NA,NA,NA,NA,NA,NA,NA,NA,NA,NA,NA,NA,0,0,0,NA,,,,0,NA,,,,,,,NA,NA,NA,NA,NA,NA,NA,NA,NA,NA,NA,NA,NA,NA,0,
2978,05/30/2015 06:56:00 PM,"Park St and Somerville Ave, Somerville, MA",-71.1063139,42.3831974,1,1,1,1,1,4,NA,1,19,NA,1,,,NA,NA,NA,NA,NA,NA,NA,NA,NA,NA,NA,NA,NA,NA,NA,0,0,0,NA,,,,1,NA,0,41,2,1,,,NA,NA,NA,NA,NA,NA,NA,NA,NA,NA,NA,NA,NA,NA,0,
2979,05/30/2015 08:24:00 PM,"Artisan Way and Grand Union Blvd, Somerville, MA",-71.0811238,42.3948591,1,1,1,3,1,1,1,1,NA,NA,,,,NA,NA,NA,NA,NA,NA,NA,NA,NA,NA,NA,NA,NA,NA,NA,0,1,0,1,1,,2,0,NA,,,,,,,NA,NA,NA,NA,NA,NA,NA,NA,NA,NA,NA,NA,NA,NA,0,
2980,06/01/2015 09:11:00 AM,"Summer St and Lowell St, Somerville, MA",-71.1096232,42.3877952,3,2,2,2,1,3,NA,1,99,NA,1,99,,NA,NA,NA,NA,NA,NA,NA,NA,NA,NA,NA,NA,NA,NA,NA,0,0,0,NA,,,,0,NA,,,,,,,NA,NA,NA,NA,NA,NA,NA,NA,NA,NA,NA,NA,NA,NA,0,
2981,06/01/2015 12:20:00 PM,"Walnut St and Broadway, Somerville, MA",-71.0906239,42.3909797,3,2,4,3,3,3,NA,1,4,NA,1,1,,NA,NA,NA,NA,NA,NA,NA,NA,NA,NA,NA,NA,NA,NA,NA,0,0,0,NA,,,,0,NA,,,,,,,NA,NA,NA,NA,NA,NA,NA,NA,NA,NA,NA,NA,NA,NA,0,
2982,06/01/2015 01:40:00 PM,"Highland Ave and Cherry St, Somerville, MA",-71.1140009,42.3929037,3,2,1,3,1,1,1,10,1,NA,,,,NA,NA,NA,NA,NA,NA,NA,NA,NA,NA,NA,NA,NA,NA,NA,0,0,1,0,0,Light pole,,0,NA,,,,,,,NA,NA,NA,NA,NA,NA,NA,NA,NA,NA,NA,NA,NA,NA,0,
2983,06/01/2015 03:03:00 PM,"55 Broadway, Somerville, MA",-71.080027,42.3868158,3,2,1,1,2,2,NA,1,1,NA,2,1,,NA,NA,NA,NA,NA,NA,NA,NA,NA,NA,NA,NA,NA,NA,NA,0,0,0,NA,,,,0,NA,,,,,,,NA,NA,NA,NA,NA,NA,NA,NA,NA,NA,NA,NA,NA,NA,0,
2984,06/01/2015 04:50:00 PM,"Albion St and Lowell St, Somerville, MA",-71.1071395,42.3913877,2,2,2,2,1,3,NA,2,4,NA,1,1,,NA,NA,NA,NA,NA,NA,NA,NA,NA,NA,NA,NA,NA,NA,NA,0,0,0,NA,,,,0,NA,,,,,,,NA,NA,NA,NA,NA,NA,NA,NA,NA,NA,NA,NA,NA,NA,0,
2985,06/01/2015 05:55:00 AM,"780 Broadway, Somerville, MA",-71.1151919,42.4009041,3,2,1,1,1,4,2,13,1,NA,1,,,NA,NA,NA,NA,NA,NA,NA,NA,NA,NA,NA,NA,NA,NA,NA,0,0,0,0,0,,,0,NA,,,,,,,NA,NA,NA,NA,NA,NA,NA,NA,NA,NA,NA,NA,NA,NA,1,SFD engine sideswiped parked MV
2986,06/02/2015 01:43:00 AM,"Somerville Ave and Stone St, Somerville, MA",-71.095295,42.380454,3,2,1,4,4,1,1,1,14,NA,,,,NA,NA,NA,NA,NA,NA,NA,NA,NA,NA,NA,NA,NA,NA,NA,0,0,1,0,0,"Cement block, bike rack",,1,NA,1,58,4,1,,,NA,NA,NA,NA,NA,NA,NA,NA,NA,NA,NA,NA,NA,NA,0,
2987,06/02/2015 09:10:00 AM,"37 Union Square, Somerville, MA",-71.0969606,42.3801755,3,2,1,1,4,4,NA,1,9,4,7,1,,NA,NA,NA,NA,NA,NA,NA,NA,NA,NA,NA,NA,NA,NA,NA,0,0,0,NA,,,,0,NA,,,,,,,NA,NA,NA,NA,NA,NA,NA,NA,NA,NA,NA,NA,NA,NA,0,
2988,06/02/2015 05:00:00 PM,"Broadway and Marshall St, Somerville, MA",-71.0929412,42.3924648,1,1,3,3,2,3,NA,1,9,6,2,1,1,NA,NA,NA,NA,NA,NA,NA,NA,NA,NA,NA,NA,NA,NA,NA,0,0,0,NA,,,,0,NA,,,,,,,NA,NA,NA,NA,NA,NA,NA,NA,NA,NA,NA,NA,NA,NA,0,
2989,06/02/2015 08:04:00 AM,"Broadway and Charles E. Ryan Rd, Somerville, MA",-71.1056987,42.3977741,3,2,1,3,1,3,1,1,1,NA,,,,NA,NA,NA,NA,NA,NA,NA,NA,NA,NA,NA,NA,NA,NA,NA,1,0,0,1,1,,5,1,NA,0,unk,3,1,,,NA,NA,NA,NA,NA,NA,NA,NA,NA,NA,NA,NA,NA,NA,0,
2990,06/02/2015 08:40:00 AM,"256 Elm St, Somerville, MA",-71.1222838,42.395533,3,2,1,1,4,2,1,2,1,NA,,5,,NA,NA,NA,NA,NA,NA,NA,NA,NA,NA,NA,NA,NA,NA,NA,1,0,0,4,2,,4a,1,NA,0,30,3,1,,,NA,NA,NA,NA,NA,NA,NA,NA,NA,NA,NA,NA,NA,NA,0,
2991,06/04/2015 11:00:00 AM,"220 Broadway, Somerville, MA",-71.0887821,42.3896514,1,1,1,1,4,4,NA,1,4,NA,13,1,,NA,NA,NA,NA,NA,NA,NA,NA,NA,NA,NA,NA,NA,NA,NA,0,0,0,NA,,,,0,NA,,,,,,,NA,NA,NA,NA,NA,NA,NA,NA,NA,NA,NA,NA,NA,NA,0,
2992,06/04/2015 02:22:00 PM,"502B Medford St, Somerville, MA",-71.1035865,42.3959634,1,1,1,1,2,1,1,10,99,NA,,,,NA,NA,NA,NA,NA,NA,NA,NA,NA,NA,NA,NA,NA,NA,NA,0,0,1,0,0,Light pole,,0,NA,,,,,,,NA,NA,NA,NA,NA,NA,NA,NA,NA,NA,NA,NA,NA,NA,0,
2993,06/05/2015 08:32:00 AM,"College Ave and Kidder Ave, Somerville, MA",-71.1189036,42.3994436,1,1,2,2,1,6,NA,1,1,NA,1,4,,NA,NA,NA,NA,NA,NA,NA,NA,NA,NA,NA,NA,NA,NA,NA,0,0,0,NA,,,,0,NA,,,,,,,NA,NA,NA,NA,NA,NA,NA,NA,NA,NA,NA,NA,NA,NA,0,
2994,06/06/2015 10:26:00 PM,"87 Temple St, Somerville, MA",-71.091045,42.395059,1,1,1,1,1,2,NA,1,97,NA,2,1,,2,99,NA,NA,NA,NA,NA,NA,NA,NA,NA,NA,NA,NA,NA,0,0,0,NA,,,,0,NA,,,,,,,NA,NA,NA,NA,NA,NA,NA,NA,NA,NA,NA,NA,NA,NA,0,
2995,06/07/2015 06:54:00 AM,"101 School St, Somerville, MA",-71.099082,42.385824,1,1,1,1,4,99,NA,2,1,NA,2,1,,NA,NA,NA,NA,NA,NA,NA,NA,NA,NA,NA,NA,NA,NA,NA,0,0,0,NA,,,,0,NA,,,,,,,NA,NA,NA,NA,NA,NA,NA,NA,NA,NA,NA,NA,NA,NA,0,
2996,06/07/2015 10:13:00 PM,"124 Cedar St, Somerville, MA",-71.112069,42.3930154,1,1,1,1,1,1,1,1,23,NA,,,,NA,NA,NA,NA,NA,NA,NA,NA,NA,NA,NA,NA,NA,NA,NA,0,0,1,0,0,Light pole,,0,NA,,,,,,,NA,NA,NA,NA,NA,NA,NA,NA,NA,NA,NA,NA,NA,NA,0,
2997,06/08/2015 02:55:00 PM,"428 Broadway, Somerville, MA",-71.100281,42.395725,1,1,1,1,1,1,1,2,9,3,,,,NA,NA,NA,NA,NA,NA,NA,NA,NA,NA,NA,NA,NA,NA,NA,0,0,1,0,0,"2 MBTA signs, metal bench, metal trash can",,0,NA,,,,,,,NA,NA,NA,NA,NA,NA,NA,NA,NA,NA,NA,NA,NA,NA,0,
2998,06/09/2015 02:20:00 AM,"270 Washington St, Somerville, MA",-71.0979821,42.3792437,2,1,1,1,1,2,NA,97,1,NA,1,1,,NA,NA,NA,NA,NA,NA,NA,NA,NA,NA,NA,NA,NA,NA,NA,0,0,0,NA,,,,1,NA,1,37,3,1,,,NA,NA,NA,NA,NA,NA,NA,NA,NA,NA,NA,NA,NA,NA,0,
2999,06/09/2015 12:17:00 PM,"McGrath Hwy and Medford St, Somerville, MA",-71.0902338,42.3820569,2,1,3,3,3,4,2,NA,1,NA,,1,,NA,NA,NA,NA,NA,NA,NA,NA,NA,NA,NA,NA,NA,NA,NA,0,0,0,0,0,,,0,NA,,,,,,,NA,NA,NA,NA,NA,NA,NA,NA,NA,NA,NA,NA,NA,NA,1,SFD engine sideswiped in-motion MV while making wide turn
3000,06/10/2015 04:55:00 AM,"10C Memorial Rd, Somerville, MA",-71.0916274,42.3955728,1,1,1,1,1,4,NA,1,2,10,1,,,1,NA,NA,NA,NA,NA,NA,NA,NA,NA,NA,NA,NA,NA,NA,0,0,1,NA,,Fence,,1,2,0,24,3,1,0,23,3,1,NA,NA,NA,NA,NA,NA,NA,NA,NA,NA,NA,NA,0,
3001,06/11/2015 04:22:00 PM,"Washington St and Inner Belt Rd, Somerville, MA",-71.0815211,42.3820437,1,1,3,3,1,2,NA,2,5,19,1,5,,2,1,NA,NA,NA,NA,NA,NA,NA,NA,NA,NA,NA,NA,NA,0,0,0,NA,,,,1,NA,1,44,4,1,,,NA,NA,NA,NA,NA,NA,NA,NA,NA,NA,NA,NA,NA,NA,0,
3002,06/11/2015 08:44:00 AM,"Washington St and Tufts St, Somerville, MA",-71.0875544,42.3809863,2,1,1,3,1,1,1,1,4,NA,,,,NA,NA,NA,NA,NA,NA,NA,NA,NA,NA,NA,NA,NA,NA,NA,1,0,0,2,1,,2,1,NA,0,34,4,0,,,NA,NA,NA,NA,NA,NA,NA,NA,NA,NA,NA,NA,NA,NA,0,
3003,06/11/2015 08:17:00 PM,"Broadway and Mt. Vernon St, Somerville, MA",-71.0788702,42.3862206,2,1,3,3,4,3,1,2,1,NA,97,3,4,NA,NA,NA,NA,NA,NA,NA,NA,NA,NA,NA,NA,NA,NA,NA,1,0,0,10,1,,5,1,NA,1,21,3,1,,,NA,NA,NA,NA,NA,NA,NA,NA,NA,NA,NA,NA,NA,NA,1,SPD cruiser struck bike traveling against light at intersection
3004,06/12/2015 01:55:00 PM,"238 Somerville Ave, Somerville, MA",-71.0924468,42.3783048,1,1,3,1,2,1,1,1,14,NA,,,,NA,NA,NA,NA,NA,NA,NA,NA,NA,NA,NA,NA,NA,NA,NA,0,0,1,0,0,Tree,,1,NA,1,71,3,0,,,NA,NA,NA,NA,NA,NA,NA,NA,NA,NA,NA,NA,NA,NA,0,
3005,06/13/2015 02:26:00 AM,"Powder House Blvd and Curtis St, Somerville, MA",-71.1258479,42.4054336,3,1,3,2,2,1,NA,1,4,4,1,1,1,NA,NA,NA,NA,NA,NA,NA,NA,NA,NA,NA,NA,NA,NA,NA,0,0,0,NA,,,,0,NA,,,,,,,NA,NA,NA,NA,NA,NA,NA,NA,NA,NA,NA,NA,NA,NA,0,
3006,06/13/2015 07:12:00 PM,"Broadway and Walnut St, Somerville, MA",-71.0906239,42.3909797,1,1,1,3,2,2,NA,2,5,19,1,1,,NA,NA,NA,NA,NA,NA,NA,NA,NA,NA,NA,NA,NA,NA,NA,0,0,0,NA,,,,0,NA,,,,,,,NA,NA,NA,NA,NA,NA,NA,NA,NA,NA,NA,NA,NA,NA,0,
3007,06/14/2015 01:50:00 AM,"132 Cedar St, Somerville, MA",-71.1118881,42.3932758,1,1,1,99,99,1,NA,NA,NA,NA,,,,NA,NA,NA,NA,NA,NA,NA,NA,NA,NA,NA,NA,NA,NA,NA,0,0,0,NA,,,,0,NA,,,,,,,NA,NA,NA,NA,NA,NA,NA,NA,NA,NA,NA,NA,NA,NA,0,Stolen MV
3008,06/14/2015 11:06:00 AM,"Medford St and School St, Somerville, MA",-71.0971615,42.3891241,1,1,3,2,1,3,NA,1,1,NA,1,1,,1,NA,NA,NA,NA,NA,NA,NA,NA,NA,NA,NA,NA,NA,NA,0,0,0,NA,,,,1,NA,0,29,3,1,,,NA,NA,NA,NA,NA,NA,NA,NA,NA,NA,NA,NA,NA,NA,0,
3009,06/14/2015 12:15:00 PM,"Medford St and Partridge Ave , Somerville, MA",-71.1027047,42.3951947,1,1,2,2,2,3,NA,1,NA,NA,2,,,NA,NA,NA,NA,NA,NA,NA,NA,NA,NA,NA,NA,NA,NA,NA,0,0,0,NA,,,,0,NA,,,,,,,NA,NA,NA,NA,NA,NA,NA,NA,NA,NA,NA,NA,NA,NA,0,
3010,06/15/2015 07:26:00 AM,"Heath St and Temple St, Somerville, MA",-71.0925535,42.3936272,3,2,2,2,1,3,NA,1,4,NA,1,1,,NA,NA,NA,NA,NA,NA,NA,NA,NA,NA,NA,NA,NA,NA,NA,0,0,0,NA,,,,0,NA,,,,,,,NA,NA,NA,NA,NA,NA,NA,NA,NA,NA,NA,NA,NA,NA,0,
3011,06/15/2015 10:35:00 AM,"75 Myrtle St, Somerville, MA",-71.0828061,42.3846193,3,2,1,1,1,3,NA,1,99,NA,,1,,NA,NA,NA,NA,NA,NA,NA,NA,NA,NA,NA,NA,NA,NA,NA,0,0,0,NA,,,,0,NA,,,,,,,NA,NA,NA,NA,NA,NA,NA,NA,NA,NA,NA,NA,NA,NA,0,
3012,06/16/2015 08:35:00 AM,"College Ave and Talbot Ave, Somerville, MA",-71.1173307,42.4048682,3,2,1,3,2,2,NA,1,1,NA,1,97,,NA,NA,NA,NA,NA,NA,NA,NA,NA,NA,NA,NA,NA,NA,NA,0,0,0,NA,,,,1,2,0,47,4,0,1,38,4,0,NA,NA,NA,NA,NA,NA,NA,NA,NA,NA,NA,NA,0,
3013,06/16/2015 04:43:00 PM,"Willow Ave and Highland Ave, Somerville, MA",-71.1168102,42.3941136,2,1,3,2,1,2,NA,1,19,NA,1,1,,NA,NA,NA,NA,NA,NA,NA,NA,NA,NA,NA,NA,NA,NA,NA,0,0,0,NA,,,,0,NA,,,,,,,NA,NA,NA,NA,NA,NA,NA,NA,NA,NA,NA,NA,NA,NA,0,
3014,06/16/2015 06:47:00 PM,"Broadway and Willow Ave, Somerville, MA",-71.1127004,42.4001,2,1,3,2,1,3,NA,2,1,NA,1,4,,NA,NA,NA,NA,NA,NA,NA,NA,NA,NA,NA,NA,NA,NA,NA,0,0,0,NA,,,,0,NA,,,,,,,NA,NA,NA,NA,NA,NA,NA,NA,NA,NA,NA,NA,NA,NA,0,
3015,06/17/2015 08:30:00 AM,"Washington St and Myrtle St, Somerville, MA",-71.083928,42.3816588,1,1,1,3,1,3,1,15,99,NA,1,99,,NA,NA,NA,NA,NA,NA,NA,NA,NA,NA,NA,NA,NA,NA,NA,0,0,1,2,1,Moped,2,1,NA,1,52,3,1,,,NA,NA,NA,NA,NA,NA,NA,NA,NA,NA,NA,NA,NA,NA,0,
3016,06/18/2015 10:06:00 AM,"570 Somerville Ave, Somerville, MA",-71.1084771,42.3829153,1,1,1,1,1,2,NA,1,97,NA,1,1,,2,1,NA,NA,NA,NA,NA,NA,NA,NA,NA,NA,NA,NA,NA,0,0,0,NA,,,,1,NA,0,60,4,1,,,NA,NA,NA,NA,NA,NA,NA,NA,NA,NA,NA,NA,NA,NA,0,
3017,06/18/2015 08:36:00 AM,"36 College Ave, Somerville, MA",-71.121646,42.3977375,1,1,4,1,1,4,1,1,1,NA,,1,,NA,NA,NA,NA,NA,NA,NA,NA,NA,NA,NA,NA,NA,NA,NA,1,0,0,4,2,,3,1,NA,0,32,unk,1,,,NA,NA,NA,NA,NA,NA,NA,NA,NA,NA,NA,NA,NA,NA,1,On Duty SPD opened driver's side door; bike struck open door
3018,06/19/2015 05:24:00 PM,"261 Highland Ave, Somerville, MA",-71.1106685,42.3915875,1,1,1,1,1,4,NA,1,97,NA,2,1,,NA,NA,NA,NA,NA,NA,NA,NA,NA,NA,NA,NA,NA,NA,NA,0,0,0,NA,,,,0,NA,,,,,,,NA,NA,NA,NA,NA,NA,NA,NA,NA,NA,NA,NA,NA,NA,0,
3019,06/20/2015 02:15:00 AM,"66 Central St, Somerville, MA",-71.1042724,42.387538,1,1,1,1,1,5,NA,2,10,NA,2,1,,1,1,NA,NA,NA,NA,NA,NA,NA,NA,NA,NA,NA,NA,NA,0,0,0,NA,,,,0,NA,,,,,,,NA,NA,NA,NA,NA,NA,NA,NA,NA,NA,NA,NA,NA,NA,0,
3020,06/20/2015 02:35:00 AM,"51 Bow St, Somerville, MA",-71.098667,42.381801,1,1,99,1,4,2,NA,1,1,NA,1,1,,NA,NA,NA,NA,NA,NA,NA,NA,NA,NA,NA,NA,NA,NA,NA,0,0,0,NA,,,,0,NA,,,,,,,NA,NA,NA,NA,NA,NA,NA,NA,NA,NA,NA,NA,NA,NA,0,Hit & run
3021,06/20/2015 09:29:00 AM,"374 Mystic Ave, Somerville, MA",-71.0875216,42.3941696,1,1,1,1,1,99,NA,1,1,NA,99,99,,NA,NA,NA,NA,NA,NA,NA,NA,NA,NA,NA,NA,NA,NA,NA,0,0,0,NA,,,,0,NA,,,,,,,NA,NA,NA,NA,NA,NA,NA,NA,NA,NA,NA,NA,NA,NA,0,Possible hit & run