id,date_time,address,lon,lat,Weather,road_surface,traffic_control_device,intersection_type,traffic_way_desc,collision_manner,num_involved_vehicles,vehicle1_configuration,driver1_contrib1,driver1_contrib2,vehicle2_configuration,driver2_contrib1,driver2_contrib2,vehicle3_configuration,driver3_contrib1,driver3_contrib2,vehicle4_configuration,driver4_contrib1,driver4_contrib2,vehicle5_configuration,driver5_contrib1,driver5_contrib2,vehicle6_configuration,driver6_contrib1,driver6_contrib2,vehicle7_configuration,driver7_contrib1,driver7_contrib2,Bicycle,Pedestrian,non_mv,non_motorist_location,non_motorist_action,non_motorist_type,manner_of_non_motorist_collision,Injury,Multiple,Gender1,Age1,Severity1,Hospital1,Gender2,Age2,Severity2,Hospital2,Gender3,Age3,Severity3,Hospital3,Gender4,Age4,Severity4,Hospital4,Gender5,Age5,Severity5,Hospital5,city_vehicle,Notes
3022,06/20/2015 12:49:00 PM,"373 Broadway, Somerville, MA",-71.0963592,42.3944539,1,1,99,99,99,2,NA,2,1,1,2,1,,NA,NA,NA,NA,NA,NA,NA,NA,NA,NA,NA,NA,NA,NA,NA,0,0,0,NA,,,,1,NA,1,49,3,0,,,NA,NA,NA,NA,NA,NA,NA,NA,NA,NA,NA,NA,NA,NA,0,
3023,06/20/2015 01:35:00 PM,"151 Linwood St, Somerville, MA",-71.0884809,42.3794582,1,1,1,9,1,4,NA,8,1,NA,1,,,NA,NA,NA,NA,NA,NA,NA,NA,NA,NA,NA,NA,NA,NA,NA,0,0,0,NA,,,,0,NA,,,,,,,NA,NA,NA,NA,NA,NA,NA,NA,NA,NA,NA,NA,NA,NA,0,
3024,06/20/2015 03:55:00 PM,"Highland Ave and Walnut St, Somerville, MA",-71.0941672,42.3851419,1,1,3,2,2,1,1,1,4,NA,,,,NA,NA,NA,NA,NA,NA,NA,NA,NA,NA,NA,NA,NA,NA,NA,0,1,0,1,1,,2,1,NA,0,79,4,1,,,NA,NA,NA,NA,NA,NA,NA,NA,NA,NA,NA,NA,NA,NA,0,
3025,06/21/2015 12:01:00 AM,"366 Somerville Ave, Somerville, MA",-71.099419,42.380767,3,2,1,1,4,4,NA,2,9,11,1,1,,NA,NA,NA,NA,NA,NA,NA,NA,NA,NA,NA,NA,NA,NA,NA,0,0,0,NA,,,,1,NA,0,35,4,0,,,NA,NA,NA,NA,NA,NA,NA,NA,NA,NA,NA,NA,NA,NA,0,
3026,06/21/2015 12:01:00 AM,"Beacon St and Washington St, Somerville, MA",-71.106382,42.3782892,3,2,3,2,1,3,NA,1,1,NA,1,1,,NA,NA,NA,NA,NA,NA,NA,NA,NA,NA,NA,NA,NA,NA,NA,0,0,0,NA,,,,0,NA,,,,,,,NA,NA,NA,NA,NA,NA,NA,NA,NA,NA,NA,NA,NA,NA,0,
3027,06/21/2015 01:01:00 AM,"101 Highland Ave, Somerville, MA",-71.0992014,42.3873338,3,2,1,1,1,99,NA,1,7,NA,1,1,,1,1,NA,NA,NA,NA,NA,NA,NA,NA,NA,NA,NA,NA,NA,0,0,0,NA,,,,0,NA,,,,,,,NA,NA,NA,NA,NA,NA,NA,NA,NA,NA,NA,NA,NA,NA,0,
3028,06/21/2015 10:15:00 AM,"Webster Ave and Newton St, Somerville, MA",-71.095842,42.3778737,3,2,1,3,1,2,NA,1,1,1,1,5,5,NA,NA,NA,NA,NA,NA,NA,NA,NA,NA,NA,NA,NA,NA,NA,0,0,0,NA,,,,1,2,0,36,4,1,1,81,4,1,NA,NA,NA,NA,NA,NA,NA,NA,NA,NA,NA,NA,0,
3029,06/22/2015 08:17:00 AM,"Rossmore St and Washington St, Somerville, MA",-71.0914197,42.3796198,1,1,1,3,1,2,NA,1,1,NA,2,99,,1,1,NA,NA,NA,NA,NA,NA,NA,NA,NA,NA,NA,NA,NA,0,0,0,NA,,,,0,NA,,,,,,,NA,NA,NA,NA,NA,NA,NA,NA,NA,NA,NA,NA,NA,NA,0,
3030,06/22/2015 10:16:00 AM,"43 Third Ave, Somerville, MA",-71.0781476,42.3777315,1,1,1,1,2,4,NA,8,99,NA,1,99,,NA,NA,NA,NA,NA,NA,NA,NA,NA,NA,NA,NA,NA,NA,NA,0,0,0,NA,,,,0,NA,,,,,,,NA,NA,NA,NA,NA,NA,NA,NA,NA,NA,NA,NA,NA,NA,0,
3031,06/23/2015 10:19:00 AM,"745 Somerville Ave, Somerville, MA",-71.1153637,42.386719,2,1,1,1,2,1,NA,13,NA,NA,1,,,NA,NA,NA,NA,NA,NA,NA,NA,NA,NA,NA,NA,NA,NA,NA,0,0,0,NA,,,,0,NA,,,,,,,NA,NA,NA,NA,NA,NA,NA,NA,NA,NA,NA,NA,NA,NA,0,
3032,06/23/2015 04:16:00 PM,"301 Medford St, Somerville, MA",-71.0938299,42.3861026,1,1,1,1,4,4,NA,1,99,NA,1,99,,NA,NA,NA,NA,NA,NA,NA,NA,NA,NA,NA,NA,NA,NA,NA,0,0,0,NA,,,,0,NA,,,,,,,NA,NA,NA,NA,NA,NA,NA,NA,NA,NA,NA,NA,NA,NA,0,
3033,06/23/2015 08:51:00 AM,"Elm St, Somerville, MA",-71.118544,42.3911155,2,1,1,1,1,3,1,6,1,NA,,1,,NA,NA,NA,NA,NA,NA,NA,NA,NA,NA,NA,NA,NA,NA,NA,1,0,0,4,2,,5,0,NA,,,,,,,NA,NA,NA,NA,NA,NA,NA,NA,NA,NA,NA,NA,NA,NA,0,
3034,06/24/2015 06:03:00 PM,"499 Foley St, Somerville, MA",-71.0803484,42.3930349,1,1,1,1,1,3,1,1,99,NA,99,99,,NA,NA,NA,NA,NA,NA,NA,NA,NA,NA,NA,NA,NA,NA,NA,1,0,0,4,7,,4,1,NA,1,15,3,1,,,NA,NA,NA,NA,NA,NA,NA,NA,NA,NA,NA,NA,NA,NA,0,
3035,06/24/2015 09:45:00 AM,"Concord Ave and Beacon St, Somerville, MA",-71.1025083,42.375107,2,1,1,3,99,1,2,1,1,NA,97,1,,NA,NA,NA,NA,NA,NA,NA,NA,NA,NA,NA,NA,NA,NA,NA,0,0,0,0,0,,,0,NA,,,,,,,NA,NA,NA,NA,NA,NA,NA,NA,NA,NA,NA,NA,NA,NA,1,SFD engine making turn sideswiped MV pulled over due to 3rd MV parked too far into street
3036,06/25/2015 09:06:00 AM,"Revolution Dr and Great River Rd, Somerville, MA",-71.0774972,42.3922315,1,1,1,1,1,5,2,8,1,NA,1,,,NA,NA,NA,NA,NA,NA,NA,NA,NA,NA,NA,NA,NA,NA,NA,0,0,1,0,0,2 metal columns,,0,NA,,,,,,,NA,NA,NA,NA,NA,NA,NA,NA,NA,NA,NA,NA,NA,NA,0,
3037,06/25/2015 09:15:00 AM,"Broadway and Kenneson Rd, Somerville, MA",-71.0913232,42.3912464,1,1,1,3,2,2,NA,1,1,NA,1,97,6,NA,NA,NA,NA,NA,NA,NA,NA,NA,NA,NA,NA,NA,NA,NA,0,0,0,NA,,,,0,NA,,,,,,,NA,NA,NA,NA,NA,NA,NA,NA,NA,NA,NA,NA,NA,NA,0,
3038,06/26/2015 05:47:00 PM,"17 Beacon St, Somerville, MA",-71.1019962,42.3749593,1,1,1,1,1,1,NA,2,5,19,1,1,,1,1,NA,NA,NA,NA,NA,NA,NA,NA,NA,NA,NA,NA,NA,0,0,0,NA,,,,1,NA,1,21,3,1,,,NA,NA,NA,NA,NA,NA,NA,NA,NA,NA,NA,NA,NA,NA,0,
3039,06/27/2015 01:27:00 AM,"304 Highland Ave, Somerville, MA",-71.1137393,42.3926369,1,1,1,1,1,3,NA,2,20,NA,2,,,2,NA,NA,NA,NA,NA,NA,NA,NA,NA,NA,NA,NA,NA,NA,0,0,0,NA,,,,1,NA,1,unk,4,1,,,NA,NA,NA,NA,NA,NA,NA,NA,NA,NA,NA,NA,NA,NA,0,
3040,06/27/2015 05:40:00 AM,"Pearl St and Cross St, Somerville, MA",-71.0878325,42.3857024,"1, 97",1,3,2,1,4,NA,NA,1,NA,1,12,15,NA,NA,NA,NA,NA,NA,NA,NA,NA,NA,NA,NA,NA,NA,NA,0,0,0,NA,,,,1,3,0,20,4,0,0,28,4,0,0,20,4,0,NA,NA,NA,NA,NA,NA,NA,NA,0,
3041,06/27/2015 03:16:00 PM,"59 Grant St, Somerville, MA",-71.0893416,42.3931604,1,1,1,1,4,4,NA,1,1,NA,1,1,,NA,NA,NA,NA,NA,NA,NA,NA,NA,NA,NA,NA,NA,NA,NA,0,0,0,NA,,,,0,NA,,,,,,,NA,NA,NA,NA,NA,NA,NA,NA,NA,NA,NA,NA,NA,NA,0,
3042,06/27/2015 10:23:00 PM,"Broadway and Main St, Somerville, MA",-71.0975984,42.3947314,3,2,3,3,3,3,NA,1,99,NA,1,99,,NA,NA,NA,NA,NA,NA,NA,NA,NA,NA,NA,NA,NA,NA,NA,0,0,0,NA,,,,0,NA,,,,,,,NA,NA,NA,NA,NA,NA,NA,NA,NA,NA,NA,NA,NA,NA,0,
3043,06/29/2015 07:15:00 AM,"701 Somerville Ave, Somerville, MA",-71.1137766,42.3857876,99,99,99,99,99,2,2,2,4,NA,,1,,NA,NA,NA,NA,NA,NA,NA,NA,NA,NA,NA,NA,NA,NA,NA,0,0,1,10,2,Moped,1,1,NA,1,29,4,1,,,NA,NA,NA,NA,NA,NA,NA,NA,NA,NA,NA,NA,NA,NA,0,
3044,06/30/2015 08:23:00 PM,"Temple Rd and Putnam Rd, Somerville, MA",-71.0866764,42.3973285,2,1,2,2,4,1,1,2,7,10,,,,NA,NA,NA,NA,NA,NA,NA,NA,NA,NA,NA,NA,NA,NA,NA,0,0,1,0,0,Residence,,0,NA,,,,,,,NA,NA,NA,NA,NA,NA,NA,NA,NA,NA,NA,NA,NA,NA,0,
3045,07/01/2015 08:45:00 AM,"Glenwood Rd and Medford St, Somerville, MA",-71.1023059,42.3946886,3,2,2,3,1,3,NA,2,1,NA,2,4,,NA,NA,NA,NA,NA,NA,NA,NA,NA,NA,NA,NA,NA,NA,NA,0,0,0,NA,,,,0,NA,,,,,,,NA,NA,NA,NA,NA,NA,NA,NA,NA,NA,NA,NA,NA,NA,0,
3046,07/01/2015 02:23:00 PM,"Central St and Vernon St, Somerville, MA",-71.1015146,42.3911489,1,1,2,3,1,3,NA,1,99,NA,1,1,,NA,NA,NA,NA,NA,NA,NA,NA,NA,NA,NA,NA,NA,NA,NA,0,0,0,NA,,,,0,NA,,,,,,,NA,NA,NA,NA,NA,NA,NA,NA,NA,NA,NA,NA,NA,NA,0,
3047,07/02/2015 06:15:00 PM,"Jaques St and Bond St, Somerville, MA",-71.0952346,42.3959781,1,1,1,3,4,2,NA,2,1,NA,2,10,,NA,NA,NA,NA,NA,NA,NA,NA,NA,NA,NA,NA,NA,NA,NA,0,0,0,NA,,,,0,NA,,,,,,,NA,NA,NA,NA,NA,NA,NA,NA,NA,NA,NA,NA,NA,NA,0,
3048,07/03/2015 02:50:00 AM,"55 School St, Somerville, MA",-71.1004171,42.3839892,1,1,99,1,4,5,NA,1,1,NA,1,8,,NA,NA,NA,NA,NA,NA,NA,NA,NA,NA,NA,NA,NA,NA,NA,0,0,0,NA,,,,0,NA,,,,,,,NA,NA,NA,NA,NA,NA,NA,NA,NA,NA,NA,NA,NA,NA,0,
3049,07/04/2015 01:47:00 AM,"58 Myrtle St, Somerville, MA",-71.084086,42.3838203,1,1,1,1,4,1,1,NA,99,NA,,,,NA,NA,NA,NA,NA,NA,NA,NA,NA,NA,NA,NA,NA,NA,NA,0,0,1,0,0,Utility pole,,0,NA,,,,,,,NA,NA,NA,NA,NA,NA,NA,NA,NA,NA,NA,NA,NA,NA,0,
3050,07/05/2015 12:33:00 PM,"393 Beacon St, Somerville, MA",-71.1161908,42.3868142,1,1,1,1,2,4,NA,NA,21,NA,,,,NA,NA,NA,NA,NA,NA,NA,NA,NA,NA,NA,NA,NA,NA,NA,0,0,0,NA,,,,0,NA,,,,,,,NA,NA,NA,NA,NA,NA,NA,NA,NA,NA,NA,NA,NA,NA,0,
3051,07/05/2015 05:03:00 PM,"Highland Ave and School St, Somerville, MA",-71.0987169,42.3868313,1,1,3,3,1,3,NA,1,99,NA,1,99,,NA,NA,NA,NA,NA,NA,NA,NA,NA,NA,NA,NA,NA,NA,NA,0,0,0,NA,,,,0,NA,,,,,,,NA,NA,NA,NA,NA,NA,NA,NA,NA,NA,NA,NA,NA,NA,0,
3052,07/05/2015 05:41:00 PM,"21 Chetwynd Rd, Somerville, MA",-71.1248232,42.40837,1,1,1,1,4,2,NA,2,1,NA,,99,,NA,NA,NA,NA,NA,NA,NA,NA,NA,NA,NA,NA,NA,NA,NA,0,0,0,NA,,,,0,NA,,,,,,,NA,NA,NA,NA,NA,NA,NA,NA,NA,NA,NA,NA,NA,NA,0,
3053,07/06/2015 03:11:00 PM,"Craigie St and Somerville Ave, Somerville, MA",-71.1128913,42.3852149,1,1,2,3,1,2,NA,2,97,NA,1,1,,NA,NA,NA,NA,NA,NA,NA,NA,NA,NA,NA,NA,NA,NA,NA,0,0,0,NA,,,,0,NA,,,,,,,NA,NA,NA,NA,NA,NA,NA,NA,NA,NA,NA,NA,NA,NA,0,
3054,07/07/2015 02:33:00 AM,"Lee St and Richdale St, Somerville, MA",-71.0996742,42.3898319,1,1,1,1,4,4,NA,1,99,NA,8,1,,NA,NA,NA,NA,NA,NA,NA,NA,NA,NA,NA,NA,NA,NA,NA,0,0,0,NA,,,,0,NA,,,,,,,NA,NA,NA,NA,NA,NA,NA,NA,NA,NA,NA,NA,NA,NA,0,
3055,07/07/2015 10:50:00 AM,"120 Cross St, Somerville, MA",-71.0893798,42.3838355,1,1,1,1,2,2,NA,NA,1,NA,,19,,NA,NA,NA,NA,NA,NA,NA,NA,NA,NA,NA,NA,NA,NA,NA,0,0,0,NA,,,,0,NA,,,,,,,NA,NA,NA,NA,NA,NA,NA,NA,NA,NA,NA,NA,NA,NA,0,
3056,07/07/2015 03:13:00 PM,"278 Broadway, Somerville, MA",-71.091656,42.391188,1,1,1,1,2,2,NA,1,1,NA,1,19,,NA,NA,NA,NA,NA,NA,NA,NA,NA,NA,NA,NA,NA,NA,NA,0,0,0,NA,,,,0,NA,,,,,,,NA,NA,NA,NA,NA,NA,NA,NA,NA,NA,NA,NA,NA,NA,0,
3057,07/07/2015 07:30:00 PM,"Broadway and Temple St, Somerville, MA",-71.0934064,42.3925566,1,1,3,3,2,2,NA,1,7,3,1,1,,NA,NA,NA,NA,NA,NA,NA,NA,NA,NA,NA,NA,NA,NA,NA,0,0,0,NA,,,,1,2,0,63,4,1,0,48,4,1,NA,NA,NA,NA,NA,NA,NA,NA,NA,NA,NA,NA,0,
3058,07/08/2015 02:54:00 PM,"582 Broadway, Somerville, MA",-71.1083024,42.3985879,1,1,1,1,1,4,NA,2,NA,NA,1,,,NA,NA,NA,NA,NA,NA,NA,NA,NA,NA,NA,NA,NA,NA,NA,0,0,0,NA,,,,0,NA,,,,,,,NA,NA,NA,NA,NA,NA,NA,NA,NA,NA,NA,NA,NA,NA,0,
3059,07/08/2015 12:37:00 PM,"Warner St and Broadway, Somerville, MA",-71.116275,42.401082,1,1,4,7,1,4,1,2,1,NA,,,,NA,NA,NA,NA,NA,NA,NA,NA,NA,NA,NA,NA,NA,NA,NA,1,0,0,4,2,,1,1,NA,1,38,3,0,,,NA,NA,NA,NA,NA,NA,NA,NA,NA,NA,NA,NA,NA,NA,0,
3060,07/09/2015 07:30:00 PM,"179 School St, Somerville, MA",-71.0967866,42.3893065,1,1,1,1,1,4,NA,1,1,NA,1,,,NA,NA,NA,NA,NA,NA,NA,NA,NA,NA,NA,NA,NA,NA,NA,0,0,0,NA,,,,0,NA,,,,,,,NA,NA,NA,NA,NA,NA,NA,NA,NA,NA,NA,NA,NA,NA,0,
3061,07/10/2015 08:11:00 AM,"School St and Medford St, Somerville, MA",-71.0971615,42.3891241,2,1,3,1,2,3,NA,1,1,NA,1,1,,NA,NA,NA,NA,NA,NA,NA,NA,NA,NA,NA,NA,NA,NA,NA,0,0,0,NA,,,,1,NA,0,48,4,1,,,NA,NA,NA,NA,NA,NA,NA,NA,NA,NA,NA,NA,NA,NA,0,
3062,07/11/2015 03:10:00 PM,"Cedar St and Broadway, Somerville, MA",-71.1079685,42.3984992,1,1,3,3,1,1,1,1,99,NA,,,,NA,NA,NA,NA,NA,NA,NA,NA,NA,NA,NA,NA,NA,NA,NA,0,0,1,4,1,Tree,,1,NA,1,68,3,1,,,NA,NA,NA,NA,NA,NA,NA,NA,NA,NA,NA,NA,NA,NA,0,
3063,07/11/2015 05:50:00 PM,"242 Broadway, Somerville, MA",-71.089893,42.3899789,1,1,1,1,3,4,NA,1,19,NA,2,1,,NA,NA,NA,NA,NA,NA,NA,NA,NA,NA,NA,NA,NA,NA,NA,0,0,0,NA,,,,0,NA,,,,,,,NA,NA,NA,NA,NA,NA,NA,NA,NA,NA,NA,NA,NA,NA,0,
3064,07/11/2015 06:18:00 PM,"Morrison Ave and Willow Ave, Somerville, MA",-71.1157237,42.3956925,1,1,2,2,1,4,NA,1,97,NA,1,99,,NA,NA,NA,NA,NA,NA,NA,NA,NA,NA,NA,NA,NA,NA,NA,0,0,0,NA,,,,1,NA,0,unk,4,0,,,NA,NA,NA,NA,NA,NA,NA,NA,NA,NA,NA,NA,NA,NA,0,
3065,07/11/2015 06:08:00 PM,"Cross St and Pearl St, Somerville, MA",-71.0878325,42.3857024,1,1,3,2,1,3,NA,1,1,1,,3,,NA,NA,NA,NA,NA,NA,NA,NA,NA,NA,NA,NA,NA,NA,NA,1,0,0,2,1,,5a,1,NA,0,33,2,1,,,NA,NA,NA,NA,NA,NA,NA,NA,NA,NA,NA,NA,NA,NA,0,
3066,07/12/2015 12:44:00 AM,"8 Lincoln St, Somerville, MA",-71.0807239,42.3863754,1,1,1,1,4,4,NA,1,1,NA,1,1,,NA,NA,NA,NA,NA,NA,NA,NA,NA,NA,NA,NA,NA,NA,NA,0,0,0,NA,,,,0,NA,,,,,,,NA,NA,NA,NA,NA,NA,NA,NA,NA,NA,NA,NA,NA,NA,0,Hit & run
3067,07/13/2015 09:20:00 AM,"Kidder Ave and College Ave, Somerville, MA",-71.1189036,42.3994436,1,1,2,2,2,3,NA,1,1,NA,1,9,,NA,NA,NA,NA,NA,NA,NA,NA,NA,NA,NA,NA,NA,NA,NA,0,0,0,NA,,,,0,NA,,,,,,,NA,NA,NA,NA,NA,NA,NA,NA,NA,NA,NA,NA,NA,NA,0,
3068,07/13/2015 01:06:00 PM,"268 Washington St, Somerville, MA",-71.097455,42.37911,2,1,1,1,1,2,NA,1,1,NA,1,1,,NA,NA,NA,NA,NA,NA,NA,NA,NA,NA,NA,NA,NA,NA,NA,0,0,0,NA,,,,0,NA,,,,,,,NA,NA,NA,NA,NA,NA,NA,NA,NA,NA,NA,NA,NA,NA,0,
3069,07/14/2015 08:10:00 AM,"59 Washington St, Somerville, MA",-71.0832481,42.3819233,1,1,1,1,1,2,NA,1,99,NA,1,99,,NA,NA,NA,NA,NA,NA,NA,NA,NA,NA,NA,NA,NA,NA,NA,0,0,0,NA,,,,0,NA,,,,,,,NA,NA,NA,NA,NA,NA,NA,NA,NA,NA,NA,NA,NA,NA,0,
3070,07/14/2015 05:38:00 PM,"322 Lowell St, Somerville, MA",-71.105013,42.395003,1,1,1,1,1,1,1,9,19,NA,,,,NA,NA,NA,NA,NA,NA,NA,NA,NA,NA,NA,NA,NA,NA,NA,0,0,1,0,0,Fire hydrant,,0,NA,,,,,,,NA,NA,NA,NA,NA,NA,NA,NA,NA,NA,NA,NA,NA,NA,0,
3071,07/14/2015 07:30:00 PM,"46 Spring St, Somerville, MA",-71.108713,42.3863879,1,1,1,1,1,1,NA,2,10,NA,1,1,,NA,NA,NA,NA,NA,NA,NA,NA,NA,NA,NA,NA,NA,NA,NA,0,0,0,NA,,,,0,NA,,,,,,,NA,NA,NA,NA,NA,NA,NA,NA,NA,NA,NA,NA,NA,NA,0,
3072,07/15/2015 05:41:00 PM,"40 Holland St, Somerville, MA",-71.1236271,42.3975004,2,1,1,1,1,1,1,1,1,NA,,,,NA,NA,NA,NA,NA,NA,NA,NA,NA,NA,NA,NA,NA,NA,NA,0,1,0,4,1,,4,1,NA,1,74,4,0,,,NA,NA,NA,NA,NA,NA,NA,NA,NA,NA,NA,NA,NA,NA,0,
3073,07/16/2015 03:23:00 PM,"160 Washington St, Somerville, MA",-71.0887334,42.3801796,,,,,,,1,1,NA,NA,,99,,NA,NA,NA,NA,NA,NA,NA,NA,NA,NA,NA,NA,NA,NA,NA,1,0,0,9,2,,5a,0,NA,,,,,,,NA,NA,NA,NA,NA,NA,NA,NA,NA,NA,NA,NA,NA,NA,0,Exiting parking lot; bike on sidewalk
3074,07/17/2015 02:45:00 AM,"787 Broadway, Somerville, MA",-71.1159559,42.4012763,1,1,1,1,1,1,1,1,1,NA,,,,NA,NA,NA,NA,NA,NA,NA,NA,NA,NA,NA,NA,NA,NA,NA,0,0,1,4,7,Curb,,0,NA,,,,,,,NA,NA,NA,NA,NA,NA,NA,NA,NA,NA,NA,NA,NA,NA,0,
3075,07/17/2015 07:33:00 AM,"Broadway and Chandler St, Somerville, MA",-71.1199068,42.4009035,1,1,1,3,1,1,NA,1,1,NA,1,4,,NA,NA,NA,NA,NA,NA,NA,NA,NA,NA,NA,NA,NA,NA,NA,0,0,0,NA,,,,1,NA,0,34,4,1,,,NA,NA,NA,NA,NA,NA,NA,NA,NA,NA,NA,NA,NA,NA,0,
3076,07/17/2015 05:02:00 PM,"Cedar St and Franey Rd, Somerville, MA",-71.1085009,42.3977226,1,1,1,3,1,1,1,1,19,7,,,,NA,NA,NA,NA,NA,NA,NA,NA,NA,NA,NA,NA,NA,NA,NA,0,0,1,0,0,"Fences, fire hydrant",,1,NA,0,35,4,1,,,NA,NA,NA,NA,NA,NA,NA,NA,NA,NA,NA,NA,NA,NA,0,
3077,07/17/2015 07:44:00 PM,"Alewife Brook Pkwy and Woodstock St, Somerville, MA",-71.1343051,42.4044075,1,1,1,3,1,2,2,2,NA,NA,1,2,10,NA,NA,NA,NA,NA,NA,NA,NA,NA,NA,NA,NA,NA,NA,NA,0,0,0,0,0,,,0,NA,,,,,,,NA,NA,NA,NA,NA,NA,NA,NA,NA,NA,NA,NA,NA,NA,1,"SPD cruiser tried to stop speeding OUI, cut off MV & was rear-ended"
3078,07/19/2015 04:30:00 PM,"Sunnyside Ave and Walnut St, Somerville, MA",-71.0924563,42.3886328,1,1,1,3,4,3,NA,1,99,NA,1,2,,NA,NA,NA,NA,NA,NA,NA,NA,NA,NA,NA,NA,NA,NA,NA,0,0,0,NA,,,,0,NA,,,,,,,NA,NA,NA,NA,NA,NA,NA,NA,NA,NA,NA,NA,NA,NA,0,
3079,07/20/2015 08:57:00 AM,"Boston Ave and Broadway, Somerville, MA",-71.111491,42.399676,1,1,3,2,1,3,NA,2,4,NA,1,1,,NA,NA,NA,NA,NA,NA,NA,NA,NA,NA,NA,NA,NA,NA,NA,0,0,0,NA,,,,1,NA,0,62,4,1,,,NA,NA,NA,NA,NA,NA,NA,NA,NA,NA,NA,NA,NA,NA,0,
3080,07/21/2015 09:00:00 AM,"40 Wigglesworth St, Somerville, MA",-71.0912352,42.3886858,1,1,1,1,4,3,NA,2,1,NA,1,99,,NA,NA,NA,NA,NA,NA,NA,NA,NA,NA,NA,NA,NA,NA,NA,0,0,0,NA,,,,0,NA,,,,,,,NA,NA,NA,NA,NA,NA,NA,NA,NA,NA,NA,NA,NA,NA,0,
3081,07/21/2015 11:41:00 AM,"16 Lincoln St, Somerville, MA",-71.0811351,42.3860119,2,1,1,1,4,4,NA,1,1,NA,13,99,,NA,NA,NA,NA,NA,NA,NA,NA,NA,NA,NA,NA,NA,NA,NA,0,0,0,NA,,,,0,NA,,,,,,,NA,NA,NA,NA,NA,NA,NA,NA,NA,NA,NA,NA,NA,NA,0,
3082,07/21/2015 06:27:00 PM,"Washington St and Boston St, Somerville, MA",-71.0906664,42.3798839,1,1,7,3,1,1,1,2,9,NA,,,,NA,NA,NA,NA,NA,NA,NA,NA,NA,NA,NA,NA,NA,NA,NA,0,0,1,4,7,Jersey barrier,,0,NA,,,,,,,NA,NA,NA,NA,NA,NA,NA,NA,NA,NA,NA,NA,NA,NA,0,
3083,07/22/2015 10:16:00 AM,"192 Washington St, Somerville, MA",-71.090907,42.379531,1,1,1,1,1,4,1,1,99,NA,,,,NA,NA,NA,NA,NA,NA,NA,NA,NA,NA,NA,NA,NA,NA,NA,1,0,0,4,2,,7,1,NA,0,unk,3,1,,,NA,NA,NA,NA,NA,NA,NA,NA,NA,NA,NA,NA,NA,NA,0,
3084,07/23/2015 07:35:00 AM,"220 Broadway, Somerville, MA",-71.0887821,42.3896514,1,1,1,3,3,1,1,1,1,NA,,3,,NA,NA,NA,NA,NA,NA,NA,NA,NA,NA,NA,NA,NA,NA,NA,1,0,0,4,2,,5,0,NA,,,,,,,NA,NA,NA,NA,NA,NA,NA,NA,NA,NA,NA,NA,NA,NA,0,Exiting parking lot; bike going wrong way
3085,07/24/2015 08:30:00 AM,"Holland St and Cameron Ave, Somerville, MA",-71.126181,42.401052,1,1,1,3,1,1,1,1,1,NA,,1,,NA,NA,NA,NA,NA,NA,NA,NA,NA,NA,NA,NA,NA,NA,NA,1,0,0,2,1,,2,1,NA,0,28,4,1,,,NA,NA,NA,NA,NA,NA,NA,NA,NA,NA,NA,NA,NA,NA,0,
3086,07/25/2015 04:59:00 PM,"Grand Union Blvd, Somerville, MA",-71.0811238,42.3948591,2,1,2,3,2,3,NA,1,3,4,1,1,,NA,NA,NA,NA,NA,NA,NA,NA,NA,NA,NA,NA,NA,NA,NA,0,0,0,NA,,,,0,NA,,,,,,,NA,NA,NA,NA,NA,NA,NA,NA,NA,NA,NA,NA,NA,NA,0,
3087,07/26/2015 04:00:00 PM,"Pearl St and Florence St, Somerville, MA",-71.082657,42.3841471,1,1,2,2,1,3,NA,2,1,NA,1,99,,NA,NA,NA,NA,NA,NA,NA,NA,NA,NA,NA,NA,NA,NA,NA,0,0,0,NA,,,,1,2,0,40,4,0,1,27,4,0,NA,NA,NA,NA,NA,NA,NA,NA,NA,NA,NA,NA,0,
3088,07/26/2015 06:21:00 PM,"26 School St, Somerville, MA",-71.1015432,42.383049,2,1,1,1,4,4,NA,1,1,NA,2,1,,NA,NA,NA,NA,NA,NA,NA,NA,NA,NA,NA,NA,NA,NA,NA,0,0,0,NA,,,,0,NA,,,,,,,NA,NA,NA,NA,NA,NA,NA,NA,NA,NA,NA,NA,NA,NA,0,
3089,07/26/2015 07:54:00 PM,"55 Summer St, Somerville, MA",-71.0997474,42.3839077,1,1,1,1,1,4,NA,1,99,NA,1,99,1,99,NA,NA,NA,NA,NA,NA,NA,NA,NA,NA,NA,NA,NA,NA,0,0,0,NA,,,,0,NA,,,,,,,NA,NA,NA,NA,NA,NA,NA,NA,NA,NA,NA,NA,NA,NA,0,
3090,07/26/2015 07:24:00 PM,"43 Cross St, Somerville, MA",-71.087378,42.386891,1,1,1,1,1,4,1,2,99,NA,2,,,NA,NA,NA,NA,NA,NA,NA,NA,NA,NA,NA,NA,NA,NA,NA,0,1,0,4,5,,5,1,NA,1,unk,4,0,,,NA,NA,NA,NA,NA,NA,NA,NA,NA,NA,NA,NA,NA,NA,0,