id,date_time,address,lon,lat,Weather,road_surface,traffic_control_device,intersection_type,traffic_way_desc,collision_manner,num_involved_vehicles,vehicle1_configuration,driver1_contrib1,driver1_contrib2,vehicle2_configuration,driver2_contrib1,driver2_contrib2,vehicle3_configuration,driver3_contrib1,driver3_contrib2,vehicle4_configuration,driver4_contrib1,driver4_contrib2,vehicle5_configuration,driver5_contrib1,driver5_contrib2,vehicle6_configuration,driver6_contrib1,driver6_contrib2,vehicle7_configuration,driver7_contrib1,driver7_contrib2,Bicycle,Pedestrian,non_mv,non_motorist_location,non_motorist_action,non_motorist_type,manner_of_non_motorist_collision,Injury,Multiple,Gender1,Age1,Severity1,Hospital1,Gender2,Age2,Severity2,Hospital2,Gender3,Age3,Severity3,Hospital3,Gender4,Age4,Severity4,Hospital4,Gender5,Age5,Severity5,Hospital5,city_vehicle,Notes
3091,07/27/2015 08:33:00 AM,"577 Somerville Ave, Somerville, MA",-71.1084741,42.3838542,2,1,1,1,1,3,1,1,1,NA,,,,NA,NA,NA,NA,NA,NA,NA,NA,NA,NA,NA,NA,NA,NA,NA,1,0,0,2,1,,2,1,NA,1,53,3,0,,,NA,NA,NA,NA,NA,NA,NA,NA,NA,NA,NA,NA,NA,NA,0,
3092,07/28/2015 12:18:00 PM,"45 Broadway, Somerville, MA",-71.0796898,42.3865844,2,1,1,1,3,4,NA,10,6,NA,1,99,,10,6,NA,1,99,NA,1,99,NA,NA,NA,NA,NA,NA,NA,0,0,0,NA,,,,0,NA,,,,,,,NA,NA,NA,NA,NA,NA,NA,NA,NA,NA,NA,NA,NA,NA,0,
3093,07/28/2015 09:52:00 PM,"Temple St, Somerville, MA",-71.0917108,42.3948102,1,1,1,1,1,5,NA,2,14,NA,2,1,,2,1,NA,1,1,NA,2,1,NA,NA,NA,NA,NA,NA,NA,0,0,0,NA,,,,0,NA,,,,,,,NA,NA,NA,NA,NA,NA,NA,NA,NA,NA,NA,NA,NA,NA,0,
3094,07/30/2015 12:40:00 AM,"32 Springfield St, Somerville, MA",-71.1003866,42.3748801,1,1,1,1,1,4,NA,2,99,NA,2,1,,NA,NA,NA,NA,NA,NA,NA,NA,NA,NA,NA,NA,NA,NA,NA,0,0,0,NA,,,,0,NA,,,,,,,NA,NA,NA,NA,NA,NA,NA,NA,NA,NA,NA,NA,NA,NA,0,
3095,07/30/2015 03:27:00 PM,"Willow Ave and Broadway, Somerville, MA",-71.1127004,42.4001,99,99,99,99,99,,NA,1,1,NA,1,1,,NA,NA,NA,NA,NA,NA,NA,NA,NA,NA,NA,NA,NA,NA,NA,0,0,0,NA,,,,0,NA,,,,,,,NA,NA,NA,NA,NA,NA,NA,NA,NA,NA,NA,NA,NA,NA,0,
3096,07/30/2015 08:01:00 PM,"34 Highland Ave, Somerville, MA",-71.0946986,42.3851497,2,2,1,1,1,2,NA,2,99,NA,2,99,,1,99,NA,1,99,NA,NA,NA,NA,NA,NA,NA,NA,NA,NA,0,0,0,NA,,,,1,NA,0,30,4,1,,,NA,NA,NA,NA,NA,NA,NA,NA,NA,NA,NA,NA,NA,NA,0,
3097,07/30/2015 06:28:00 PM,"Cutter Ave and Summer St, Somerville, MA",-71.1206131,42.3940936,99,99,99,99,99,,1,2,1,NA,,,,NA,NA,NA,NA,NA,NA,NA,NA,NA,NA,NA,NA,NA,NA,NA,0,1,0,1,1,,2,1,NA,,,,,,,NA,NA,NA,NA,NA,NA,NA,NA,NA,NA,NA,NA,NA,NA,0,
3098,07/30/2015 06:00:00 PM,"624 Somerville Ave, Somerville, MA",-71.1106127,42.3837335,1,1,1,1,1,6,1,2,4,NA,,,,NA,NA,NA,NA,NA,NA,NA,NA,NA,NA,NA,NA,NA,NA,NA,1,0,0,10,1,,2,1,NA,1,30,4,0,,,NA,NA,NA,NA,NA,NA,NA,NA,NA,NA,NA,NA,NA,NA,0,
3099,07/31/2015 10:50:00 AM,"Broadway and Bond St, Somerville, MA",-71.096738,42.3944357,1,1,3,1,2,2,2,2,1,NA,1,1,,NA,NA,NA,NA,NA,NA,NA,NA,NA,NA,NA,NA,NA,NA,NA,0,0,0,0,0,,,0,NA,,,,,,,NA,NA,NA,NA,NA,NA,NA,NA,NA,NA,NA,NA,NA,NA,1,City MV stopped for light; MV op could not stop & rear-ended
3100,07/31/2015 12:10:00 PM,"Dartmouth St and Medford St, Somerville, MA",-71.0978631,42.3898399,1,1,1,3,1,1,2,2,1,NA,,1,,NA,NA,NA,NA,NA,NA,NA,NA,NA,NA,NA,NA,NA,NA,NA,0,0,0,0,0,,,0,NA,,,,,,,NA,NA,NA,NA,NA,NA,NA,NA,NA,NA,NA,NA,NA,NA,1,"SFD engine responding to call made turn, struck stopped MV in front bumper"
3101,07/31/2015 11:00:00 AM,"Washington St and McGrath Hwy, Somerville, MA",-71.0893942,42.3804355,1,1,4,3,4,1,1,2,6,10,,,,NA,NA,NA,NA,NA,NA,NA,NA,NA,NA,NA,NA,NA,NA,NA,0,1,0,4,3,,2,1,NA,1,25,4,0,,,NA,NA,NA,NA,NA,NA,NA,NA,NA,NA,NA,NA,NA,NA,1,SPD Detail
3102,08/02/2015 05:44:00 AM,"27 Claremon St, Somerville, MA",-71.1273657,42.4010199,1,1,1,1,4,4,NA,1,1,NA,1,1,,NA,NA,NA,NA,NA,NA,NA,NA,NA,NA,NA,NA,NA,NA,NA,0,0,0,NA,,,,0,NA,,,,,,,NA,NA,NA,NA,NA,NA,NA,NA,NA,NA,NA,NA,NA,NA,0,
3103,08/03/2015 08:40:00 AM,"7B Grandview Ave, Somerville, MA",-71.0949904,42.3849458,1,1,1,1,1,6,NA,1,99,NA,1,99,,NA,NA,NA,NA,NA,NA,NA,NA,NA,NA,NA,NA,NA,NA,NA,0,0,0,NA,,,,0,NA,,,,,,,NA,NA,NA,NA,NA,NA,NA,NA,NA,NA,NA,NA,NA,NA,0,
3104,08/03/2015 04:05:00 PM,"Broadway and Glen St, Somerville, MA",-71.08417,42.3878167,1,1,5,2,3,1,1,2,3,4,1,,,NA,NA,NA,NA,NA,NA,NA,NA,NA,NA,NA,NA,NA,NA,NA,1,0,0,4,1,,5,1,NA,0,22,3,1,,,NA,NA,NA,NA,NA,NA,NA,NA,NA,NA,NA,NA,NA,NA,0,
3105,08/04/2015 08:14:00 AM,"194 Holland St, Somerville, MA",-71.1266184,42.4015447,2,2,1,1,2,3,1,10,19,NA,,,,NA,NA,NA,NA,NA,NA,NA,NA,NA,NA,NA,NA,NA,NA,NA,0,0,1,0,0,Tree,,0,NA,,,,,,,NA,NA,NA,NA,NA,NA,NA,NA,NA,NA,NA,NA,NA,NA,0,
3106,08/04/2015 12:32:00 PM,"Medford St and Bartlett St, Somerville, MA",-71.1018664,42.3941256,2,1,1,2,1,1,NA,1,3,NA,1,1,,NA,NA,NA,NA,NA,NA,NA,NA,NA,NA,NA,NA,NA,NA,NA,0,0,0,NA,,,,0,NA,,,,,,,NA,NA,NA,NA,NA,NA,NA,NA,NA,NA,NA,NA,NA,NA,0,
3107,08/05/2015 01:01:00 AM,"Linden St and Somerville Ave, Somerville, MA",-71.0925948,42.3785464,1,1,1,1,1,2,NA,1,1,NA,2,99,,NA,NA,NA,NA,NA,NA,NA,NA,NA,NA,NA,NA,NA,NA,NA,0,0,0,NA,,,,1,NA,1,23,4,0,0,26,4,0,NA,NA,NA,NA,NA,NA,NA,NA,NA,NA,NA,NA,0,
3108,08/06/2015 10:37:00 AM,"Hudson St and Lowell St, Somerville, MA",-71.1075438,42.3908061,1,1,1,2,1,1,NA,1,4,NA,1,1,,NA,NA,NA,NA,NA,NA,NA,NA,NA,NA,NA,NA,NA,NA,NA,0,0,0,NA,,,,1,NA,0,70,4,1,,,NA,NA,NA,NA,NA,NA,NA,NA,NA,NA,NA,NA,NA,NA,0,
3109,08/06/2015 02:39:00 PM,"McGrath Hwy and Somerville Ave, Somerville, MA",-71.0861237,42.3756473,1,1,3,6,4,3,NA,1,99,NA,2,4,,NA,NA,NA,NA,NA,NA,NA,NA,NA,NA,NA,NA,NA,NA,NA,0,0,0,NA,,,,0,NA,,,,,,,NA,NA,NA,NA,NA,NA,NA,NA,NA,NA,NA,NA,NA,NA,0,
3110,08/06/2015 05:56:00 PM,"680 Somerville Ave, Somerville, MA",-71.1131546,42.3851059,1,1,1,1,1,3,1,1,4,NA,,,,NA,NA,NA,NA,NA,NA,NA,NA,NA,NA,NA,NA,NA,NA,NA,1,0,0,10,2,,2,1,NA,1,31,3,0,,,NA,NA,NA,NA,NA,NA,NA,NA,NA,NA,NA,NA,NA,NA,0,
3111,08/07/2015 11:33:00 AM,"Inner Belt Rd and Washington St, Somerville, MA",-71.0815211,42.3820437,1,1,3,3,2,3,NA,2,1,NA,1,1,,NA,NA,NA,NA,NA,NA,NA,NA,NA,NA,NA,NA,NA,NA,NA,0,0,0,NA,,,,1,3,1,40,3,1,0,47,3,0,0,48,3,0,NA,NA,NA,NA,NA,NA,NA,NA,0,
3113,08/07/2015 10:43:00 PM,"149 Perkins St, Somerville, MA",-71.0828834,42.3857549,1,1,1,1,1,4,2,7,99,NA,1,1,,NA,NA,NA,NA,NA,NA,NA,NA,NA,NA,NA,NA,NA,NA,NA,0,0,0,0,0,,,0,NA,,,,,,,NA,NA,NA,NA,NA,NA,NA,NA,NA,NA,NA,NA,NA,NA,1,City MV sideswiped mirror of parked MV
3114,08/09/2015 11:20:00 AM,"Lowell St and Albion St, Somerville, MA",-71.1071395,42.3913877,1,1,3,3,1,3,NA,1,1,NA,1,4,,NA,NA,NA,NA,NA,NA,NA,NA,NA,NA,NA,NA,NA,NA,NA,0,0,0,NA,,,,0,NA,,,,,,,NA,NA,NA,NA,NA,NA,NA,NA,NA,NA,NA,NA,NA,NA,0,
3115,08/09/2015 12:00:00 PM,"Grand Union and Great River Rd, Somerville, MA",-71.0797952,42.3959349,2,1,1,1,1,,NA,1,1,NA,1,1,,NA,NA,NA,NA,NA,NA,NA,NA,NA,NA,NA,NA,NA,NA,NA,0,0,0,NA,,,,0,NA,,,,,,,NA,NA,NA,NA,NA,NA,NA,NA,NA,NA,NA,NA,NA,NA,0,
3116,08/09/2015 06:46:00 PM,"14 Cutter Ave, Somerville, MA",-71.1203511,42.3945915,1,1,1,1,1,2,NA,1,1,NA,1,5,,NA,NA,NA,NA,NA,NA,NA,NA,NA,NA,NA,NA,NA,NA,NA,0,0,0,NA,,,,0,NA,,,,,,,NA,NA,NA,NA,NA,NA,NA,NA,NA,NA,NA,NA,NA,NA,0,
3117,08/10/2015 06:55:00 AM,"Winchester St and Broadway, Somerville, MA",-71.1093871,42.3989607,1,1,1,3,2,1,NA,1,4,NA,1,1,,NA,NA,NA,NA,NA,NA,NA,NA,NA,NA,NA,NA,NA,NA,NA,0,0,0,NA,,,,1,NA,0,33,4,1,,,NA,NA,NA,NA,NA,NA,NA,NA,NA,NA,NA,NA,NA,NA,0,
3118,08/10/2015 11:24:00 AM,"Highland Ave and Grove St, Somerville, MA",-71.1204966,42.3957061,1,1,2,2,1,3,NA,NA,18,NA,,18,,NA,NA,NA,NA,NA,NA,NA,NA,NA,NA,NA,NA,NA,NA,NA,0,0,0,NA,,,,0,NA,,,,,,,NA,NA,NA,NA,NA,NA,NA,NA,NA,NA,NA,NA,NA,NA,0,
3119,08/10/2015 02:02:00 PM,"12 Willow Ave, Somerville, MA",-71.1186474,42.3918521,1,1,1,9,4,3,NA,1,99,NA,1,99,,NA,NA,NA,NA,NA,NA,NA,NA,NA,NA,NA,NA,NA,NA,NA,0,0,0,NA,,,,0,NA,,,,,,,NA,NA,NA,NA,NA,NA,NA,NA,NA,NA,NA,NA,NA,NA,0,
3120,08/11/2015 06:25:00 AM,"Elm St and Cutter Ave, Somerville, MA",-71.1570006,42.421288,1,1,3,3,4,1,NA,NA,1,NA,,3,,NA,NA,NA,NA,NA,NA,NA,NA,NA,NA,NA,NA,NA,NA,NA,0,0,0,NA,,,,1,NA,0,21,4,1,,,NA,NA,NA,NA,NA,NA,NA,NA,NA,NA,NA,NA,NA,NA,0,
3121,08/11/2015 09:33:00 AM,"Warner St and Pearson Rd, Somerville, MA",-71.1150872,42.4020669,3,2,2,2,1,3,NA,1,99,NA,1,99,,NA,NA,NA,NA,NA,NA,NA,NA,NA,NA,NA,NA,NA,NA,NA,0,0,0,NA,,,,1,NA,0,54,4,1,,,NA,NA,NA,NA,NA,NA,NA,NA,NA,NA,NA,NA,NA,NA,0,
3122,08/11/2015 04:36:00 PM,"Somerville Ave and Mansfield St, Somerville, MA",-71.0901548,42.3776685,3,2,1,3,4,4,NA,2,11,NA,1,,,1,NA,NA,2,NA,NA,NA,NA,NA,NA,NA,NA,NA,NA,NA,0,0,0,NA,,,,1,NA,0,17,4,1,,,NA,NA,NA,NA,NA,NA,NA,NA,NA,NA,NA,NA,NA,NA,0,
3123,08/12/2015 01:17:00 PM,"497 Somerville Ave, Somerville, MA",-71.1049253,42.3830785,1,1,1,1,1,1,NA,1,1,NA,1,4,,NA,NA,NA,NA,NA,NA,NA,NA,NA,NA,NA,NA,NA,NA,NA,0,0,0,NA,,,,1,NA,0,60,4,1,,,NA,NA,NA,NA,NA,NA,NA,NA,NA,NA,NA,NA,NA,NA,0,
3124,08/14/2015 03:00:00 PM,"Summer St and Quincy St, Somerville, MA",-71.0998623,42.3837976,1,1,2,3,1,1,NA,2,99,NA,2,1,,NA,NA,NA,NA,NA,NA,NA,NA,NA,NA,NA,NA,NA,NA,NA,0,0,0,NA,,,,1,NA,1,61,2,1,,,NA,NA,NA,NA,NA,NA,NA,NA,NA,NA,NA,NA,NA,NA,0,
3125,08/14/2015 06:14:00 AM,"Wyatt St and Marion St, Somerville, MA",-71.101126,42.377301,1,1,1,3,1,4,2,6,1,NA,1,1,,NA,NA,NA,NA,NA,NA,NA,NA,NA,NA,NA,NA,NA,NA,NA,0,0,0,0,0,,,0,NA,,,,,,,NA,NA,NA,NA,NA,NA,NA,NA,NA,NA,NA,NA,NA,NA,1,"SFD engine responding to call, struck parked MV while turning"
3126,08/15/2015 02:47:00 AM,"150 Highland Ave, Somerville, MA",-71.103246,42.3881932,1,1,1,1,4,4,NA,3,9,NA,1,,,1,NA,NA,NA,NA,NA,NA,NA,NA,NA,NA,NA,NA,NA,NA,0,0,0,NA,,,,1,NA,1,30,4,0,,,NA,NA,NA,NA,NA,NA,NA,NA,NA,NA,NA,NA,NA,NA,0,
3127,08/15/2015 04:56:00 PM,"Hamlet St and Boston St, Somerville, MA",-71.0936679,42.3828765,1,1,2,3,1,3,NA,1,3,4,2,1,,NA,NA,NA,NA,NA,NA,NA,NA,NA,NA,NA,NA,NA,NA,NA,0,0,0,NA,,,,0,NA,,,,,,,NA,NA,NA,NA,NA,NA,NA,NA,NA,NA,NA,NA,NA,NA,0,
3128,08/15/2015 09:37:00 PM,"299 Broadway, Somerville, MA",-71.0925583,42.3930263,3,2,1,1,2,5,1,1,1,NA,,17,,NA,NA,NA,NA,NA,NA,NA,NA,NA,NA,NA,NA,NA,NA,NA,0,0,1,2,1,Scooter,2,1,2,0,26,3,1,1,27,3,1,NA,NA,NA,NA,NA,NA,NA,NA,NA,NA,NA,NA,0,
3129,08/15/2015 06:30:00 PM,"Washington St and Beacon St, Somerville, MA",-71.106382,42.3782892,2,1,3,3,1,3,1,NA,1,NA,,,,NA,NA,NA,NA,NA,NA,NA,NA,NA,NA,NA,NA,NA,NA,NA,1,0,0,2,1,,2c,0,NA,,,,,,,NA,NA,NA,NA,NA,NA,NA,NA,NA,NA,NA,NA,NA,NA,0,
3130,08/18/2015 11:20:00 AM,"282 Broadway, Somerville, MA",-71.0919342,42.3914744,1,1,1,1,99,4,NA,10,1,NA,1,4,,NA,NA,NA,NA,NA,NA,NA,NA,NA,NA,NA,NA,NA,NA,NA,0,0,0,NA,,,,0,NA,,,,,,,NA,NA,NA,NA,NA,NA,NA,NA,NA,NA,NA,NA,NA,NA,0,
3131,08/18/2015 06:09:00 PM,"Mystic Ave and Wheatland St, Somerville, MA",-71.0871373,42.3940947,1,1,1,1,4,2,NA,1,NA,NA,1,,,NA,NA,NA,NA,NA,NA,NA,NA,NA,NA,NA,NA,NA,NA,NA,0,0,0,NA,,,,0,NA,,,,,,,NA,NA,NA,NA,NA,NA,NA,NA,NA,NA,NA,NA,NA,NA,0,
3132,08/19/2015 07:39:00 AM,"238 Holland St, Somerville, MA",-71.127207,42.402676,1,1,3,1,1,2,NA,1,1,NA,1,1,,NA,NA,NA,NA,NA,NA,NA,NA,NA,NA,NA,NA,NA,NA,NA,0,0,0,NA,,,,0,NA,,,,,,,NA,NA,NA,NA,NA,NA,NA,NA,NA,NA,NA,NA,NA,NA,0,
3133,08/20/2015 03:54:00 AM,"181 Washington St, Somerville, MA",-71.0910397,42.3800532,1,1,1,1,1,1,NA,1,21,NA,,,,NA,NA,NA,NA,NA,NA,NA,NA,NA,NA,NA,NA,NA,NA,NA,0,0,0,NA,,,,0,NA,,,,,,,NA,NA,NA,NA,NA,NA,NA,NA,NA,NA,NA,NA,NA,NA,0,
3134,08/20/2015 01:30:00 PM,"Temple St and Sewall St, Somerville, MA",-71.0925535,42.3936272,1,1,2,3,2,3,NA,1,4,NA,,1,,NA,NA,NA,NA,NA,NA,NA,NA,NA,NA,NA,NA,NA,NA,NA,0,0,0,NA,,,,0,NA,,,,,,,NA,NA,NA,NA,NA,NA,NA,NA,NA,NA,NA,NA,NA,NA,0,
3135,08/22/2015 06:20:00 PM,"8 Herbert St, Somerville, MA",-71.122863,42.395111,1,1,1,1,1,1,1,NA,NA,NA,,,,NA,NA,NA,NA,NA,NA,NA,NA,NA,NA,NA,NA,NA,NA,NA,0,0,1,0,0,Metal pole,,0,NA,,,,,,,NA,NA,NA,NA,NA,NA,NA,NA,NA,NA,NA,NA,NA,NA,0,
3136,08/23/2015 09:52:00 PM,"Somerville Ave and Bow St, Somerville, MA",-71.1003902,42.3814782,2,2,1,4,4,1,1,1,1,NA,,,,NA,NA,NA,NA,NA,NA,NA,NA,NA,NA,NA,NA,NA,NA,NA,0,1,0,3,1,,2,1,2,0,unk,4,1,0,28,4,1,NA,NA,NA,NA,NA,NA,NA,NA,NA,NA,NA,NA,0,
3137,08/24/2015 05:15:00 PM,"Alewife Brook Pkwy and Gordon St, Somerville, MA",-71.1312365,42.4139819,1,1,1,3,1,2,NA,2,3,97,1,1,,NA,NA,NA,NA,NA,NA,NA,NA,NA,NA,NA,NA,NA,NA,NA,0,0,0,NA,,,,0,NA,,,,,,,NA,NA,NA,NA,NA,NA,NA,NA,NA,NA,NA,NA,NA,NA,0,
3138,08/24/2015 05:51:00 PM,"Washington St and Magnus Ave, Somerville, MA",-71.1034407,42.3789953,1,1,1,3,1,3,NA,1,1,NA,1,1,,NA,NA,NA,NA,NA,NA,NA,NA,NA,NA,NA,NA,NA,NA,NA,0,0,0,NA,,,,0,NA,,,,,,,NA,NA,NA,NA,NA,NA,NA,NA,NA,NA,NA,NA,NA,NA,0,
3139,08/24/2015 09:11:00 PM,"131 Central St, Somerville, MA",-71.100845,42.391684,1,1,1,1,1,4,NA,1,21,NA,1,,,NA,NA,NA,NA,NA,NA,NA,NA,NA,NA,NA,NA,NA,NA,NA,0,0,0,NA,,,,0,NA,,,,,,,NA,NA,NA,NA,NA,NA,NA,NA,NA,NA,NA,NA,NA,NA,0,
3140,08/25/2015 12:30:00 AM,"95 Summer St, Somerville, MA",-71.101517,42.385006,99,99,99,99,99,,NA,NA,NA,NA,,,,NA,NA,NA,NA,NA,NA,NA,NA,NA,NA,NA,NA,NA,NA,NA,0,0,0,NA,,,,0,NA,,,,,,,NA,NA,NA,NA,NA,NA,NA,NA,NA,NA,NA,NA,NA,NA,0,
3141,08/25/2015 04:20:00 PM,"Lowden Ave and Kidder Ave, Somerville, MA",-71.1151648,42.3980049,1,1,2,2,1,3,NA,2,4,NA,1,1,,NA,NA,NA,NA,NA,NA,NA,NA,NA,NA,NA,NA,NA,NA,NA,0,0,0,NA,,,,1,NA,0,53,3,0,,,NA,NA,NA,NA,NA,NA,NA,NA,NA,NA,NA,NA,NA,NA,0,
3142,08/26/2015 08:12:00 PM,"55 Chester St, Somerville, MA",-71.1223536,42.3951957,1,1,1,1,1,4,NA,10,NA,NA,1,,,NA,NA,NA,NA,NA,NA,NA,NA,NA,NA,NA,NA,NA,NA,NA,0,0,0,NA,,,,0,NA,,,,,,,NA,NA,NA,NA,NA,NA,NA,NA,NA,NA,NA,NA,NA,NA,0,
3143,08/26/2015 08:34:00 PM,"4 Walnut St, Somerville, MA",-71.0970373,42.381166,99,99,1,1,4,4,1,1,99,NA,1,1,,NA,NA,NA,NA,NA,NA,NA,NA,NA,NA,NA,NA,NA,NA,NA,0,0,1,0,0,Parked & locked bike,,0,NA,,,,,,,NA,NA,NA,NA,NA,NA,NA,NA,NA,NA,NA,NA,NA,NA,0,
3144,08/26/2015 10:18:00 AM,"12 Belmont St, Somerville, MA",-71.1106333,42.3848943,1,1,1,1,4,4,2,6,1,NA,1,,,NA,NA,NA,NA,NA,NA,NA,NA,NA,NA,NA,NA,NA,NA,NA,0,0,0,0,0,,,0,NA,,,,,,,NA,NA,NA,NA,NA,NA,NA,NA,NA,NA,NA,NA,NA,NA,1,SFD MV struck mirror of parked MV on narrow street
3145,08/27/2015 05:59:00 PM,"30 Prospect St, Somerville, MA",-71.0942951,42.3783779,99,99,99,99,99,,NA,2,21,NA,1,1,,2,1,NA,NA,NA,NA,NA,NA,NA,NA,NA,NA,NA,NA,NA,0,0,0,NA,,,,1,NA,0,41,4,1,,,NA,NA,NA,NA,NA,NA,NA,NA,NA,NA,NA,NA,NA,NA,0,
3146,08/28/2015 07:00:00 PM,"Bay State Ave and Mallet St, Somerville, MA",-71.1150171,42.3996265,1,1,2,2,4,6,1,2,99,NA,,99,,NA,NA,NA,NA,NA,NA,NA,NA,NA,NA,NA,NA,NA,NA,NA,0,0,0,2,1,Scooter,5,1,NA,1,61,4,0,,,NA,NA,NA,NA,NA,NA,NA,NA,NA,NA,NA,NA,NA,NA,0,
3147,08/28/2015 07:49:00 PM,"Broadway and Willow Ave, Somerville, MA",-71.1127004,42.4001,1,1,3,2,1,1,1,2,1,NA,,,,NA,NA,NA,NA,NA,NA,NA,NA,NA,NA,NA,NA,NA,NA,NA,0,1,0,1,1,,5,1,NA,1,23,3,0,,,NA,NA,NA,NA,NA,NA,NA,NA,NA,NA,NA,NA,NA,NA,0,
3148,08/29/2015 02:04:00 PM,"Beacon St and Concord St, Somerville, MA",-71.1025083,42.375107,1,1,99,3,1,2,NA,1,5,NA,1,1,,NA,NA,NA,NA,NA,NA,NA,NA,NA,NA,NA,NA,NA,NA,NA,0,0,0,NA,,,,0,NA,,,,,,,NA,NA,NA,NA,NA,NA,NA,NA,NA,NA,NA,NA,NA,NA,0,
3149,08/30/2015 04:24:00 AM,"9 Radcliffe Rd, Somerville, MA",-71.093103,42.388587,99,99,1,1,1,4,NA,6,99,NA,1,1,,1,1,NA,1,1,NA,1,1,NA,NA,NA,NA,NA,NA,NA,0,0,0,NA,,,,0,NA,,,,,,,NA,NA,NA,NA,NA,NA,NA,NA,NA,NA,NA,NA,NA,NA,0,
3150,08/31/2015 11:10:00 PM,"620 Broadway, Somerville, MA",-71.1095545,42.3990016,1,1,1,1,1,2,1,NA,1,NA,1,1,,NA,NA,NA,NA,NA,NA,NA,NA,NA,NA,NA,NA,NA,NA,NA,0,0,1,4,2,Moped,4a,0,NA,,,,,,,NA,NA,NA,NA,NA,NA,NA,NA,NA,NA,NA,NA,NA,NA,0,Moped (striking vehicle)
3151,09/01/2015 09:20:00 AM,"Highland Ave and Belmont St, Somerville, MA",-71.1072778,42.3898971,1,1,2,3,1,3,2,1,4,NA,3,1,,NA,NA,NA,NA,NA,NA,NA,NA,NA,NA,NA,NA,NA,NA,NA,0,0,1,2,1,Motorcycle,5,1,NA,0,42,4,1,,,NA,NA,NA,NA,NA,NA,NA,NA,NA,NA,NA,NA,NA,NA,0,
3152,09/01/2015 02:15:00 PM,"Holland St and Elmwood St, Somerville, MA",-71.1257086,42.4004341,1,1,2,3,1,3,NA,1,1,NA,1,1,,NA,NA,NA,NA,NA,NA,NA,NA,NA,NA,NA,NA,NA,NA,NA,0,0,0,NA,,,,1,NA,1,24,4,1,,,NA,NA,NA,NA,NA,NA,NA,NA,NA,NA,NA,NA,NA,NA,0,
3153,09/02/2015 07:00:00 PM,"92 Yorktown St, Somerville, MA",-71.1293741,42.400132,1,1,1,1,4,4,2,1,NA,NA,1,1,,NA,NA,NA,NA,NA,NA,NA,NA,NA,NA,NA,NA,NA,NA,NA,0,0,1,0,0,Pole,,0,NA,,,,,,,NA,NA,NA,NA,NA,NA,NA,NA,NA,NA,NA,NA,NA,NA,0,
3154,09/02/2015 02:25:00 PM,"Highland Ave and Central St, Somerville, MA",-71.1034359,42.3884241,1,1,3,2,1,3,2,1,1,NA,2,1,,NA,NA,NA,NA,NA,NA,NA,NA,NA,NA,NA,NA,NA,NA,NA,0,0,0,0,0,,,0,NA,,,,,,,NA,NA,NA,NA,NA,NA,NA,NA,NA,NA,NA,NA,NA,NA,1,"SPD unmarked preparing for MV stop, took a right turn & MV on the right struck; no blue lights"
3155,09/03/2015 05:49:00 PM,"44 Park St, Somerville, MA",-71.1067416,42.3813048,1,1,1,1,1,1,1,1,4,19,,1,,NA,NA,NA,NA,NA,NA,NA,NA,NA,NA,NA,NA,NA,NA,NA,1,0,0,4,2,,7,1,NA,0,26,3,0,,,NA,NA,NA,NA,NA,NA,NA,NA,NA,NA,NA,NA,NA,NA,0,
3156,09/03/2015 04:00:00 AM,"21 Bonair St, Somerville, MA",-71.0878809,42.3880398,1,1,1,3,4,4,2,7,1,NA,1,,,NA,NA,NA,NA,NA,NA,NA,NA,NA,NA,NA,NA,NA,NA,NA,0,0,0,0,0,,,0,NA,,,,,,,NA,NA,NA,NA,NA,NA,NA,NA,NA,NA,NA,NA,NA,NA,1,City MV sideswiped parked MV while turning
3157,09/04/2015 06:47:00 PM,"77 Chandler St, Somerville, MA",-71.1204795,42.4003122,1,1,1,1,1,5,NA,2,12,NA,1,,,1,NA,NA,NA,NA,NA,NA,NA,NA,NA,NA,NA,NA,NA,NA,0,0,0,NA,,,,0,NA,,,,,,,NA,NA,NA,NA,NA,NA,NA,NA,NA,NA,NA,NA,NA,NA,0,
3158,09/04/2015 10:59:00 AM,"67 Summer St, Somerville, MA",-71.1001719,42.3842949,1,1,1,1,1,4,2,2,99,NA,1,,,NA,NA,NA,NA,NA,NA,NA,NA,NA,NA,NA,NA,NA,NA,NA,0,1,0,4,5,,7,1,NA,0,24,4,0,,,NA,NA,NA,NA,NA,NA,NA,NA,NA,NA,NA,NA,NA,NA,0,
3159,09/05/2015 08:23:00 AM,"31 Ash Ave, Somerville, MA",-71.0953502,42.3984534,1,1,1,1,1,3,NA,6,99,NA,1,1,,NA,NA,NA,NA,NA,NA,NA,NA,NA,NA,NA,NA,NA,NA,NA,0,0,0,NA,,,,0,NA,,,,,,,NA,NA,NA,NA,NA,NA,NA,NA,NA,NA,NA,NA,NA,NA,0,
3160,09/06/2015 04:34:00 PM,"Grand Union Blvd and Foley St, Somerville, MA",-71.0805024,42.3930129,1,1,2,2,1,3,NA,1,1,NA,,3,4,NA,NA,NA,NA,NA,NA,NA,NA,NA,NA,NA,NA,NA,NA,NA,0,0,0,NA,,,,0,NA,,,,,,,NA,NA,NA,NA,NA,NA,NA,NA,NA,NA,NA,NA,NA,NA,0,