id,date_time,address,lon,lat,Weather,road_surface,traffic_control_device,intersection_type,traffic_way_desc,collision_manner,num_involved_vehicles,vehicle1_configuration,driver1_contrib1,driver1_contrib2,vehicle2_configuration,driver2_contrib1,driver2_contrib2,vehicle3_configuration,driver3_contrib1,driver3_contrib2,vehicle4_configuration,driver4_contrib1,driver4_contrib2,vehicle5_configuration,driver5_contrib1,driver5_contrib2,vehicle6_configuration,driver6_contrib1,driver6_contrib2,vehicle7_configuration,driver7_contrib1,driver7_contrib2,Bicycle,Pedestrian,non_mv,non_motorist_location,non_motorist_action,non_motorist_type,manner_of_non_motorist_collision,Injury,Multiple,Gender1,Age1,Severity1,Hospital1,Gender2,Age2,Severity2,Hospital2,Gender3,Age3,Severity3,Hospital3,Gender4,Age4,Severity4,Hospital4,Gender5,Age5,Severity5,Hospital5,city_vehicle,Notes
3161,09/08/2015 12:15:00 PM,"Somerville Ave and Prospect St, Somerville, MA",-71.0941078,42.3791063,1,1,3,2,1,4,NA,6,1,NA,1,4,,NA,NA,NA,NA,NA,NA,NA,NA,NA,NA,NA,NA,NA,NA,NA,0,0,0,NA,,,,0,NA,,,,,,,NA,NA,NA,NA,NA,NA,NA,NA,NA,NA,NA,NA,NA,NA,0,
3162,09/09/2015 10:13:00 AM,"101 Elm St, Somerville, MA",-71.1169115,42.3897855,1,1,1,1,1,2,NA,6,97,NA,1,1,,NA,NA,NA,NA,NA,NA,NA,NA,NA,NA,NA,NA,NA,NA,NA,0,0,0,NA,,,,0,NA,,,,,,,NA,NA,NA,NA,NA,NA,NA,NA,NA,NA,NA,NA,NA,NA,0,
3163,09/09/2015 11:14:00 AM,"582 Somerville Ave, Somerville, MA",-71.1085361,42.3836788,1,1,1,1,1,2,NA,2,97,NA,1,1,,NA,NA,NA,NA,NA,NA,NA,NA,NA,NA,NA,NA,NA,NA,NA,0,0,0,NA,,,,1,NA,1,31,4,0,,,NA,NA,NA,NA,NA,NA,NA,NA,NA,NA,NA,NA,NA,NA,0,
3164,09/09/2015 08:55:00 PM,"Washington St and Mansfield St, Somerville, MA",-71.0906664,42.3798839,1,1,1,3,1,2,NA,NA,1,NA,,5,9,NA,NA,NA,NA,NA,NA,NA,NA,NA,NA,NA,NA,NA,NA,NA,0,0,0,NA,,,,1,NA,1,36,4,1,,,NA,NA,NA,NA,NA,NA,NA,NA,NA,NA,NA,NA,NA,NA,0,
3165,09/09/2015 09:45:00 PM,"Somerville Ave and Quincy St, Somerville, MA",-71.1012716,42.3817512,1,1,1,3,1,3,NA,1,4,NA,1,1,,NA,NA,NA,NA,NA,NA,NA,NA,NA,NA,NA,NA,NA,NA,NA,0,0,0,NA,,,,1,NA,1,30,3,1,,,NA,NA,NA,NA,NA,NA,NA,NA,NA,NA,NA,NA,NA,NA,0,
3166,09/10/2015 11:05:00 AM,"21 Langmaid Ave, Somerville, MA",-71.0934041,42.393683,2,1,1,3,4,4,2,2,1,NA,1,1,,NA,NA,NA,NA,NA,NA,NA,NA,NA,NA,NA,NA,NA,NA,NA,0,0,1,0,0,"Tree, sign, fence",,0,NA,,,,,,,NA,NA,NA,NA,NA,NA,NA,NA,NA,NA,NA,NA,NA,NA,0,
3167,09/10/2015 11:28:00 AM,"Washington St and Bonner Ave, Somerville, MA",-71.0939847,42.3795851,2,1,1,3,1,1,1,3,10,NA,,,,NA,NA,NA,NA,NA,NA,NA,NA,NA,NA,NA,NA,NA,NA,NA,0,0,1,8,2,"Motorcycle, Sign, Tree",8,1,NA,1,47,3,1,,,NA,NA,NA,NA,NA,NA,NA,NA,NA,NA,NA,NA,NA,NA,0,
3168,09/11/2015 03:20:00 PM,"220 Washington St , Somerville, MA",-71.0923918,42.3789618,1,1,1,1,1,4,NA,2,19,NA,2,99,,NA,NA,NA,NA,NA,NA,NA,NA,NA,NA,NA,NA,NA,NA,NA,0,0,0,NA,,,,0,NA,,,,,,,NA,NA,NA,NA,NA,NA,NA,NA,NA,NA,NA,NA,NA,NA,0,
3169,09/12/2015 11:46:00 AM,"Highland Ave and Putnam St, Somerville, MA",-71.0968889,42.3862125,1,1,2,3,1,3,NA,1,1,NA,1,19,,NA,NA,NA,NA,NA,NA,NA,NA,NA,NA,NA,NA,NA,NA,NA,0,0,0,NA,,,,0,NA,,,,,,,NA,NA,NA,NA,NA,NA,NA,NA,NA,NA,NA,NA,NA,NA,0,
3170,09/12/2015 05:16:00 PM,"Grand Union Blvd and Foley St, Somerville, MA",-71.0805024,42.3930129,1,1,2,2,1,3,NA,1,1,NA,1,3,8,NA,NA,NA,NA,NA,NA,NA,NA,NA,NA,NA,NA,NA,NA,NA,0,0,0,NA,,,,1,5,0,33,4,1,0,58,4,1,0,9,4,1,1,10,4,1,0,22,4,1,0,
3171,09/13/2015 01:45:00 AM,"456 Medford St, Somerville, MA",-71.10164,42.3935735,3,2,1,1,1,3,NA,NA,NA,NA,,,,NA,NA,NA,NA,NA,NA,NA,NA,NA,NA,NA,NA,NA,NA,NA,0,0,0,NA,,,,1,NA,0,17,4,1,,,NA,NA,NA,NA,NA,NA,NA,NA,NA,NA,NA,NA,NA,NA,0,
3172,09/14/2015 04:30:00 PM,"Beacon St and Oxford St, Somerville, MA",-71.1161841,42.3860143,1,1,2,3,1,3,NA,1,4,NA,1,1,,NA,NA,NA,NA,NA,NA,NA,NA,NA,NA,NA,NA,NA,NA,NA,0,0,0,NA,,,,0,NA,,,,,,,NA,NA,NA,NA,NA,NA,NA,NA,NA,NA,NA,NA,NA,NA,0,
3173,09/14/2015 08:15:00 AM,"85 Central St, Somerville, MA",-71.1031756,42.3886954,1,1,1,1,1,1,1,1,1,NA,,,,NA,NA,NA,NA,NA,NA,NA,NA,NA,NA,NA,NA,NA,NA,NA,1,0,0,9,2,,1,0,NA,,,,,,,NA,NA,NA,NA,NA,NA,NA,NA,NA,NA,NA,NA,NA,NA,0,
3174,09/14/2015 08:59:00 AM,"65 Beacon St, Somerville, MA",-71.1038545,42.3762308,1,1,1,1,1,4,2,NA,1,NA,,4,,NA,NA,NA,NA,NA,NA,NA,NA,NA,NA,NA,NA,NA,NA,NA,0,0,0,0,0,,,0,NA,,,,,,,NA,NA,NA,NA,NA,NA,NA,NA,NA,NA,NA,NA,NA,NA,1,"SFD engine leaving call, crossed street into appropriate lane; MV travelling same direction failed to stop (lights activated) & engine sideswipped (in blind spot)"
3175,09/15/2015 10:30:00 AM,"Somerville Ave and Prospect St, Somerville, MA",-71.0941078,42.3791063,1,1,3,2,1,3,NA,2,3,NA,1,1,,NA,NA,NA,NA,NA,NA,NA,NA,NA,NA,NA,NA,NA,NA,NA,0,0,0,NA,,,,0,NA,,,,,,,NA,NA,NA,NA,NA,NA,NA,NA,NA,NA,NA,NA,NA,NA,0,
3176,09/16/2015 09:52:00 AM,"Mt. Pleasant St and Perkins St, Somerville, MA",-71.0791126,42.3844394,99,99,2,3,1,2,NA,NA,99,NA,1,1,,NA,NA,NA,NA,NA,NA,NA,NA,NA,NA,NA,NA,NA,NA,NA,0,0,0,NA,,,,0,NA,,,,,,,NA,NA,NA,NA,NA,NA,NA,NA,NA,NA,NA,NA,NA,NA,0,
3177,09/16/2015 09:56:00 PM,"1374 Broadway, Somerville, MA",-71.1333063,42.4060568,1,1,1,1,1,4,NA,1,1,NA,2,1,,NA,NA,NA,NA,NA,NA,NA,NA,NA,NA,NA,NA,NA,NA,NA,0,0,0,NA,,,,0,NA,,,,,,,NA,NA,NA,NA,NA,NA,NA,NA,NA,NA,NA,NA,NA,NA,0,
3178,09/17/2015 10:36:00 PM,"Cross St and Randolph Pl, Somerville, MA",-71.0880317,42.3854096,1,1,1,3,1,2,NA,1,9,10,,1,,NA,NA,NA,NA,NA,NA,NA,NA,NA,NA,NA,NA,NA,NA,NA,0,0,0,NA,,,,0,NA,,,,,,,NA,NA,NA,NA,NA,NA,NA,NA,NA,NA,NA,NA,NA,NA,0,
3179,09/17/2015 08:35:00 AM,"Somerville Ave and Church St, Somerville, MA",-71.1005403,42.3815227,1,1,2,2,1,3,1,1,99,NA,1,1,,NA,NA,NA,NA,NA,NA,NA,NA,NA,NA,NA,NA,NA,NA,NA,1,0,0,10,1,,5,1,NA,1,31,3,0,,,NA,NA,NA,NA,NA,NA,NA,NA,NA,NA,NA,NA,NA,NA,0,
3180,09/18/2015 02:34:00 PM,"97 Cross St, Somerville, MA",-71.0888011,42.3847974,1,1,1,1,1,4,NA,1,4,NA,2,1,,NA,NA,NA,NA,NA,NA,NA,NA,NA,NA,NA,NA,NA,NA,NA,0,0,0,NA,,,,0,NA,,,,,,,NA,NA,NA,NA,NA,NA,NA,NA,NA,NA,NA,NA,NA,NA,0,
3181,09/18/2015 02:56:00 PM,"Prospect St and Concord Ave, Somerville, MA",-71.0956827,42.3768572,1,1,3,4,1,3,NA,1,1,NA,1,9,,NA,NA,NA,NA,NA,NA,NA,NA,NA,NA,NA,NA,NA,NA,NA,0,0,0,NA,,,,1,NA,0,60,4,0,,,NA,NA,NA,NA,NA,NA,NA,NA,NA,NA,NA,NA,NA,NA,0,
3182,09/18/2015 04:51:00 PM,"79 Highland Ave, Somerville, MA",-71.0943955,42.385793,1,1,1,1,1,1,NA,2,1,NA,2,,,NA,NA,NA,NA,NA,NA,NA,NA,NA,NA,NA,NA,NA,NA,NA,0,0,0,NA,,,,0,NA,,,,,,,NA,NA,NA,NA,NA,NA,NA,NA,NA,NA,NA,NA,NA,NA,0,
3183,09/18/2015 07:50:00 AM,"Lowell St and Vernon St, Somerville, MA",-71.1056539,42.3935244,1,1,1,3,1,1,1,NA,NA,NA,,,,NA,NA,NA,NA,NA,NA,NA,NA,NA,NA,NA,NA,NA,NA,NA,1,0,0,2,1,,2c,1,NA,1,59,3,0,,,NA,NA,NA,NA,NA,NA,NA,NA,NA,NA,NA,NA,NA,NA,0,
3184,09/18/2015 08:11:00 AM,"154 Highland Ave, Somerville, MA",-71.1036241,42.3883546,1,1,1,1,2,4,2,4,99,NA,1,,,NA,NA,NA,NA,NA,NA,NA,NA,NA,NA,NA,NA,NA,NA,NA,0,0,0,0,0,,,0,NA,,,,,,,NA,NA,NA,NA,NA,NA,NA,NA,NA,NA,NA,NA,NA,NA,1,MBTA bus sideswiped parked City MV
3185,09/19/2015 01:50:00 PM,"238 Summer St, Somerville, MA",-71.1123201,42.3893654,1,1,1,1,1,4,1,1,19,NA,,1,,NA,NA,NA,NA,NA,NA,NA,NA,NA,NA,NA,NA,NA,NA,NA,1,0,0,4,2,,3,1,NA,1,20,3,1,,,NA,NA,NA,NA,NA,NA,NA,NA,NA,NA,NA,NA,NA,NA,0,
3186,09/20/2015 09:54:00 PM,"253 Highland Ave, Somerville, MA",-71.1102511,42.3912579,1,1,1,1,1,4,NA,1,14,NA,1,1,,1,1,NA,1,1,NA,2,1,NA,NA,NA,NA,NA,NA,NA,0,0,0,NA,,,,0,NA,,,,,,,NA,NA,NA,NA,NA,NA,NA,NA,NA,NA,NA,NA,NA,NA,0,
3187,09/20/2015 03:30:00 PM,"Powder House Blvd and North St, Somerville, MA",-71.1302644,42.4073825,1,1,3,2,1,3,1,1,1,NA,,,,NA,NA,NA,NA,NA,NA,NA,NA,NA,NA,NA,NA,NA,NA,NA,1,0,0,2,1,,5a,1,NA,0,22,unk,1,,,NA,NA,NA,NA,NA,NA,NA,NA,NA,NA,NA,NA,NA,NA,0,
3188,09/21/2015 02:01:00 AM,"7 Albion St, Somerville, MA",-71.1029311,42.3898853,1,1,1,1,4,1,NA,NA,1,NA,,1,,NA,NA,NA,NA,NA,NA,NA,NA,NA,NA,NA,NA,NA,NA,NA,0,0,0,NA,,,,0,NA,,,,,,,NA,NA,NA,NA,NA,NA,NA,NA,NA,NA,NA,NA,NA,NA,0,
3189,09/21/2015 05:18:00 PM,"Medford St and Glenwood Rd, Somerville, MA",-71.1023059,42.3946886,1,1,2,2,1,3,NA,1,3,4,2,1,,NA,NA,NA,NA,NA,NA,NA,NA,NA,NA,NA,NA,NA,NA,NA,0,0,0,NA,,,,1,NA,1,19,4,1,,,NA,NA,NA,NA,NA,NA,NA,NA,NA,NA,NA,NA,NA,NA,0,
3190,09/22/2015 12:14:00 PM,"Powder House Blvd and Powder House Rotary, Somerville, MA",-71.0994968,42.3875968,2,1,2,3,1,2,NA,1,5,NA,1,1,,NA,NA,NA,NA,NA,NA,NA,NA,NA,NA,NA,NA,NA,NA,NA,0,0,0,NA,,,,0,NA,,,,,,,NA,NA,NA,NA,NA,NA,NA,NA,NA,NA,NA,NA,NA,NA,0,
3191,09/23/2015 01:10:00 PM,"Lowell St and Albion St, Somerville, MA",-71.1071395,42.3913877,1,1,2,3,1,3,NA,1,3,19,2,1,,NA,NA,NA,NA,NA,NA,NA,NA,NA,NA,NA,NA,NA,NA,NA,0,0,0,NA,,,,0,NA,,,,,,,NA,NA,NA,NA,NA,NA,NA,NA,NA,NA,NA,NA,NA,NA,0,
3192,09/26/2015 01:58:00 PM,"Columbus Ave and Washington St, Somerville, MA",-71.0930682,42.3795065,1,1,2,3,2,3,3,1,1,NA,1,1,,1,1,NA,NA,NA,NA,NA,NA,NA,NA,NA,NA,NA,NA,NA,0,0,0,0,0,,,0,NA,,,,,,,NA,NA,NA,NA,NA,NA,NA,NA,NA,NA,NA,NA,NA,NA,1,"MV op thought car was in park; it rolled across Washington into lot housing Det. vehicles, striking fence & 2 unmarkeds"
3193,09/27/2015 05:50:00 AM,"McGrath Hwy and Washington St, Somerville, MA",-71.0893942,42.3804355,1,1,3,2,1,3,NA,2,99,NA,2,99,,NA,NA,NA,NA,NA,NA,NA,NA,NA,NA,NA,NA,NA,NA,NA,0,0,0,NA,,,,0,NA,,,,,,,NA,NA,NA,NA,NA,NA,NA,NA,NA,NA,NA,NA,NA,NA,0,
3194,09/27/2015 08:00:00 AM,"Prospect St and Somerville Ave, Somerville, MA",-71.0941078,42.3791063,1,1,3,2,2,3,NA,1,13,NA,2,1,,NA,NA,NA,NA,NA,NA,NA,NA,NA,NA,NA,NA,NA,NA,NA,0,0,0,NA,,,,0,NA,,,,,,,NA,NA,NA,NA,NA,NA,NA,NA,NA,NA,NA,NA,NA,NA,0,
3195,09/27/2015 09:44:00 AM,"Broadway and Glen St, Somerville, MA",-71.08417,42.3878167,1,1,1,3,2,2,NA,1,1,NA,2,1,,NA,NA,NA,NA,NA,NA,NA,NA,NA,NA,NA,NA,NA,NA,NA,0,0,0,NA,,,,0,NA,,,,,,,NA,NA,NA,NA,NA,NA,NA,NA,NA,NA,NA,NA,NA,NA,0,
3196,09/27/2015 03:00:00 PM,"Glenwood Rd and Broadway, Somerville, MA",-71.1011856,42.3963338,1,1,2,3,4,1,1,1,3,19,,,,NA,NA,NA,NA,NA,NA,NA,NA,NA,NA,NA,NA,NA,NA,NA,0,1,0,1,1,,4,1,NA,0,30,4,0,,,NA,NA,NA,NA,NA,NA,NA,NA,NA,NA,NA,NA,NA,NA,0,
3197,09/28/2015 11:03:00 AM,"Walnut St and Medford St, Somerville, MA",-71.0937489,42.3857992,1,1,3,2,2,1,1,NA,NA,NA,,,,NA,NA,NA,NA,NA,NA,NA,NA,NA,NA,NA,NA,NA,NA,NA,0,0,1,0,0,Traffic pole,,0,NA,,,,,,,NA,NA,NA,NA,NA,NA,NA,NA,NA,NA,NA,NA,NA,NA,0,
3198,09/28/2015 11:09:00 AM,"24 Rossmore St, Somerville, MA",-71.0914124,42.3787924,1,1,1,1,4,4,NA,1,19,NA,2,1,,NA,NA,NA,NA,NA,NA,NA,NA,NA,NA,NA,NA,NA,NA,NA,0,0,0,NA,,,,0,NA,,,,,,,NA,NA,NA,NA,NA,NA,NA,NA,NA,NA,NA,NA,NA,NA,0,
3199,09/28/2015 12:43:00 PM,"531 Medfrod St, Somerville, MA",-71.1039334,42.3970382,1,1,1,1,1,4,NA,NA,97,NA,,1,,NA,NA,NA,NA,NA,NA,NA,NA,NA,NA,NA,NA,NA,NA,NA,0,0,0,NA,,,,0,NA,,,,,,,NA,NA,NA,NA,NA,NA,NA,NA,NA,NA,NA,NA,NA,NA,0,
3200,09/28/2015 01:23:00 PM,"180 Somerville Ave, Somerville, MA",-71.0904322,42.3764299,1,1,1,1,1,3,NA,1,4,NA,2,1,,NA,NA,NA,NA,NA,NA,NA,NA,NA,NA,NA,NA,NA,NA,NA,0,0,0,NA,,,,1,NA,1,30,4,1,,,NA,NA,NA,NA,NA,NA,NA,NA,NA,NA,NA,NA,NA,NA,0,
3201,09/28/2015 02:16:00 PM,"514 Medfrod St, Somerville, MA",-71.1038803,42.3965029,1,1,1,1,1,3,NA,NA,5,NA,1,1,,NA,NA,NA,NA,NA,NA,NA,NA,NA,NA,NA,NA,NA,NA,NA,0,0,0,NA,,,,0,NA,,,,,,,NA,NA,NA,NA,NA,NA,NA,NA,NA,NA,NA,NA,NA,NA,0,
3202,09/29/2015 12:45:00 PM,"100 Pearson Rd, Somerville, MA",-71.1158649,42.4037723,1,1,1,1,4,3,NA,1,1,NA,1,9,,NA,NA,NA,NA,NA,NA,NA,NA,NA,NA,NA,NA,NA,NA,NA,0,0,0,NA,,,,0,NA,,,,,,,NA,NA,NA,NA,NA,NA,NA,NA,NA,NA,NA,NA,NA,NA,0,
3203,09/29/2015 09:24:00 PM,"285 Medford St, Somerville, MA",-71.0928716,42.3853033,3,2,1,1,1,2,NA,2,7,NA,2,1,,NA,NA,NA,NA,NA,NA,NA,NA,NA,NA,NA,NA,NA,NA,NA,0,0,0,NA,,,,0,NA,,,,,,,NA,NA,NA,NA,NA,NA,NA,NA,NA,NA,NA,NA,NA,NA,0,
3204,09/29/2015 07:09:00 PM,"Broadway and Cutter St, Somerville, MA",-71.0832853,42.3874934,3,2,1,3,3,1,1,2,97,NA,,1,,NA,NA,NA,NA,NA,NA,NA,NA,NA,NA,NA,NA,NA,NA,NA,0,1,0,4,3,,5,1,NA,1,57,3,1,,,NA,NA,NA,NA,NA,NA,NA,NA,NA,NA,NA,NA,NA,NA,1,SPD Aux officer working SomerStreets event
3205,09/30/2015 04:58:00 AM,"281 Broadway, Somerville, MA",-71.091569,42.391964,3,2,1,1,2,1,1,1,1,NA,,,,NA,NA,NA,NA,NA,NA,NA,NA,NA,NA,NA,NA,NA,NA,NA,0,1,0,4,2,,5,1,NA,1,49,3,1,,,NA,NA,NA,NA,NA,NA,NA,NA,NA,NA,NA,NA,NA,NA,0,
3206,09/30/2015 04:45:00 PM,"Somerville Ave and Linden St, Somerville, MA",-71.0925948,42.3785464,3,2,3,3,1,5,2,2,99,NA,1,1,,NA,NA,NA,NA,NA,NA,NA,NA,NA,NA,NA,NA,NA,NA,NA,0,0,0,0,0,,,0,NA,,,,,,,NA,NA,NA,NA,NA,NA,NA,NA,NA,NA,NA,NA,NA,NA,1,"SPD cruiser responding to call, exited back lot & struck stopped MV while turning"
3207,10/01/2015 06:34:00 AM,"32 Florence St, Somerville, MA",-71.0831383,42.3830429,3,2,1,1,4,1,NA,1,1,NA,,,,NA,NA,NA,NA,NA,NA,NA,NA,NA,NA,NA,NA,NA,NA,NA,0,0,1,4,7,Sink Hole,,0,NA,,,,,,,NA,NA,NA,NA,NA,NA,NA,NA,NA,NA,NA,NA,NA,NA,0,
3208,10/01/2015 05:01:00 PM,"15 McGrath Hwy, Somerville, MA",-71.0817266,42.3742055,2,1,3,3,3,2,2,2,5,NA,2,1,,NA,NA,NA,NA,NA,NA,NA,NA,NA,NA,NA,NA,NA,NA,NA,0,0,0,0,0,,,1,NA,1,60,3,0,,,NA,NA,NA,NA,NA,NA,NA,NA,NA,NA,NA,NA,NA,NA,1,SPD cruiser stopped for pedestrian in perpendicular crosswalk; MV rear-ended cruiser
3209,10/02/2015 01:05:00 AM,"218 Somerville Ave, Somerville, MA",-71.0915938,42.3780137,2,2,1,1,2,2,NA,2,1,NA,2,1,,NA,NA,NA,NA,NA,NA,NA,NA,NA,NA,NA,NA,NA,NA,NA,0,0,0,NA,,,,0,NA,,,,,,,NA,NA,NA,NA,NA,NA,NA,NA,NA,NA,NA,NA,NA,NA,0,
3210,10/02/2015 07:34:00 PM,"384 Highland Ave, Somerville, MA",-71.119677,42.395133,3,2,1,1,4,4,2,13,1,NA,2,1,,NA,NA,NA,NA,NA,NA,NA,NA,NA,NA,NA,NA,NA,NA,NA,0,0,0,NA,,,,0,NA,,,,,,,NA,NA,NA,NA,NA,NA,NA,NA,NA,NA,NA,NA,NA,NA,1,City vehicle pulling out of parking space; MV tried to go around & sideswiped
3211,10/03/2015 02:31:00 AM,"170 Highland Ave, Somerville, MA",-71.1050055,42.3887304,1,1,1,1,1,2,NA,11,1,NA,1,1,,NA,NA,NA,NA,NA,NA,NA,NA,NA,NA,NA,NA,NA,NA,NA,0,0,0,NA,,,,0,NA,,,,,,,NA,NA,NA,NA,NA,NA,NA,NA,NA,NA,NA,NA,NA,NA,0,
3212,10/03/2015 10:25:00 AM,"Washington St and Joy St, Somerville, MA",-71.0885832,42.3806671,3,2,1,9,1,3,NA,4,4,NA,1,1,,NA,NA,NA,NA,NA,NA,NA,NA,NA,NA,NA,NA,NA,NA,NA,0,0,0,NA,,,,0,NA,,,,,,,NA,NA,NA,NA,NA,NA,NA,NA,NA,NA,NA,NA,NA,NA,0,
3213,10/03/2015 06:33:00 PM,"165 Middlesex Ave, Somerville, MA",-71.0836002,42.3960559,1,1,1,1,1,3,NA,2,99,NA,1,99,,NA,NA,NA,NA,NA,NA,NA,NA,NA,NA,NA,NA,NA,NA,NA,0,0,0,NA,,,,0,NA,,,,,,,NA,NA,NA,NA,NA,NA,NA,NA,NA,NA,NA,NA,NA,NA,0,
3214,10/03/2015 11:45:00 AM,"273 Washington St, Somerville, MA",-71.09759,42.379782,3,2,1,1,1,3,2,7,1,NA,1,,,NA,NA,NA,NA,NA,NA,NA,NA,NA,NA,NA,NA,NA,NA,NA,0,0,0,0,0,,,0,NA,,,,,,,NA,NA,NA,NA,NA,NA,NA,NA,NA,NA,NA,NA,NA,NA,1,SFD engine pulling out leaving call; roadway slick & engine slipped & sideswiped parked MV
3215,10/04/2015 04:03:00 PM,"Medford St and School St, Somerville, MA",-71.0971615,42.3891241,1,1,3,2,1,3,NA,1,99,NA,2,99,,NA,NA,NA,NA,NA,NA,NA,NA,NA,NA,NA,NA,NA,NA,NA,0,0,0,NA,,,,0,NA,,,,,,,NA,NA,NA,NA,NA,NA,NA,NA,NA,NA,NA,NA,NA,NA,0,
3216,10/05/2015 11:26:00 PM,"266 Broadway, Somerville, MA",-71.0911762,42.390861,1,1,1,3,2,4,2,1,20,NA,2,,,NA,NA,NA,NA,NA,NA,NA,NA,NA,NA,NA,NA,NA,NA,NA,0,0,1,0,0,Utility Pole,,1,NA,1,25,4,1,,,NA,NA,NA,NA,NA,NA,NA,NA,NA,NA,NA,NA,NA,NA,0,
3217,10/06/2015 12:55:00 PM,"81 Broadway, Somerville, MA",-71.0819431,42.3874389,1,1,1,1,2,4,NA,NA,9,NA,2,1,,NA,NA,NA,NA,NA,NA,NA,NA,NA,NA,NA,NA,NA,NA,NA,0,0,0,NA,,,,0,NA,,,,,,,NA,NA,NA,NA,NA,NA,NA,NA,NA,NA,NA,NA,NA,NA,0,
3218,10/07/2015 01:50:00 AM,"Broadway and Warner St, Somerville, MA",-71.116275,42.401082,1,1,2,7,4,3,NA,1,1,NA,1,1,,NA,NA,NA,NA,NA,NA,NA,NA,NA,NA,NA,NA,NA,NA,NA,0,0,0,NA,,,,0,NA,,,,,,,NA,NA,NA,NA,NA,NA,NA,NA,NA,NA,NA,NA,NA,NA,0,
3219,10/07/2015 10:53:00 AM,"Broadway and Warner St, Somerville, MA",-71.116275,42.401082,1,1,2,7,1,2,NA,2,5,NA,2,1,,NA,NA,NA,NA,NA,NA,NA,NA,NA,NA,NA,NA,NA,NA,NA,0,0,0,NA,,,,1,NA,1,unk,3,1,,,NA,NA,NA,NA,NA,NA,NA,NA,NA,NA,NA,NA,NA,NA,0,
3220,10/07/2015 01:33:00 PM,"Conwell Ave and Curtis St, Somerville, MA",-71.1249114,42.4068438,1,1,1,3,1,5,NA,6,1,NA,6,1,,NA,NA,NA,NA,NA,NA,NA,NA,NA,NA,NA,NA,NA,NA,NA,0,0,0,NA,,,,0,NA,,,,,,,NA,NA,NA,NA,NA,NA,NA,NA,NA,NA,NA,NA,NA,NA,0,
3221,10/07/2015 01:37:00 PM,"400 Somerville Ave, Somerville, MA",-71.1015967,42.3807302,1,1,1,1,1,1,1,1,1,NA,,,,NA,NA,NA,NA,NA,NA,NA,NA,NA,NA,NA,NA,NA,NA,NA,1,0,0,10,2,,2,1,NA,1,25,4,0,,,NA,NA,NA,NA,NA,NA,NA,NA,NA,NA,NA,NA,NA,NA,0,
3222,10/07/2015 05:15:00 PM,"Broadway and Wallace St, Somerville, MA",-71.1207517,42.4011008,1,1,1,3,1,1,1,1,99,NA,,99,,NA,NA,NA,NA,NA,NA,NA,NA,NA,NA,NA,NA,NA,NA,NA,1,0,0,10,1,,2,1,NA,1,30,3,1,,,NA,NA,NA,NA,NA,NA,NA,NA,NA,NA,NA,NA,NA,NA,0,
3223,10/08/2015 04:08:00 PM,"Somerville Ave and Spring St, Somerville, MA",-71.109476,42.3839008,1,1,2,3,1,6,NA,2,99,NA,2,99,,NA,NA,NA,NA,NA,NA,NA,NA,NA,NA,NA,NA,NA,NA,NA,0,0,0,NA,,,,0,NA,,,,,,,NA,NA,NA,NA,NA,NA,NA,NA,NA,NA,NA,NA,NA,NA,0,
3224,10/08/2015 08:45:00 AM,"Elm St and Grove St, Somerville, MA",-71.1214561,42.3947474,1,1,1,3,1,1,1,20,4,NA,,,,NA,NA,NA,NA,NA,NA,NA,NA,NA,NA,NA,NA,NA,NA,NA,0,1,0,1,1,,2,1,NA,1,30,3,1,,,NA,NA,NA,NA,NA,NA,NA,NA,NA,NA,NA,NA,NA,NA,0,
3225,10/08/2015 09:49:00 AM,"School St and Summer St, Somerville, MA",-71.1003999,42.3843689,1,1,3,3,4,3,1,2,NA,NA,,,,NA,NA,NA,NA,NA,NA,NA,NA,NA,NA,NA,NA,NA,NA,NA,1,0,0,2,1,,1,1,NA,0,unk,3,1,,,NA,NA,NA,NA,NA,NA,NA,NA,NA,NA,NA,NA,NA,NA,0,
3226,10/09/2015 11:31:00 PM,"86 Cross St, Somerville, MA",-71.0879506,42.3851028,1,1,1,1,1,3,NA,1,9,97,2,1,,NA,NA,NA,NA,NA,NA,NA,NA,NA,NA,NA,NA,NA,NA,NA,0,0,0,NA,,,,1,NA,1,56,4,1,,,NA,NA,NA,NA,NA,NA,NA,NA,NA,NA,NA,NA,NA,NA,0,
3227,10/09/2015 03:44:00 PM,"471 Somerville Ave, Somerville, MA",-71.103854,42.382802,3,2,1,1,1,3,1,NA,18,NA,,,,NA,NA,NA,NA,NA,NA,NA,NA,NA,NA,NA,NA,NA,NA,NA,1,0,0,10,2,,2,1,NA,1,44,3,0,,,NA,NA,NA,NA,NA,NA,NA,NA,NA,NA,NA,NA,NA,NA,0,