id,date_time,address,lon,lat,Weather,road_surface,traffic_control_device,intersection_type,traffic_way_desc,collision_manner,num_involved_vehicles,vehicle1_configuration,driver1_contrib1,driver1_contrib2,vehicle2_configuration,driver2_contrib1,driver2_contrib2,vehicle3_configuration,driver3_contrib1,driver3_contrib2,vehicle4_configuration,driver4_contrib1,driver4_contrib2,vehicle5_configuration,driver5_contrib1,driver5_contrib2,vehicle6_configuration,driver6_contrib1,driver6_contrib2,vehicle7_configuration,driver7_contrib1,driver7_contrib2,Bicycle,Pedestrian,non_mv,non_motorist_location,non_motorist_action,non_motorist_type,manner_of_non_motorist_collision,Injury,Multiple,Gender1,Age1,Severity1,Hospital1,Gender2,Age2,Severity2,Hospital2,Gender3,Age3,Severity3,Hospital3,Gender4,Age4,Severity4,Hospital4,Gender5,Age5,Severity5,Hospital5,city_vehicle,Notes
3228,10/10/2015 11:37:00 PM,"30 River Road, Somerville, MA",-71.0926364,42.3976735,1,1,1,1,1,3,NA,1,10,97,2,,,2,NA,NA,1,NA,NA,2,NA,NA,1,NA,NA,2,NA,NA,0,0,0,NA,,,,0,NA,,,,,,,NA,NA,NA,NA,NA,NA,NA,NA,NA,NA,NA,NA,NA,NA,0,
3229,10/10/2015 10:15:00 AM,"Stone Ave and Somerville Ave, Somerville, MA",-71.095164,42.379547,1,1,1,3,4,3,2,8,1,NA,,,,NA,NA,NA,NA,NA,NA,NA,NA,NA,NA,NA,NA,NA,NA,NA,0,0,0,0,0,,,0,NA,,,,,,,NA,NA,NA,NA,NA,NA,NA,NA,NA,NA,NA,NA,NA,NA,1,SFD engine sideswiped parked MV; MVs parked on both sides of narrow street
3230,10/11/2015 04:41:00 PM,"Broadway and Temple St, Somerville, MA",-71.0934064,42.3925566,1,1,3,3,2,2,NA,2,10,19,1,1,,1,1,NA,2,1,NA,NA,NA,NA,NA,NA,NA,NA,NA,NA,0,0,0,NA,,,,1,NA,0,59,2,1,,,NA,NA,NA,NA,NA,NA,NA,NA,NA,NA,NA,NA,NA,NA,0,
3231,10/13/2015 04:27:00 PM,"16 Medford St, Somerville, MA",-71.088078,42.37389,1,1,1,1,1,1,1,1,2,9,,,,NA,NA,NA,NA,NA,NA,NA,NA,NA,NA,NA,NA,NA,NA,NA,0,0,1,0,0,Fence,,1,NA,1,52,3,0,,,NA,NA,NA,NA,NA,NA,NA,NA,NA,NA,NA,NA,NA,NA,0,
3232,10/14/2015 07:58:00 AM,"Hooker Ave and Farragut Ave, Somerville, MA",-71.1320764,42.4029427,1,1,2,3,1,6,NA,1,1,NA,,1,,NA,NA,NA,NA,NA,NA,NA,NA,NA,NA,NA,NA,NA,NA,NA,0,0,0,NA,,,,1,NA,0,27,4,0,,,NA,NA,NA,NA,NA,NA,NA,NA,NA,NA,NA,NA,NA,NA,0,
3233,10/15/2015 08:49:00 AM,"244 Broadway, Somerville, MA",-71.0898471,42.3901976,1,1,1,1,3,2,NA,2,5,NA,1,1,,NA,NA,NA,NA,NA,NA,NA,NA,NA,NA,NA,NA,NA,NA,NA,0,0,0,NA,,,,1,NA,1,41,4,1,,,NA,NA,NA,NA,NA,NA,NA,NA,NA,NA,NA,NA,NA,NA,0,
3234,10/16/2015 06:39:00 PM,"Highland Ave and Cedar St, Somerville, MA",-71.1124128,42.3922125,1,1,3,2,1,2,1,1,1,NA,,1,,NA,NA,NA,NA,NA,NA,NA,NA,NA,NA,NA,NA,NA,NA,NA,1,0,0,4,7,,4,1,NA,1,72,4,0,,,NA,NA,NA,NA,NA,NA,NA,NA,NA,NA,NA,NA,NA,NA,0,
3235,10/19/2015 09:08:00 AM,"62 Dimick St, Somerville, MA",-71.1037667,42.3771918,1,1,1,1,4,2,NA,1,1,NA,2,1,,NA,NA,NA,NA,NA,NA,NA,NA,NA,NA,NA,NA,NA,NA,NA,0,0,0,NA,,,,0,NA,,,,,,,NA,NA,NA,NA,NA,NA,NA,NA,NA,NA,NA,NA,NA,NA,0,Ambulance
3236,10/19/2015 09:45:00 AM,"Pearl St and Jasper St, Somerville, MA",-71.0921846,42.3870577,1,1,2,3,2,3,NA,1,1,NA,2,4,,NA,NA,NA,NA,NA,NA,NA,NA,NA,NA,NA,NA,NA,NA,NA,0,0,0,NA,,,,1,NA,0,28,4,0,,,NA,NA,NA,NA,NA,NA,NA,NA,NA,NA,NA,NA,NA,NA,0,
3237,10/19/2015 03:37:00 PM,"15 Elm St, Somerville, MA",-71.1139034,42.3864903,1,1,1,1,1,2,2,1,4,NA,3,1,,NA,NA,NA,NA,NA,NA,NA,NA,NA,NA,NA,NA,NA,NA,NA,0,0,1,4,2,Motorcycle,5,0,NA,,,,,,,NA,NA,NA,NA,NA,NA,NA,NA,NA,NA,NA,NA,NA,NA,0,
3238,10/19/2015 03:52:00 PM,"Central St and Albion St, Somerville, MA",-71.1025078,42.3897266,1,1,1,1,1,3,NA,2,NA,NA,97,,,NA,NA,NA,NA,NA,NA,NA,NA,NA,NA,NA,NA,NA,NA,NA,0,0,0,NA,,,,1,NA,1,unk,3,1,,,NA,NA,NA,NA,NA,NA,NA,NA,NA,NA,NA,NA,NA,NA,0,
3239,10/19/2015 08:20:00 AM,"Elm St and Holyoke Rd, Somerville, MA",-71.1157882,42.3883468,1,1,1,3,1,2,1,2,4,NA,,1,,NA,NA,NA,NA,NA,NA,NA,NA,NA,NA,NA,NA,NA,NA,NA,1,0,0,2,1,,2,0,NA,,,,,,,NA,NA,NA,NA,NA,NA,NA,NA,NA,NA,NA,NA,NA,NA,0,
3240,10/20/2015 12:45:00 PM,"Pembroke St and Sycamore St, Somerville, MA",-71.1000074,42.3905004,1,1,1,3,4,4,NA,6,99,NA,6,1,,NA,NA,NA,NA,NA,NA,NA,NA,NA,NA,NA,NA,NA,NA,NA,0,0,0,NA,,,,0,NA,,,,,,,NA,NA,NA,NA,NA,NA,NA,NA,NA,NA,NA,NA,NA,NA,0,
3241,10/20/2015 05:42:00 PM,"40 Cameron Ave, Somerville, MA",-71.1275445,42.3996139,1,1,1,1,1,2,NA,2,5,NA,2,1,,NA,NA,NA,NA,NA,NA,NA,NA,NA,NA,NA,NA,NA,NA,NA,0,0,0,NA,,,,1,NA,0,66,3,1,,,NA,NA,NA,NA,NA,NA,NA,NA,NA,NA,NA,NA,NA,NA,0,
3242,10/20/2015 10:21:00 AM,"32 Jaques St, Somerville, MA",-71.090883,42.393178,99,99,99,99,99,,2,11,1,NA,1,1,,NA,NA,NA,NA,NA,NA,NA,NA,NA,NA,NA,NA,NA,NA,NA,0,0,0,0,0,,,0,NA,,,,,,,NA,NA,NA,NA,NA,NA,NA,NA,NA,NA,NA,NA,NA,NA,1,SFD engine struck mirror of parked MV
3243,10/21/2015 11:10:00 AM,"Bailey Rd and Shore Dr, Somerville, MA",-71.090673,42.3977182,3,2,1,3,1,5,NA,1,99,NA,2,99,,1,1,NA,NA,NA,NA,NA,NA,NA,NA,NA,NA,NA,NA,NA,0,0,0,NA,,,,0,NA,,,,,,,NA,NA,NA,NA,NA,NA,NA,NA,NA,NA,NA,NA,NA,NA,0,
3244,10/22/2015 09:18:00 AM,"Greenville St and Boston St, Somerville, MA",-71.0926928,42.3825269,2,1,1,2,1,4,2,2,99,NA,6,,,NA,NA,NA,NA,NA,NA,NA,NA,NA,NA,NA,NA,NA,NA,NA,0,0,0,0,0,,,0,NA,,,,,,,NA,NA,NA,NA,NA,NA,NA,NA,NA,NA,NA,NA,NA,NA,1,City MV sideswiped parked MV
3245,10/25/2015 02:25:00 AM,"Holland St, Somerville, MA",-71.1252368,42.3998502,1,1,1,1,1,1,1,1,97,NA,,,,NA,NA,NA,NA,NA,NA,NA,NA,NA,NA,NA,NA,NA,NA,NA,0,0,1,0,0,"Fence, park bench, tree, bus stop sign",,0,NA,,,,,,,NA,NA,NA,NA,NA,NA,NA,NA,NA,NA,NA,NA,NA,NA,0,
3246,10/25/2015 08:04:00 AM,"205 Highland Ave , Somerville, MA",-71.1071004,42.3898336,1,1,1,1,1,3,NA,2,1,NA,2,4,,NA,NA,NA,NA,NA,NA,NA,NA,NA,NA,NA,NA,NA,NA,NA,0,0,0,NA,,,,0,NA,,,,,,,NA,NA,NA,NA,NA,NA,NA,NA,NA,NA,NA,NA,NA,NA,0,
3247,10/28/2015 09:06:00 AM,"114 Temple St, Somerville, MA",-71.0900588,42.3956935,2,1,1,1,1,4,NA,1,9,NA,1,1,,NA,NA,NA,NA,NA,NA,NA,NA,NA,NA,NA,NA,NA,NA,NA,0,0,0,NA,,,,1,2,1,51,4,1,0,20,4,0,NA,NA,NA,NA,NA,NA,NA,NA,NA,NA,NA,NA,0,
3248,10/28/2015 04:40:00 PM,"230 Highland Ave, Somerville, MA",-71.1095618,42.389875,99,99,99,99,99,,NA,1,10,NA,1,1,,1,1,NA,NA,NA,NA,NA,NA,NA,NA,NA,NA,NA,NA,NA,0,0,0,NA,,,,0,NA,,,,,,,NA,NA,NA,NA,NA,NA,NA,NA,NA,NA,NA,NA,NA,NA,0,
3249,10/28/2015 05:45:00 PM,"Pearl St and Marshall St, Somerville, MA",-71.0957494,42.3881671,3,2,1,1,1,4,NA,1,99,NA,1,99,,NA,NA,NA,NA,NA,NA,NA,NA,NA,NA,NA,NA,NA,NA,NA,0,0,0,NA,,,,0,NA,,,,,,,NA,NA,NA,NA,NA,NA,NA,NA,NA,NA,NA,NA,NA,NA,0,
3250,10/28/2015 07:49:00 AM,"Broadway and Endicott Ave, Somerville, MA",-71.1290905,42.4043044,2,1,1,2,1,3,1,2,4,NA,,99,,NA,NA,NA,NA,NA,NA,NA,NA,NA,NA,NA,NA,NA,NA,NA,1,0,0,2,1,,5,1,NA,1,26,3,0,,,NA,NA,NA,NA,NA,NA,NA,NA,NA,NA,NA,NA,NA,NA,0,
3251,10/29/2015 07:58:00 AM,"Broadway and Cross St, Somerville, MA",-71.0859942,42.3886405,3,2,3,2,1,3,NA,1,4,NA,1,1,,NA,NA,NA,NA,NA,NA,NA,NA,NA,NA,NA,NA,NA,NA,NA,0,0,0,NA,,,,0,NA,,,,,,,NA,NA,NA,NA,NA,NA,NA,NA,NA,NA,NA,NA,NA,NA,0,
3252,10/29/2015 02:04:00 PM,"Mystic Ave and Lombardi Way, Somerville, MA",-71.0776432,42.3869834,1,1,3,2,4,2,NA,2,97,NA,2,1,,NA,NA,NA,NA,NA,NA,NA,NA,NA,NA,NA,NA,NA,NA,NA,0,0,0,NA,,,,1,NA,0,47,4,0,,,NA,NA,NA,NA,NA,NA,NA,NA,NA,NA,NA,NA,NA,NA,0,
3253,10/29/2015 06:05:00 AM,"Vinal Ave and Summit Ave, Somerville, MA",-71.0971301,42.3842948,3,2,1,3,4,2,2,2,NA,NA,2,,,NA,NA,NA,NA,NA,NA,NA,NA,NA,NA,NA,NA,NA,NA,NA,0,0,0,0,0,,,0,NA,,,,,,,NA,NA,NA,NA,NA,NA,NA,NA,NA,NA,NA,NA,NA,NA,1,SPD mechanic backing up to make turn; backed into MV w. trailer hitch; slick road conditions
3254,10/30/2015 06:39:00 PM,"95 Beacon St, Somerville, MA",-71.1049709,42.377282,1,1,1,1,2,2,NA,2,1,NA,1,1,,1,1,NA,2,1,NA,NA,NA,NA,NA,NA,NA,NA,NA,NA,0,0,0,NA,,,,0,NA,,,,,,,NA,NA,NA,NA,NA,NA,NA,NA,NA,NA,NA,NA,NA,NA,0,
3255,10/30/2015 07:01:00 PM,"Broadway and Temple St, Somerville, MA",-71.0934064,42.3925566,1,1,3,2,2,1,1,NA,1,NA,,,,NA,NA,NA,NA,NA,NA,NA,NA,NA,NA,NA,NA,NA,NA,NA,0,1,0,4,1,,5,1,NA,1,21,4,1,,,NA,NA,NA,NA,NA,NA,NA,NA,NA,NA,NA,NA,NA,NA,0,
3256,10/30/2015 12:36:00 PM,"530 Somerville Ave, Somerville, MA",-71.106955,42.3826838,1,1,3,3,1,2,2,1,NA,NA,1,,,NA,NA,NA,NA,NA,NA,NA,NA,NA,NA,NA,NA,NA,NA,NA,0,0,0,0,0,,,0,NA,,,,,,,NA,NA,NA,NA,NA,NA,NA,NA,NA,NA,NA,NA,NA,NA,1,"SPD unmarked cruiser stopped at light; MV took foot off break, rear-ended SPD"
3257,10/31/2015 11:48:00 AM,"Elm St and Beech St, Somerville, MA",-71.1190479,42.3915262,99,99,99,99,99,,NA,1,1,NA,2,1,,NA,NA,NA,NA,NA,NA,NA,NA,NA,NA,NA,NA,NA,NA,NA,0,0,0,NA,,,,0,NA,,,,,,,NA,NA,NA,NA,NA,NA,NA,NA,NA,NA,NA,NA,NA,NA,0,
3258,10/31/2015 08:42:00 PM,"40 Summer St, Somerville, MA",-71.0993161,42.383047,1,1,1,1,1,2,NA,NA,NA,NA,,,,NA,NA,NA,NA,NA,NA,NA,NA,NA,NA,NA,NA,NA,NA,NA,0,0,0,NA,,,,0,NA,,,,,,,NA,NA,NA,NA,NA,NA,NA,NA,NA,NA,NA,NA,NA,NA,0,
3259,10/31/2015 10:24:00 PM,"Spring and Somerville Ave, Somerville, MA",-71.109476,42.3839008,1,1,1,1,1,,1,NA,20,NA,,20,,1,1,NA,NA,NA,NA,NA,NA,NA,NA,NA,NA,NA,NA,NA,0,1,0,4,1,,5,1,NA,1,40,3,1,,,NA,NA,NA,NA,NA,NA,NA,NA,NA,NA,NA,NA,NA,NA,0,
3260,11/01/2015 01:23:00 PM,"147 Highland Ave, Somerville, MA",-71.1028998,42.3884246,1,1,1,1,1,5,NA,2,1,NA,1,10,,NA,NA,NA,NA,NA,NA,NA,NA,NA,NA,NA,NA,NA,NA,NA,0,0,0,NA,,,,0,NA,,,,,,,NA,NA,NA,NA,NA,NA,NA,NA,NA,NA,NA,NA,NA,NA,0,
3261,11/01/2015 11:05:00 PM,"Orchard St and Day St, Somerville, MA",-71.1248,42.3948856,1,1,2,2,4,3,1,1,1,NA,,8,,NA,NA,NA,NA,NA,NA,NA,NA,NA,NA,NA,NA,NA,NA,NA,1,0,0,2,1,,5a,1,NA,1,22,4,0,,,NA,NA,NA,NA,NA,NA,NA,NA,NA,NA,NA,NA,NA,NA,0,
3262,11/02/2015 09:56:00 AM,"Broadway and Central St, Somerville, MA",-71.0986355,42.395264,1,1,1,3,1,2,NA,2,19,NA,2,1,,1,1,NA,NA,NA,NA,NA,NA,NA,NA,NA,NA,NA,NA,NA,0,0,0,NA,,,,1,NA,0,44,4,1,,,NA,NA,NA,NA,NA,NA,NA,NA,NA,NA,NA,NA,NA,NA,0,
3263,11/02/2015 02:14:00 PM,"315 Washington St, Somerville, MA",-71.1005594,42.3795967,1,1,1,1,1,4,1,1,99,NA,,1,,NA,NA,NA,NA,NA,NA,NA,NA,NA,NA,NA,NA,NA,NA,NA,1,0,0,4,2,,3,1,NA,1,29,3,1,,,NA,NA,NA,NA,NA,NA,NA,NA,NA,NA,NA,NA,NA,NA,0,
3264,11/02/2015 06:19:00 PM,"Simpson Ave and Holland St, Somerville, MA",-71.1245848,42.399049,1,,2,3,1,4,3,7,6,NA,2,1,,1,1,NA,NA,NA,NA,NA,NA,NA,NA,NA,NA,NA,NA,NA,0,0,0,0,0,,,0,NA,,,,,,,NA,NA,NA,NA,NA,NA,NA,NA,NA,NA,NA,NA,NA,NA,1,SFD engine struck 2 parked vehicles while turning
3265,11/03/2015 07:15:00 AM,"Mystic Ave and Lombardi Way, Somerville, MA",-71.0776432,42.3869834,1,1,3,2,4,2,2,2,1,NA,1,1,,NA,NA,NA,NA,NA,NA,NA,NA,NA,NA,NA,NA,NA,NA,NA,0,0,0,0,0,,,0,NA,,,,,,,NA,NA,NA,NA,NA,NA,NA,NA,NA,NA,NA,NA,NA,NA,1,SPD unmarked stopped at light allegedly backed into MV; SPD op denies
3266,11/04/2015 06:46:00 AM,"Summer St and Central St, Somerville, MA",-71.1050912,42.3860322,1,1,3,2,99,5,NA,1,1,NA,1,99,,NA,NA,NA,NA,NA,NA,NA,NA,NA,NA,NA,NA,NA,NA,NA,0,0,0,NA,,,,1,NA,1,55,4,1,,,NA,NA,NA,NA,NA,NA,NA,NA,NA,NA,NA,NA,NA,NA,0,
3267,11/04/2015 09:41:00 AM,"320 Broadway, Somerville, MA",-71.0934668,42.3925709,1,1,1,9,1,3,NA,2,99,NA,1,99,,NA,NA,NA,NA,NA,NA,NA,NA,NA,NA,NA,NA,NA,NA,NA,0,0,0,NA,,,,1,NA,0,38,4,1,,,NA,NA,NA,NA,NA,NA,NA,NA,NA,NA,NA,NA,NA,NA,0,
3268,11/04/2015 10:29:00 AM,"18 Holland St, Somerville, MA",-71.1235001,42.3974997,1,1,1,1,2,4,1,2,97,NA,,,,NA,NA,NA,NA,NA,NA,NA,NA,NA,NA,NA,NA,NA,NA,NA,1,0,0,4,2,,3,1,NA,0,unk,unk,unk,,,NA,NA,NA,NA,NA,NA,NA,NA,NA,NA,NA,NA,NA,NA,0,
3269,11/05/2015 07:15:00 AM,"289 Highland Ave, Somerville, MA",-71.1127115,42.3925924,1,1,1,1,1,2,NA,2,4,NA,2,18,,NA,NA,NA,NA,NA,NA,NA,NA,NA,NA,NA,NA,NA,NA,NA,0,0,0,NA,,,,1,NA,1,45,4,0,,,NA,NA,NA,NA,NA,NA,NA,NA,NA,NA,NA,NA,NA,NA,0,
3270,11/05/2015 08:02:00 AM,"650 Somerville Ave, Somerville, MA",-71.1117561,42.3845144,1,1,1,1,1,3,1,1,4,NA,,1,,NA,NA,NA,NA,NA,NA,NA,NA,NA,NA,NA,NA,NA,NA,NA,1,0,0,4,2,,5,1,NA,1,47,3,1,,,NA,NA,NA,NA,NA,NA,NA,NA,NA,NA,NA,NA,NA,NA,0,
3271,11/06/2015 01:21:00 AM,"499 Broadway, Somerville, MA",-71.1047648,42.3976789,1,1,3,2,2,1,1,2,99,NA,,,,NA,NA,NA,NA,NA,NA,NA,NA,NA,NA,NA,NA,NA,NA,NA,0,0,1,0,0,Light Pole,,0,NA,,,,,,,NA,NA,NA,NA,NA,NA,NA,NA,NA,NA,NA,NA,NA,NA,0,
3272,11/06/2015 06:22:00 PM,"180 Somerville Ave, Somerville, MA",-71.0904322,42.3764299,1,1,1,9,1,1,1,1,1,NA,,97,,NA,NA,NA,NA,NA,NA,NA,NA,NA,NA,NA,NA,NA,NA,NA,0,1,0,9,2,,5a,1,NA,1,63,4,1,,,NA,NA,NA,NA,NA,NA,NA,NA,NA,NA,NA,NA,NA,NA,0,Pedestrian appeared to be under the influence of narcotics
3273,11/06/2015 08:10:00 AM,"391 Broadway, Somerville, MA",-71.098102,42.395325,1,1,1,1,3,2,1,1,1,NA,,1,,NA,NA,NA,NA,NA,NA,NA,NA,NA,NA,NA,NA,NA,NA,NA,1,0,0,4,2,,4,1,NA,0,23,4,0,,,NA,NA,NA,NA,NA,NA,NA,NA,NA,NA,NA,NA,NA,NA,0,
3274,11/08/2015 02:47:00 PM,"Medford St and Walnut St, Somerville, MA",-71.0937489,42.3857992,1,1,3,2,1,3,NA,1,13,NA,1,1,,NA,NA,NA,NA,NA,NA,NA,NA,NA,NA,NA,NA,NA,NA,NA,0,0,0,NA,,,,1,NA,0,20,4,0,,,NA,NA,NA,NA,NA,NA,NA,NA,NA,NA,NA,NA,NA,NA,0,
3275,11/09/2015 02:02:00 PM,"272 Willow Ave, Somerville, MA",-71.113288,42.399728,1,1,1,1,1,4,NA,1,11,NA,1,,,NA,NA,NA,NA,NA,NA,NA,NA,NA,NA,NA,NA,NA,NA,NA,0,0,0,NA,,,,0,NA,,,,,,,NA,NA,NA,NA,NA,NA,NA,NA,NA,NA,NA,NA,NA,NA,0,
3276,11/09/2015 02:40:00 PM,"417 Somerville Ave, Somerville, MA",-71.1014409,42.3819942,1,1,1,1,1,3,1,1,1,NA,,,,NA,NA,NA,NA,NA,NA,NA,NA,NA,NA,NA,NA,NA,NA,NA,1,0,0,10,2,,2,1,NA,1,79,3,0,,,NA,NA,NA,NA,NA,NA,NA,NA,NA,NA,NA,NA,NA,NA,0,
3277,11/10/2015 08:35:00 AM,"10 Line St, Somerville, MA",-71.1068199,42.3778488,2,1,1,1,4,2,NA,2,97,NA,1,1,,NA,NA,NA,NA,NA,NA,NA,NA,NA,NA,NA,NA,NA,NA,NA,0,0,0,NA,,,,1,2,1,52,4,0,1,68,4,0,NA,NA,NA,NA,NA,NA,NA,NA,NA,NA,NA,NA,0,
3278,11/10/2015 03:56:00 PM,"1273 Broadway, Somerville, MA",-71.130359,42.405547,1,1,1,1,1,2,NA,2,20,NA,1,,,NA,NA,NA,NA,NA,NA,NA,NA,NA,NA,NA,NA,NA,NA,NA,0,0,0,NA,,,,0,NA,,,,,,,NA,NA,NA,NA,NA,NA,NA,NA,NA,NA,NA,NA,NA,NA,0,
3279,11/11/2015 04:30:00 AM,"Broadway and Willow Ave, Somerville, MA",-71.1127004,42.4001,3,2,3,3,1,1,1,8,1,NA,,,,NA,NA,NA,NA,NA,NA,NA,NA,NA,NA,NA,NA,NA,NA,NA,0,0,1,0,0,Tree,,0,NA,,,,,,,NA,NA,NA,NA,NA,NA,NA,NA,NA,NA,NA,NA,NA,NA,0,
3280,11/11/2015 06:59:00 PM,"Broadway and Mt. Pleasant St, Somerville, MA",-71.0779894,42.3859631,1,1,1,3,4,3,NA,2,4,NA,2,1,,NA,NA,NA,NA,NA,NA,NA,NA,NA,NA,NA,NA,NA,NA,NA,0,0,0,NA,,,,0,NA,,,,,,,NA,NA,NA,NA,NA,NA,NA,NA,NA,NA,NA,NA,NA,NA,0,
3282,11/12/2015 09:48:00 AM,"Washington St and McGrath Hwy, Somerville, MA",-71.0893942,42.3804355,2,1,3,3,4,4,1,1,1,NA,,1,,NA,NA,NA,NA,NA,NA,NA,NA,NA,NA,NA,NA,NA,NA,NA,1,0,0,2,1,,1,1,NA,1,31,4,1,,,NA,NA,NA,NA,NA,NA,NA,NA,NA,NA,NA,NA,NA,NA,0,
3283,11/13/2015 12:49:00 PM,"30 Ash Ave, Somerville, MA",-71.0956696,42.398567,2,1,1,1,1,2,1,1,1,NA,2,,,NA,NA,NA,NA,NA,NA,NA,NA,NA,NA,NA,NA,NA,NA,NA,0,0,1,0,0,Utility Pole,,1,NA,,,,,,,NA,NA,NA,NA,NA,NA,NA,NA,NA,NA,NA,NA,NA,NA,0,
3284,11/13/2015 07:22:00 AM,"290 Washington St, Somerville, MA",-71.0988921,42.3792598,1,2,3,1,1,1,1,1,1,NA,,4,,NA,NA,NA,NA,NA,NA,NA,NA,NA,NA,NA,NA,NA,NA,NA,1,0,0,9,2,,2,1,NA,1,52,3,0,,,NA,NA,NA,NA,NA,NA,NA,NA,NA,NA,NA,NA,NA,NA,0,
3285,11/14/2015 12:23:00 PM,"Broadway and Illinois Ave, Somerville, MA",-71.0832853,42.3874934,1,1,2,2,3,3,NA,2,1,NA,2,1,,1,4,NA,2,1,NA,NA,NA,NA,NA,NA,NA,NA,NA,NA,0,0,0,NA,,,,0,NA,,,,,,,NA,NA,NA,NA,NA,NA,NA,NA,NA,NA,NA,NA,NA,NA,0,
3286,11/14/2015 11:02:00 PM,"107 Moreland St, Somerville, MA",-71.0955384,42.3993181,1,1,1,1,4,3,NA,1,19,NA,1,1,,1,1,NA,NA,NA,NA,NA,NA,NA,NA,NA,NA,NA,NA,NA,0,0,0,NA,,,,0,NA,,,,,,,NA,NA,NA,NA,NA,NA,NA,NA,NA,NA,NA,NA,NA,NA,0,
3287,11/15/2015 05:32:00 AM,"34 Central St, Somerville, MA",-71.1056571,42.3855745,1,1,1,1,4,99,NA,1,1,NA,,1,,NA,NA,NA,NA,NA,NA,NA,NA,NA,NA,NA,NA,NA,NA,NA,0,0,0,NA,,,,0,NA,,,,,,,NA,NA,NA,NA,NA,NA,NA,NA,NA,NA,NA,NA,NA,NA,0,
3288,11/16/2015 07:40:00 AM,"246 Broadway, Somerville, MA",-71.090025,42.390174,1,1,1,1,1,6,NA,1,1,NA,1,1,,NA,NA,NA,NA,NA,NA,NA,NA,NA,NA,NA,NA,NA,NA,NA,0,0,0,NA,,,,0,NA,,,,,,,NA,NA,NA,NA,NA,NA,NA,NA,NA,NA,NA,NA,NA,NA,0,
3289,11/16/2015 10:04:00 AM,"Broadway and Central St, Somerville, MA",-71.0986355,42.395264,1,1,1,3,1,2,NA,1,1,NA,1,16,,NA,NA,NA,NA,NA,NA,NA,NA,NA,NA,NA,NA,NA,NA,NA,0,0,0,NA,,,,1,2,0,62,4,1,0,24,4,0,NA,NA,NA,NA,NA,NA,NA,NA,NA,NA,NA,NA,0,
3290,11/16/2015 10:07:00 AM,"Broadway and Cross St, Somerville, MA",-71.0859942,42.3886405,2,1,3,2,2,2,NA,1,97,NA,2,1,,NA,NA,NA,NA,NA,NA,NA,NA,NA,NA,NA,NA,NA,NA,NA,0,0,0,NA,,,,0,NA,,,,,,,NA,NA,NA,NA,NA,NA,NA,NA,NA,NA,NA,NA,NA,NA,0,
3291,11/17/2015 07:23:00 AM,"Benton Rd and Summer St, Somerville, MA",-71.106865,42.3866442,1,1,1,2,1,9,NA,1,1,NA,1,1,,NA,NA,NA,NA,NA,NA,NA,NA,NA,NA,NA,NA,NA,NA,NA,0,0,0,NA,,,,0,NA,,,,,,,NA,NA,NA,NA,NA,NA,NA,NA,NA,NA,NA,NA,NA,NA,0,
3292,11/17/2015 09:10:00 AM,"Summer St and Cherry St, Somerville, MA",-71.1149866,42.3914194,1,1,2,4,1,3,NA,1,1,NA,2,3,19,NA,NA,NA,NA,NA,NA,NA,NA,NA,NA,NA,NA,NA,NA,NA,0,0,0,NA,,,,0,NA,,,,,,,NA,NA,NA,NA,NA,NA,NA,NA,NA,NA,NA,NA,NA,NA,0,
3293,11/18/2015 03:08:00 PM,"86 Irving St, Somerville, MA",-71.1219528,42.4010672,1,1,1,3,4,2,NA,1,1,NA,1,1,,NA,NA,NA,NA,NA,NA,NA,NA,NA,NA,NA,NA,NA,NA,NA,0,0,0,NA,,,,0,NA,,,,,,,NA,NA,NA,NA,NA,NA,NA,NA,NA,NA,NA,NA,NA,NA,0,
3294,11/19/2015 12:50:00 PM,"311 Medford St, Somerville, MA",-71.0941919,42.386461,2,1,1,1,1,1,1,1,9,NA,,,,NA,NA,NA,NA,NA,NA,NA,NA,NA,NA,NA,NA,NA,NA,NA,0,0,1,4,7,Jersey Barrier,,1,NA,0,61,3,1,,,NA,NA,NA,NA,NA,NA,NA,NA,NA,NA,NA,NA,NA,NA,0,
3295,11/21/2015 08:29:00 AM,"46 Moreland St, Somerville, MA",-71.09756,42.397751,1,1,1,1,4,4,NA,1,1,NA,1,9,,1,NA,NA,1,1,NA,NA,NA,NA,NA,NA,NA,NA,NA,NA,0,0,0,NA,,,,0,NA,,,,,,,NA,NA,NA,NA,NA,NA,NA,NA,NA,NA,NA,NA,NA,NA,0,
3296,11/21/2015 04:45:00 PM,"Highland Ave and Walnut St, Somerville, MA",-71.0941672,42.3851419,99,99,99,99,99,,1,NA,NA,NA,,,,NA,NA,NA,NA,NA,NA,NA,NA,NA,NA,NA,NA,NA,NA,NA,0,1,0,1,1,,2,1,NA,1,17,4,1,,,NA,NA,NA,NA,NA,NA,NA,NA,NA,NA,NA,NA,NA,NA,0,