id,date_time,address,lon,lat,Weather,road_surface,traffic_control_device,intersection_type,traffic_way_desc,collision_manner,num_involved_vehicles,vehicle1_configuration,driver1_contrib1,driver1_contrib2,vehicle2_configuration,driver2_contrib1,driver2_contrib2,vehicle3_configuration,driver3_contrib1,driver3_contrib2,vehicle4_configuration,driver4_contrib1,driver4_contrib2,vehicle5_configuration,driver5_contrib1,driver5_contrib2,vehicle6_configuration,driver6_contrib1,driver6_contrib2,vehicle7_configuration,driver7_contrib1,driver7_contrib2,Bicycle,Pedestrian,non_mv,non_motorist_location,non_motorist_action,non_motorist_type,manner_of_non_motorist_collision,Injury,Multiple,Gender1,Age1,Severity1,Hospital1,Gender2,Age2,Severity2,Hospital2,Gender3,Age3,Severity3,Hospital3,Gender4,Age4,Severity4,Hospital4,Gender5,Age5,Severity5,Hospital5,city_vehicle,Notes
3297,11/22/2015 08:50:00 AM,"Holland St and Cameron Ave, Somerville, MA",-71.126181,42.401052,1,1,4,3,2,6,NA,2,1,NA,,4,,NA,NA,NA,NA,NA,NA,NA,NA,NA,NA,NA,NA,NA,NA,NA,0,0,0,NA,,,,0,NA,,,,,,,NA,NA,NA,NA,NA,NA,NA,NA,NA,NA,NA,NA,NA,NA,0,
3298,11/22/2015 11:45:00 AM,"622 Somerville Ave, Somerville, MA",-71.1102457,42.3836266,2,1,1,1,1,2,NA,1,1,NA,1,1,,2,19,20,NA,NA,NA,NA,NA,NA,NA,NA,NA,NA,NA,NA,0,0,0,NA,,,,1,NA,0,21,3,1,,,NA,NA,NA,NA,NA,NA,NA,NA,NA,NA,NA,NA,NA,NA,0,
3299,11/22/2015 10:58:00 PM,"Somerville Ave and Garden Court, Somerville, MA",-71.1090656,42.3838107,3,2,1,3,1,3,NA,2,1,NA,1,10,,1,NA,NA,NA,NA,NA,NA,NA,NA,NA,NA,NA,NA,NA,NA,0,0,0,NA,,,,0,NA,,,,,,,NA,NA,NA,NA,NA,NA,NA,NA,NA,NA,NA,NA,NA,NA,0,
3300,11/23/2015 07:30:00 AM,"Cameron Ave and Malvern Ave, Somerville, MA",-71.1278026,42.3996001,1,1,2,3,1,3,NA,1,99,NA,2,99,,NA,NA,NA,NA,NA,NA,NA,NA,NA,NA,NA,NA,NA,NA,NA,0,0,0,NA,,,,0,NA,,,,,,,NA,NA,NA,NA,NA,NA,NA,NA,NA,NA,NA,NA,NA,NA,0,
3301,11/23/2015 02:21:00 PM,"1253 Broadway, Somerville, MA",-71.130048,42.4050441,1,1,1,1,1,1,1,8,1,NA,,,,NA,NA,NA,NA,NA,NA,NA,NA,NA,NA,NA,NA,NA,NA,NA,0,0,1,0,0,Tree,,0,NA,,,,,,,NA,NA,NA,NA,NA,NA,NA,NA,NA,NA,NA,NA,NA,NA,0,
3302,11/23/2015 04:47:00 PM,"2 Highland Ave, Somerville, MA",-71.0927047,42.3845571,1,1,3,3,1,6,1,1,11,NA,,,,NA,NA,NA,NA,NA,NA,NA,NA,NA,NA,NA,NA,NA,NA,NA,0,1,0,1,1,,2,1,NA,1,26,4,1,,,NA,NA,NA,NA,NA,NA,NA,NA,NA,NA,NA,NA,NA,NA,0,
3303,11/23/2015 03:07:00 AM,"Pearl St and Walnut St, Somerville, MA",-71.0931605,42.3873566,3,2,3,2,1,3,2,2,1,NA,2,1,,NA,NA,NA,NA,NA,NA,NA,NA,NA,NA,NA,NA,NA,NA,NA,0,0,0,0,0,,,1,NA,1,25,4,1,,,NA,NA,NA,NA,NA,NA,NA,NA,NA,NA,NA,NA,NA,NA,1,"SPD cruiser responding to call w. lights on, slid on slick road into intersection, striking MV 2 going through intersection"
3304,11/23/2015 11:15:00 AM,"231 Washington St, Somerville, MA",-71.0932459,42.379723,1,1,1,1,2,4,2,6,1,NA,6,1,,NA,NA,NA,NA,NA,NA,NA,NA,NA,NA,NA,NA,NA,NA,NA,0,0,0,0,0,,,0,NA,,,,,,,NA,NA,NA,NA,NA,NA,NA,NA,NA,NA,NA,NA,NA,NA,1,"SFD engine, responding to call, hit rear bumper of MV stopped in traffic while passing"
3305,11/24/2015 04:45:00 AM,"62 Webster Ave, Somerville, MA",-71.0952155,42.3758634,1,1,1,1,1,3,NA,NA,1,NA,,99,,1,1,NA,NA,NA,NA,NA,NA,NA,NA,NA,NA,NA,NA,NA,0,0,0,NA,,,,1,3,1,38,3,1,1,54,4,1,1,50,4,1,NA,NA,NA,NA,NA,NA,NA,NA,0,
3306,11/24/2015 01:43:00 PM,"Tufts St and Cross St, Somerville, MA",-71.0897431,42.3833483,1,1,2,3,2,3,NA,2,1,NA,1,18,99,NA,NA,NA,NA,NA,NA,NA,NA,NA,NA,NA,NA,NA,NA,NA,0,0,0,NA,,,,0,NA,,,,,,,NA,NA,NA,NA,NA,NA,NA,NA,NA,NA,NA,NA,NA,NA,0,
3307,11/26/2015 08:55:00 AM,"108 Line St, Somerville, MA",-71.1037918,42.3751252,1,1,1,1,4,,NA,2,10,NA,1,1,,NA,NA,NA,NA,NA,NA,NA,NA,NA,NA,NA,NA,NA,NA,NA,0,0,0,NA,,,,0,NA,,,,,,,NA,NA,NA,NA,NA,NA,NA,NA,NA,NA,NA,NA,NA,NA,0,
3308,11/29/2015 04:20:00 AM,"39 Everett Ave, Somerville, MA",-71.089518,42.3873196,1,1,1,1,4,6,NA,1,99,NA,2,,,2,NA,NA,NA,NA,NA,NA,NA,NA,NA,NA,NA,NA,NA,NA,0,0,0,NA,,,,0,NA,,,,,,,NA,NA,NA,NA,NA,NA,NA,NA,NA,NA,NA,NA,NA,NA,0,
3309,11/29/2015 12:20:00 PM,"Beacon St and Eustis St, Somerville, MA",-71.1130797,42.3837201,1,1,2,3,1,3,NA,1,1,NA,2,4,,NA,NA,NA,NA,NA,NA,NA,NA,NA,NA,NA,NA,NA,NA,NA,0,0,0,NA,,,,1,NA,1,47,3,1,,,NA,NA,NA,NA,NA,NA,NA,NA,NA,NA,NA,NA,NA,NA,0,
3310,11/29/2015 02:04:00 PM,"11 Dane St, Somerville, MA",-71.1039621,42.3819712,1,1,1,1,1,2,NA,1,1,NA,2,1,,NA,NA,NA,NA,NA,NA,NA,NA,NA,NA,NA,NA,NA,NA,NA,0,0,0,NA,,,,0,NA,,,,,,,NA,NA,NA,NA,NA,NA,NA,NA,NA,NA,NA,NA,NA,NA,0,
3311,11/29/2015 07:25:00 PM,"1 Webster St, Somerville, MA",-71.0837613,42.3854902,1,1,1,1,1,2,NA,1,1,NA,,,,NA,NA,NA,NA,NA,NA,NA,NA,NA,NA,NA,NA,NA,NA,NA,0,0,0,NA,,,,0,NA,,,,,,,NA,NA,NA,NA,NA,NA,NA,NA,NA,NA,NA,NA,NA,NA,0,
3312,11/29/2015 07:46:00 PM,"33 Beacon St, Somerville, MA",-71.1025738,42.3754561,1,1,1,1,1,2,NA,1,1,NA,2,,,NA,NA,NA,NA,NA,NA,NA,NA,NA,NA,NA,NA,NA,NA,NA,0,0,0,NA,,,,0,NA,,,,,,,NA,NA,NA,NA,NA,NA,NA,NA,NA,NA,NA,NA,NA,NA,0,
3313,11/30/2015 11:00:00 AM,"Powder House Blvd and Curtis St, Somerville, MA",-71.1258479,42.4054336,1,1,3,2,2,9,NA,1,1,NA,1,4,,NA,NA,NA,NA,NA,NA,NA,NA,NA,NA,NA,NA,NA,NA,NA,0,0,0,NA,,,,0,NA,,,,,,,NA,NA,NA,NA,NA,NA,NA,NA,NA,NA,NA,NA,NA,NA,0,
3314,11/30/2015 09:21:00 PM,"238 Holland St, Somerville, MA",-71.127207,42.402676,99,99,99,99,99,,1,10,1,NA,,,,NA,NA,NA,NA,NA,NA,NA,NA,NA,NA,NA,NA,NA,NA,NA,0,0,1,0,0,Utility polie,,0,NA,,,,,,,NA,NA,NA,NA,NA,NA,NA,NA,NA,NA,NA,NA,NA,NA,0,
3315,12/02/2015 03:00:00 PM,"Pearl St and Florence St, Somerville, MA",-71.082657,42.3841471,3,2,3,2,1,3,NA,2,7,NA,2,,,NA,NA,NA,NA,NA,NA,NA,NA,NA,NA,NA,NA,NA,NA,NA,0,0,0,NA,,,,0,NA,,,,,,,NA,NA,NA,NA,NA,NA,NA,NA,NA,NA,NA,NA,NA,NA,0,
3316,12/02/2015 06:56:00 PM,"Beacon St and Calvin St, Somerville, MA",-71.1049621,42.3771273,2,2,1,3,1,2,NA,1,5,7,2,1,,NA,NA,NA,NA,NA,NA,NA,NA,NA,NA,NA,NA,NA,NA,NA,0,0,0,NA,,,,0,NA,,,,,,,NA,NA,NA,NA,NA,NA,NA,NA,NA,NA,NA,NA,NA,NA,0,
3317,12/03/2015 02:49:00 PM,"Prospect St and Newton St, Somerville, MA",-71.0943653,42.3787265,2,2,1,1,4,2,NA,1,5,19,2,1,,NA,NA,NA,NA,NA,NA,NA,NA,NA,NA,NA,NA,NA,NA,NA,0,0,0,NA,,,,1,NA,1,57,4,1,,,NA,NA,NA,NA,NA,NA,NA,NA,NA,NA,NA,NA,NA,NA,0,
3318,12/03/2015 05:11:00 PM,"237 Washington St, Somerville, MA",-71.0935829,42.3798769,1,1,1,1,1,3,NA,2,19,NA,1,1,,NA,NA,NA,NA,NA,NA,NA,NA,NA,NA,NA,NA,NA,NA,NA,0,0,0,NA,,,,0,NA,,,,,,,NA,NA,NA,NA,NA,NA,NA,NA,NA,NA,NA,NA,NA,NA,0,
3319,12/03/2015 06:28:00 PM,"114 Beacon St, Somerville, MA",-71.105868,42.3776631,1,1,1,1,1,99,NA,1,14,NA,1,1,,NA,NA,NA,NA,NA,NA,NA,NA,NA,NA,NA,NA,NA,NA,NA,0,0,0,NA,,,,0,NA,,,,,,,NA,NA,NA,NA,NA,NA,NA,NA,NA,NA,NA,NA,NA,NA,0,114R
3320,12/04/2015 12:00:00 AM,"311 Medford St, Somerville, MA",-71.0941919,42.386461,1,1,1,1,4,2,NA,1,1,NA,1,1,,NA,NA,NA,NA,NA,NA,NA,NA,NA,NA,NA,NA,NA,NA,NA,0,0,0,NA,,,,0,NA,,,,,,,NA,NA,NA,NA,NA,NA,NA,NA,NA,NA,NA,NA,NA,NA,0,
3321,12/04/2015 08:43:00 AM,"248 Summer St, Somerville, MA",-71.1130174,42.3898827,1,1,1,1,1,1,1,6,1,NA,,,,NA,NA,NA,NA,NA,NA,NA,NA,NA,NA,NA,NA,NA,NA,NA,0,0,1,0,0,"Branch, fence",,0,NA,,,,,,,NA,NA,NA,NA,NA,NA,NA,NA,NA,NA,NA,NA,NA,NA,0,
3322,12/04/2015 11:00:00 AM,"Temple St and Broadway, Somerville, MA",-71.0934064,42.3925566,1,1,3,3,1,5,NA,10,1,NA,2,1,,NA,NA,NA,NA,NA,NA,NA,NA,NA,NA,NA,NA,NA,NA,NA,0,0,0,NA,,,,0,NA,,,,,,,NA,NA,NA,NA,NA,NA,NA,NA,NA,NA,NA,NA,NA,NA,0,
3323,12/05/2015 12:06:00 PM,"729 Broadway, Somerville, MA",-71.1131665,42.4004108,1,1,1,1,2,1,1,6,1,NA,,,,NA,NA,NA,NA,NA,NA,NA,NA,NA,NA,NA,NA,NA,NA,NA,0,0,1,0,0,Lamp post,,0,NA,,,,,,,NA,NA,NA,NA,NA,NA,NA,NA,NA,NA,NA,NA,NA,NA,0,
3324,12/05/2015 08:07:00 PM,"Broadway and Dartmouth St, Somerville, MA",-71.095292,42.3935455,1,1,2,3,2,3,NA,1,4,NA,1,1,,NA,NA,NA,NA,NA,NA,NA,NA,NA,NA,NA,NA,NA,NA,NA,0,0,0,NA,,,,1,2,0,33,3,1,F,54,3,1,NA,NA,NA,NA,NA,NA,NA,NA,NA,NA,NA,NA,0,
3325,12/06/2015 10:25:00 AM,"Willow Ave and Whipple St, Somerville, MA",-71.1164722,42.3946276,2,1,1,3,1,4,NA,1,1,NA,1,97,,NA,NA,NA,NA,NA,NA,NA,NA,NA,NA,NA,NA,NA,NA,NA,0,0,0,NA,,,,0,NA,,,,,,,NA,NA,NA,NA,NA,NA,NA,NA,NA,NA,NA,NA,NA,NA,0,
3326,12/06/2015 10:48:00 PM,"58 Walnut St, Somerville, MA",-71.094947,42.3840288,1,1,1,1,4,4,NA,1,11,NA,1,1,,NA,NA,NA,NA,NA,NA,NA,NA,NA,NA,NA,NA,NA,NA,NA,0,0,0,NA,,,,0,NA,,,,,,,NA,NA,NA,NA,NA,NA,NA,NA,NA,NA,NA,NA,NA,NA,0,
3327,12/07/2015 06:14:00 PM,"Pearl St and Walnut St, Somerville, MA",-71.0931605,42.3873566,1,2,3,2,1,1,1,10,10,19,,,,NA,NA,NA,NA,NA,NA,NA,NA,NA,NA,NA,NA,NA,NA,NA,0,0,1,0,0,Light Pole,,0,NA,,,,,,,NA,NA,NA,NA,NA,NA,NA,NA,NA,NA,NA,NA,NA,NA,0,
3328,12/07/2015 06:21:00 AM,"McGrath Hwy and Pearl St, Somerville, MA",-71.0904563,42.3865189,1,1,3,3,3,1,1,1,1,NA,,,,NA,NA,NA,NA,NA,NA,NA,NA,NA,NA,NA,NA,NA,NA,NA,0,1,0,1,1,,2,1,NA,1,48,3,1,,,NA,NA,NA,NA,NA,NA,NA,NA,NA,NA,NA,NA,NA,NA,0,
3329,12/07/2015 07:08:00 PM,"94 College Ave, Somerville, MA",-71.1192466,42.3992861,1,99,1,1,1,,NA,1,1,NA,,,,NA,NA,NA,NA,NA,NA,NA,NA,NA,NA,NA,NA,NA,NA,NA,1,0,0,4,2,,3,1,NA,0,28,4,1,,,NA,NA,NA,NA,NA,NA,NA,NA,NA,NA,NA,NA,NA,NA,0,
3330,12/08/2015 09:17:00 AM,"9 New Washington St, Somerville, MA",-71.086419,42.380406,1,1,1,1,1,3,NA,1,99,NA,1,99,,NA,NA,NA,NA,NA,NA,NA,NA,NA,NA,NA,NA,NA,NA,NA,0,0,0,NA,,,,0,NA,,,,,,,NA,NA,NA,NA,NA,NA,NA,NA,NA,NA,NA,NA,NA,NA,0,
3331,12/08/2015 09:26:00 PM,"McGrath Hwy and Shore Dr, Somerville, MA",-71.0861237,42.3756473,1,1,3,7,3,4,2,1,99,NA,2,99,,NA,NA,NA,NA,NA,NA,NA,NA,NA,NA,NA,NA,NA,NA,NA,0,0,0,0,0,,,0,NA,,,,,,,NA,NA,NA,NA,NA,NA,NA,NA,NA,NA,NA,NA,NA,NA,1,City vehicle sideswiped moving MV while changing lanes
3332,12/09/2015 05:04:00 AM,"Quincy St and Summer St, Somerville, MA",-71.0998623,42.3837976,1,1,5,2,1,3,NA,2,1,NA,1,4,,NA,NA,NA,NA,NA,NA,NA,NA,NA,NA,NA,NA,NA,NA,NA,0,0,0,NA,,,,0,NA,,,,,,,NA,NA,NA,NA,NA,NA,NA,NA,NA,NA,NA,NA,NA,NA,0,
3333,12/09/2015 02:24:00 PM,"Washington St and Franklin Ave, Somerville, MA",-71.08496,42.381522,1,99,1,3,1,2,NA,1,5,NA,2,1,,NA,NA,NA,NA,NA,NA,NA,NA,NA,NA,NA,NA,NA,NA,NA,0,0,0,NA,,,,1,2,1,10,4,1,M,7,4,1,NA,NA,NA,NA,NA,NA,NA,NA,NA,NA,NA,NA,0,
3334,12/10/2015 05:50:00 PM,"299 Broadway, Somerville, MA",-71.0925583,42.3930263,1,1,1,1,3,4,NA,1,3,9,1,1,,NA,NA,NA,NA,NA,NA,NA,NA,NA,NA,NA,NA,NA,NA,NA,0,0,0,NA,,,,0,NA,,,,,,,NA,NA,NA,NA,NA,NA,NA,NA,NA,NA,NA,NA,NA,NA,0,
3335,12/10/2015 07:42:00 PM,"Beacon St and Washington St, Somerville, MA",-71.106382,42.3782892,1,1,3,2,1,1,1,1,99,99,,,,NA,NA,NA,NA,NA,NA,NA,NA,NA,NA,NA,NA,NA,NA,NA,1,0,0,2,1,,2,1,NA,1,31,4,0,,,NA,NA,NA,NA,NA,NA,NA,NA,NA,NA,NA,NA,NA,NA,0,
3336,12/10/2015 08:42:00 PM,"266 Broadway, Somerville, MA",-71.0911762,42.390861,1,1,2,1,4,3,1,1,1,NA,,,,NA,NA,NA,NA,NA,NA,NA,NA,NA,NA,NA,NA,NA,NA,NA,1,0,0,2,1,,1,1,NA,1,34,3,1,,,NA,NA,NA,NA,NA,NA,NA,NA,NA,NA,NA,NA,NA,NA,0,
3337,12/12/2015 04:50:00 AM,"Highland Ave and Central St, Somerville, MA",-71.1034359,42.3884241,1,1,3,2,1,6,NA,1,3,NA,1,1,,NA,NA,NA,NA,NA,NA,NA,NA,NA,NA,NA,NA,NA,NA,NA,0,0,0,NA,,,,1,NA,,,,,,,NA,NA,NA,NA,NA,NA,NA,NA,NA,NA,NA,NA,NA,NA,0,
3338,12/12/2015 06:08:00 PM,"Broadway and Cross St, Somerville, MA",-71.0859942,42.3886405,1,1,3,2,1,3,NA,2,3,NA,2,1,,NA,NA,NA,NA,NA,NA,NA,NA,NA,NA,NA,NA,NA,NA,NA,0,0,0,NA,,,,0,NA,,,,,,,NA,NA,NA,NA,NA,NA,NA,NA,NA,NA,NA,NA,NA,NA,0,
3339,12/13/2015 03:55:00 AM,"Temple St and Derby St, Somerville, MA",-71.0915388,42.3950558,1,1,1,3,1,6,NA,1,10,97,1,1,,NA,NA,NA,NA,NA,NA,NA,NA,NA,NA,NA,NA,NA,NA,NA,0,0,0,NA,,,,1,NA,1,33,3,,,,NA,NA,NA,NA,NA,NA,NA,NA,NA,NA,NA,NA,NA,NA,0,
3340,12/14/2015 03:48:00 PM,"Beacon St and Washington St, Somerville, MA",-71.106382,42.3782892,1,99,3,2,1,1,1,1,99,NA,,,,NA,NA,NA,NA,NA,NA,NA,NA,NA,NA,NA,NA,NA,NA,NA,0,0,1,0,0,Light Pole,,1,NA,,,,,,,NA,NA,NA,NA,NA,NA,NA,NA,NA,NA,NA,NA,NA,NA,0,
3341,12/14/2015 10:47:00 PM,"Webster Ave and Prospect St, Somerville, MA",-71.0955943,42.376968,3,2,3,3,4,1,1,1,NA,99,,,,NA,NA,NA,NA,NA,NA,NA,NA,NA,NA,NA,NA,NA,NA,NA,0,0,1,0,0,Median/curb,,0,NA,,,,,,,NA,NA,NA,NA,NA,NA,NA,NA,NA,NA,NA,NA,NA,NA,0,
3342,12/15/2015 10:46:00 AM,"School St and Medford St, Somerville, MA",-71.0971615,42.3891241,1,1,3,2,1,3,NA,1,1,NA,1,3,,NA,NA,NA,NA,NA,NA,NA,NA,NA,NA,NA,NA,NA,NA,NA,0,0,0,NA,,,,0,NA,,,,,,,NA,NA,NA,NA,NA,NA,NA,NA,NA,NA,NA,NA,NA,NA,0,
3343,12/15/2015 06:17:00 PM,"14 Broadway, Somerville, MA",-71.0783752,42.3860643,1,1,1,1,4,4,NA,1,99,NA,2,99,,NA,NA,NA,NA,NA,NA,NA,NA,NA,NA,NA,NA,NA,NA,NA,0,0,0,NA,,,,0,NA,,,,,,,NA,NA,NA,NA,NA,NA,NA,NA,NA,NA,NA,NA,NA,NA,0,
3344,12/15/2015 08:53:00 PM,"43 Temple St, Somerville, MA",-71.092053,42.393846,1,1,1,1,4,2,NA,1,1,NA,1,19,,NA,NA,NA,NA,NA,NA,NA,NA,NA,NA,NA,NA,NA,NA,NA,0,0,0,NA,,,,0,NA,,,,,,,NA,NA,NA,NA,NA,NA,NA,NA,NA,NA,NA,NA,NA,NA,0,"inattention, texting"
3345,12/16/2015 12:39:00 PM,"Grove St and Elm St, Somerville, MA",-71.1214561,42.3947474,1,1,2,3,2,3,NA,2,99,NA,1,1,,NA,NA,NA,NA,NA,NA,NA,NA,NA,NA,NA,NA,NA,NA,NA,0,0,0,NA,,,,0,NA,,,,,,,NA,NA,NA,NA,NA,NA,NA,NA,NA,NA,NA,NA,NA,NA,0,
3346,12/16/2015 02:30:00 PM,"137 Sycamore St, Somerville, MA",-71.0981198,42.3929948,1,1,1,1,4,4,NA,2,19,NA,2,1,,NA,NA,NA,NA,NA,NA,NA,NA,NA,NA,NA,NA,NA,NA,NA,0,0,0,NA,,,,0,NA,,,,,,,NA,NA,NA,NA,NA,NA,NA,NA,NA,NA,NA,NA,NA,NA,0,
3347,12/17/2015 10:04:00 PM,"24 Dimick St, Somerville, MA",-71.1024824,42.3762739,3,2,1,1,1,4,NA,1,1,NA,,,,NA,NA,NA,NA,NA,NA,NA,NA,NA,NA,NA,NA,NA,NA,NA,0,0,0,NA,,,,0,NA,,,,,,,NA,NA,NA,NA,NA,NA,NA,NA,NA,NA,NA,NA,NA,NA,0,
3348,12/17/2015 04:40:00 PM,"Broadway and Winchester St, Somerville, MA",-71.1093871,42.3989607,3,2,1,2,1,4,1,1,99,NA,,,,NA,NA,NA,NA,NA,NA,NA,NA,NA,NA,NA,NA,NA,NA,NA,1,0,0,2,7,,4,1,NA,0,24,99,,,,NA,NA,NA,NA,NA,NA,NA,NA,NA,NA,NA,NA,NA,NA,0,"bicyclists claimed she was fine, refused medical. Small cut on left leg"
3349,12/18/2015 09:21:00 AM,"Broadway and Leonard St, Somerville, MA",-71.1207517,42.4011008,2,1,1,2,1,2,NA,1,5,NA,2,1,,NA,NA,NA,NA,NA,NA,NA,NA,NA,NA,NA,NA,NA,NA,NA,0,0,0,NA,,,,0,NA,,,,,,,NA,NA,NA,NA,NA,NA,NA,NA,NA,NA,NA,NA,NA,NA,0,
3350,12/18/2015 04:13:00 PM,"Prospect Hill Pkwy, Somerville, MA",-71.0934974,42.3812848,2,2,1,1,1,1,NA,1,1,NA,,,,NA,NA,NA,NA,NA,NA,NA,NA,NA,NA,NA,NA,NA,NA,NA,0,0,0,NA,,,,0,NA,,,,,,,NA,NA,NA,NA,NA,NA,NA,NA,NA,NA,NA,NA,NA,NA,0,
3351,12/18/2015 06:45:00 PM,"547 Broadway, Somerville, MA",-71.1067704,42.3983141,1,1,1,1,1,12,NA,1,4,NA,1,1,,NA,NA,NA,NA,NA,NA,NA,NA,NA,NA,NA,NA,NA,NA,NA,0,0,0,NA,,,,1,NA,1,49,3,1,,,NA,NA,NA,NA,NA,NA,NA,NA,NA,NA,NA,NA,NA,NA,0,
3352,12/19/2015 10:32:00 AM,"288 Cedar St, Somerville, MA",-71.1085527,42.3979786,1,1,1,1,1,1,1,1,99,NA,,,,NA,NA,NA,NA,NA,NA,NA,NA,NA,NA,NA,NA,NA,NA,NA,0,0,1,0,0,Utility pole,,1,NA,1,80,99,1,,,NA,NA,NA,NA,NA,NA,NA,NA,NA,NA,NA,NA,NA,NA,0,
3353,12/19/2015 11:47:00 AM,"Broadway and Wallace St, Somerville, MA",-71.1207517,42.4011008,1,1,2,2,2,2,NA,1,1,NA,1,1,,NA,NA,NA,NA,NA,NA,NA,NA,NA,NA,NA,NA,NA,NA,NA,0,0,0,NA,,,,0,NA,,,,,,,NA,NA,NA,NA,NA,NA,NA,NA,NA,NA,NA,NA,NA,NA,0,
3354,12/19/2015 12:45:00 PM,"355 Broadway, Somerville, MA",-71.09529,42.3939219,1,1,1,1,3,4,NA,1,1,NA,1,,,NA,NA,NA,NA,NA,NA,NA,NA,NA,NA,NA,NA,NA,NA,NA,0,0,0,NA,,,,0,NA,,,,,,,NA,NA,NA,NA,NA,NA,NA,NA,NA,NA,NA,NA,NA,NA,0,
3355,12/20/2015 09:00:00 AM,"220 Broadway, Somerville, MA",-71.0887821,42.3896514,1,1,1,1,1,3,NA,1,99,NA,1,4,,NA,NA,NA,NA,NA,NA,NA,NA,NA,NA,NA,NA,NA,NA,NA,0,0,0,NA,,,,0,NA,,,,,,,NA,NA,NA,NA,NA,NA,NA,NA,NA,NA,NA,NA,NA,NA,0,
3356,12/20/2015 12:50:00 PM,"Highland Ave and Willow Ave, Somerville, MA",-71.1168102,42.3941136,1,1,3,2,1,3,NA,1,1,NA,1,4,,NA,NA,NA,NA,NA,NA,NA,NA,NA,NA,NA,NA,NA,NA,NA,0,0,0,NA,,,,0,NA,,,,,,,NA,NA,NA,NA,NA,NA,NA,NA,NA,NA,NA,NA,NA,NA,0,refused medical treatment
3357,12/20/2015 04:17:00 PM,"532 Medford St, Somerville, MA",-71.1042906,42.3969439,1,1,1,9,1,8,NA,2,99,NA,2,1,,NA,NA,NA,NA,NA,NA,NA,NA,NA,NA,NA,NA,NA,NA,NA,0,0,0,NA,,,,0,NA,,,,,,,NA,NA,NA,NA,NA,NA,NA,NA,NA,NA,NA,NA,NA,NA,0,
3358,12/20/2015 04:53:00 PM,"132 College Ave, Somerville, MA",-71.1175212,42.4005265,2,1,1,1,1,1,1,2,1,NA,,,,NA,NA,NA,NA,NA,NA,NA,NA,NA,NA,NA,NA,NA,NA,NA,0,1,0,4,2,,1,1,NA,1,28,4,1,,,NA,NA,NA,NA,NA,NA,NA,NA,NA,NA,NA,NA,NA,NA,0,
3359,12/21/2015 07:15:00 AM,"Elm St and White St, Somerville, MA",-71.1169921,42.3896347,1,1,1,3,1,2,NA,2,99,NA,1,1,,NA,NA,NA,NA,NA,NA,NA,NA,NA,NA,NA,NA,NA,NA,NA,0,0,0,NA,,,,0,NA,,,,,,,NA,NA,NA,NA,NA,NA,NA,NA,NA,NA,NA,NA,NA,NA,0,
3360,12/21/2015 07:27:00 PM,"399 Highland Ave, Somerville, MA",-71.1205539,42.3959417,1,1,1,1,4,2,NA,1,1,NA,2,5,20,NA,NA,NA,NA,NA,NA,NA,NA,NA,NA,NA,NA,NA,NA,NA,0,0,0,NA,,,,0,NA,,,,,,,NA,NA,NA,NA,NA,NA,NA,NA,NA,NA,NA,NA,NA,NA,0,
3361,12/22/2015 12:31:00 PM,"Broadway and Holland St, Somerville, MA",-71.1271468,42.4032411,3,2,3,2,1,2,NA,1,1,NA,2,5,,NA,NA,NA,NA,NA,NA,NA,NA,NA,NA,NA,NA,NA,NA,NA,0,0,0,NA,,,,1,NA,0,74,3,1,,,NA,NA,NA,NA,NA,NA,NA,NA,NA,NA,NA,NA,NA,NA,0,
3362,12/22/2015 04:00:00 PM,"Washington St and McGrath Hwy, Somerville, MA",-71.0893942,42.3804355,3,2,3,4,4,3,NA,1,1,NA,1,1,,NA,NA,NA,NA,NA,NA,NA,NA,NA,NA,NA,NA,NA,NA,NA,0,0,0,NA,,,,0,NA,,,,,,,NA,NA,NA,NA,NA,NA,NA,NA,NA,NA,NA,NA,NA,NA,0,refused medical treatment
3363,12/22/2015 05:28:00 PM,"131 College Ave, Somerville, MA",-71.1146058,42.4092524,3,2,1,1,1,2,NA,1,9,NA,2,,,NA,NA,NA,NA,NA,NA,NA,NA,NA,NA,NA,NA,NA,NA,NA,0,0,0,NA,,,,0,NA,,,,,,,NA,NA,NA,NA,NA,NA,NA,NA,NA,NA,NA,NA,NA,NA,0,
3364,12/22/2015 05:36:00 PM,"Broadway and Wisconsin Ave, Somerville, MA",-71.0847491,42.3880907,3,2,1,3,2,1,1,3,1,NA,,,,NA,NA,NA,NA,NA,NA,NA,NA,NA,NA,NA,NA,NA,NA,NA,0,1,1,4,12,Motorcycle,5,1,NA,1,47,4,,,,NA,NA,NA,NA,NA,NA,NA,NA,NA,NA,NA,NA,NA,NA,0,pedestrian refused medical
3365,12/22/2015 03:39:00 PM,"Temple St and Broadway, Somerville, MA",-71.0934064,42.3925566,2,2,3,2,3,4,2,1,1,NA,7,1,,NA,NA,NA,NA,NA,NA,NA,NA,NA,NA,NA,NA,NA,NA,NA,0,0,0,0,0,,,0,NA,,,,,,,NA,NA,NA,NA,NA,NA,NA,NA,NA,NA,NA,NA,NA,NA,1,"SFD engine responding to call; while turning, rear struck side of stopped MV"