id,date_time,address,lon,lat,Weather,road_surface,traffic_control_device,intersection_type,traffic_way_desc,collision_manner,num_involved_vehicles,vehicle1_configuration,driver1_contrib1,driver1_contrib2,vehicle2_configuration,driver2_contrib1,driver2_contrib2,vehicle3_configuration,driver3_contrib1,driver3_contrib2,vehicle4_configuration,driver4_contrib1,driver4_contrib2,vehicle5_configuration,driver5_contrib1,driver5_contrib2,vehicle6_configuration,driver6_contrib1,driver6_contrib2,vehicle7_configuration,driver7_contrib1,driver7_contrib2,Bicycle,Pedestrian,non_mv,non_motorist_location,non_motorist_action,non_motorist_type,manner_of_non_motorist_collision,Injury,Multiple,Gender1,Age1,Severity1,Hospital1,Gender2,Age2,Severity2,Hospital2,Gender3,Age3,Severity3,Hospital3,Gender4,Age4,Severity4,Hospital4,Gender5,Age5,Severity5,Hospital5,city_vehicle,Notes
3366,12/23/2015 09:11:00 AM,"43 Third Ave, Somerville, MA",-71.0781476,42.3777315,1,1,1,1,1,5,NA,10,19,NA,2,1,,NA,NA,NA,NA,NA,NA,NA,NA,NA,NA,NA,NA,NA,NA,NA,0,0,0,NA,,,,0,NA,,,,,,,NA,NA,NA,NA,NA,NA,NA,NA,NA,NA,NA,NA,NA,NA,0,
3367,12/23/2015 02:20:00 PM,"Washington St and Joy St, Somerville, MA",-71.0885832,42.3806671,1,1,1,3,1,3,NA,1,1,NA,2,1,,NA,NA,NA,NA,NA,NA,NA,NA,NA,NA,NA,NA,NA,NA,NA,0,0,0,NA,,,,1,NA,1,18,3,1,,,NA,NA,NA,NA,NA,NA,NA,NA,NA,NA,NA,NA,NA,NA,0,
3368,12/23/2015 05:33:00 PM,"Middlesex Ave, Somerville, MA",-71.0831773,42.3931891,2,2,3,1,2,2,NA,2,1,NA,2,5,"20, 7, 14",NA,NA,NA,NA,NA,NA,NA,NA,NA,NA,NA,NA,NA,NA,NA,0,0,0,NA,,,,0,NA,,,,,,,NA,NA,NA,NA,NA,NA,NA,NA,NA,NA,NA,NA,NA,NA,0,"aditional contrib code ( 7, 14)"
3369,12/23/2015 06:00:00 PM,"College Ave and Broadway, Somerville, MA",-71.117348,42.400524,3,2,3,8,2,2,NA,2,99,NA,1,1,,NA,NA,NA,NA,NA,NA,NA,NA,NA,NA,NA,NA,NA,NA,NA,0,0,0,NA,,,,0,NA,,,,,,,NA,NA,NA,NA,NA,NA,NA,NA,NA,NA,NA,NA,NA,NA,0,
3370,12/23/2015 07:20:00 PM,"Cutter Ave and Summer St, Somerville, MA",-71.1206131,42.3940936,3,2,3,2,4,1,1,1,1,NA,,,,NA,NA,NA,NA,NA,NA,NA,NA,NA,NA,NA,NA,NA,NA,NA,0,1,0,1,1,,2,0,NA,,,,,,,NA,NA,NA,NA,NA,NA,NA,NA,NA,NA,NA,NA,NA,NA,0,both pedesterian and motorist refused medical 
3371,12/24/2015 08:30:00 AM,"Somerville Ave and Lowell St, Somerville, MA",-71.1118757,42.3845931,2,2,1,3,1,2,NA,1,NA,NA,1,20,,NA,NA,NA,NA,NA,NA,NA,NA,NA,NA,NA,NA,NA,NA,NA,0,0,0,NA,,,,0,NA,,,,,,,NA,NA,NA,NA,NA,NA,NA,NA,NA,NA,NA,NA,NA,NA,0,
3372,12/24/2015 11:58:00 AM,"Bradley St and Radcliffe Rd, Somerville, MA",-71.0940793,42.3888861,1,1,1,2,1,2,NA,1,1,NA,1,99,,NA,NA,NA,NA,NA,NA,NA,NA,NA,NA,NA,NA,NA,NA,NA,0,0,0,NA,,,,1,2,1,25,4,1,F,24,4,1,NA,NA,NA,NA,NA,NA,NA,NA,NA,NA,NA,NA,0,
3373,12/24/2015 08:41:00 PM,"266 Broadway, Somerville, MA",-71.0911762,42.390861,1,1,1,1,2,3,NA,2,99,NA,2,99,,NA,NA,NA,NA,NA,NA,NA,NA,NA,NA,NA,NA,NA,NA,NA,0,0,0,NA,,,,0,NA,,,,,,,NA,NA,NA,NA,NA,NA,NA,NA,NA,NA,NA,NA,NA,NA,0,
3374,12/25/2015 04:31:00 AM,"Washington St and Dane St, Somerville, MA",-71.1040464,42.3788385,1,2,3,2,1,3,NA,1,1,NA,1,3,,NA,NA,NA,NA,NA,NA,NA,NA,NA,NA,NA,NA,NA,NA,NA,0,0,0,NA,,,,0,NA,,,,,,,NA,NA,NA,NA,NA,NA,NA,NA,NA,NA,NA,NA,NA,NA,0,
3375,12/26/2015 09:40:00 AM,"Highland Ave and Walnut St, Somerville, MA",-71.0941672,42.3851419,1,1,3,2,1,3,NA,1,3,NA,1,1,,NA,NA,NA,NA,NA,NA,NA,NA,NA,NA,NA,NA,NA,NA,NA,0,0,0,NA,,,,0,NA,,,,,,,NA,NA,NA,NA,NA,NA,NA,NA,NA,NA,NA,NA,NA,NA,0,
3376,12/26/2015 03:21:00 PM,"72 Holland St, Somerville, MA",-71.1242343,42.3982958,2,1,1,1,1,1,1,1,1,NA,,,,NA,NA,NA,NA,NA,NA,NA,NA,NA,NA,NA,NA,NA,NA,NA,1,0,0,4,2,,7,1,NA,1,31,4,,,,NA,NA,NA,NA,NA,NA,NA,NA,NA,NA,NA,NA,NA,NA,0,"cyclist refused medical, minor injury to fingers"
3377,12/28/2015 02:26:00 PM,"Broadway and Central St, Somerville, MA",-71.0986355,42.395264,1,1,1,3,1,3,NA,2,1,NA,2,99,,NA,NA,NA,NA,NA,NA,NA,NA,NA,NA,NA,NA,NA,NA,NA,0,0,0,NA,,,,1,NA,0,32,4,,,,NA,NA,NA,NA,NA,NA,NA,NA,NA,NA,NA,NA,NA,NA,0,
3378,12/29/2015 06:29:00 AM,"252 Medford St, Somerville, MA",-71.0921562,42.3837122,4,3,5,1,3,1,NA,2,99,NA,,,,NA,NA,NA,NA,NA,NA,NA,NA,NA,NA,NA,NA,NA,NA,NA,0,0,0,NA,,,,1,NA,1,45,99,,,,NA,NA,NA,NA,NA,NA,NA,NA,NA,NA,NA,NA,NA,NA,0,
3379,12/29/2015 03:55:00 PM,"26 Central St, Somerville, MA",-71.1060372,42.3850559,5,7,2,1,4,1,1,1,1,NA,,,,NA,NA,NA,NA,NA,NA,NA,NA,NA,NA,NA,NA,NA,NA,NA,0,1,0,8,5,,7,1,NA,0,66,3,1,,,NA,NA,NA,NA,NA,NA,NA,NA,NA,NA,NA,NA,NA,NA,0,
3380,12/31/2015 06:45:00 PM,"Warner St and Broadway, Somerville, MA",-71.116275,42.401082,1,1,4,7,1,2,NA,1,1,NA,1,1,,NA,NA,NA,NA,NA,NA,NA,NA,NA,NA,NA,NA,NA,NA,NA,0,0,0,NA,,,,0,NA,,,,,,,NA,NA,NA,NA,NA,NA,NA,NA,NA,NA,NA,NA,NA,NA,0,
3381,01/03/2016 01:30:00 AM,"Marshall St and Pearl St, Somerville, MA",-71.0957494,42.3881671,1,1,1,3,1,4,2,1,1,NA,1,2,,NA,NA,NA,NA,NA,NA,NA,NA,NA,NA,NA,NA,NA,NA,NA,0,0,0,NA,,,,0,NA,,,,,,,NA,NA,NA,NA,NA,NA,NA,NA,NA,NA,NA,NA,NA,NA,0,
3382,01/03/2016 01:52:00 PM,"Broadway and Charles E Ryan Rd, Somerville, MA",-71.1056987,42.3977741,1,1,1,3,1,2,2,2,1,NA,2,20,,NA,NA,NA,NA,NA,NA,NA,NA,NA,NA,NA,NA,NA,NA,NA,0,0,0,NA,,,,1,3,1,22,4,0,1,58,4,0,1,13,4,0,NA,NA,NA,NA,NA,NA,NA,NA,0,
3383,01/04/2016 07:40:00 AM,"12 Francis St, Somerville, MA",-71.1113278,42.3906382,2,1,1,3,4,2,2,6,99,NA,1,,,NA,NA,NA,NA,NA,NA,NA,NA,NA,NA,NA,NA,NA,NA,NA,0,0,0,NA,,,,0,NA,,,,,,,NA,NA,NA,NA,NA,NA,NA,NA,NA,NA,NA,NA,NA,NA,0,
3384,01/04/2016 08:48:00 AM,"624 Somerville Ave, Somerville, MA",-71.1106127,42.3837335,1,1,1,1,1,3,2,1,4,NA,2,1,,NA,NA,NA,NA,NA,NA,NA,NA,NA,NA,NA,NA,NA,NA,NA,0,0,0,NA,,,,0,NA,,,,,,,NA,NA,NA,NA,NA,NA,NA,NA,NA,NA,NA,NA,NA,NA,0,
3385,01/04/2016 12:11:00 PM,"120 School St, Somerville, MA",-71.0990579,42.3865928,2,1,1,1,4,4,2,2,1,NA,10,,,NA,NA,NA,NA,NA,NA,NA,NA,NA,NA,NA,NA,NA,NA,NA,0,0,0,NA,,,,0,NA,,,,,,,NA,NA,NA,NA,NA,NA,NA,NA,NA,NA,NA,NA,NA,NA,1,
3386,01/04/2016 01:25:00 PM,"Washington St and Inner Belt Rd, Somerville, MA",-71.0815211,42.3820437,2,1,3,3,1,2,2,1,5,NA,1,1,,NA,NA,NA,NA,NA,NA,NA,NA,NA,NA,NA,NA,NA,NA,NA,0,0,0,NA,,,,0,NA,,,,,,,NA,NA,NA,NA,NA,NA,NA,NA,NA,NA,NA,NA,NA,NA,0,
3387,01/04/2016 06:37:00 PM,"264 Washington St, Somerville, MA",-71.0970194,42.379345,1,1,3,3,2,2,2,1,19,NA,2,1,,NA,NA,NA,NA,NA,NA,NA,NA,NA,NA,NA,NA,NA,NA,NA,0,0,0,NA,,,,0,NA,,,,,,,NA,NA,NA,NA,NA,NA,NA,NA,NA,NA,NA,NA,NA,NA,0,
3388,01/05/2016 08:05:00 AM,"42 Stone Ave, Somerville, MA",-71.0949763,42.3810034,1,1,1,1,1,5,3,1,10,NA,2,,,1,NA,NA,NA,NA,NA,NA,NA,NA,NA,NA,NA,NA,NA,NA,0,0,1,NA,97,Building,,0,NA,,,,,,,NA,NA,NA,NA,NA,NA,NA,NA,NA,NA,NA,NA,NA,NA,0,
3389,01/05/2016 03:29:00 PM,"19 Herbert St, Somerville, MA",-71.1229936,42.3956201,1,1,1,1,1,8,2,6,1,NA,1,1,,NA,NA,NA,NA,NA,NA,NA,NA,NA,NA,NA,NA,NA,NA,NA,0,0,0,NA,,,,0,NA,,,,,,,NA,NA,NA,NA,NA,NA,NA,NA,NA,NA,NA,NA,NA,NA,1,
3390,01/08/2016 11:30:00 AM,"81 Liberty Ave, Somerville, MA",-71.1170685,42.3983016,2,1,1,1,1,1,1,8,1,NA,,,,NA,NA,NA,NA,NA,NA,NA,NA,NA,NA,NA,NA,NA,NA,NA,0,0,1,NA,97,"Brick barrier, wooden post",,0,NA,,,,,,,NA,NA,NA,NA,NA,NA,NA,NA,NA,NA,NA,NA,NA,NA,0,
3391,01/08/2016 05:32:00 PM,"34 North St, Somerville, MA",-71.1303203,42.4073322,2,1,1,1,99,1,1,1,19,20,,,,NA,NA,NA,NA,NA,NA,NA,NA,NA,NA,NA,NA,NA,NA,NA,1,0,0,5,2,,4,1,NA,1,13,4,1,,,NA,NA,NA,NA,NA,NA,NA,NA,NA,NA,NA,NA,NA,NA,0,
3392,01/09/2016 02:01:00 AM,"181 Tremont St, Somerville, MA",-71.096324,42.374729,1,1,1,1,4,1,2,NA,NA,NA,,8,,NA,NA,NA,NA,NA,NA,NA,NA,NA,NA,NA,NA,NA,NA,NA,0,0,0,NA,,,,0,NA,,,,,,,NA,NA,NA,NA,NA,NA,NA,NA,NA,NA,NA,NA,NA,NA,0,
3393,01/10/2016 03:29:00 PM,"Grand Union Blvd and Foley St, Somerville, MA",-71.0805024,42.3930129,3,2,2,2,1,3,2,2,1,NA,1,3,7,NA,NA,NA,NA,NA,NA,NA,NA,NA,NA,NA,NA,NA,NA,NA,0,0,0,NA,,,,0,NA,,,,,,,NA,NA,NA,NA,NA,NA,NA,NA,NA,NA,NA,NA,NA,NA,0,
3394,01/10/2016 06:08:00 PM,"Grand Union Blvd and Foley St, Somerville, MA",-71.0805024,42.3930129,3,2,2,2,2,3,2,1,99,NA,2,99,,NA,NA,NA,NA,NA,NA,NA,NA,NA,NA,NA,NA,NA,NA,NA,0,0,0,NA,,,,0,NA,,,,,,,NA,NA,NA,NA,NA,NA,NA,NA,NA,NA,NA,NA,NA,NA,0,
3395,01/12/2016 11:57:00 AM,"Summer St and Benton Rd, Somerville, MA",-71.106865,42.3866442,1,1,2,3,1,3,2,1,1,NA,1,1,,NA,NA,NA,NA,NA,NA,NA,NA,NA,NA,NA,NA,NA,NA,NA,0,0,0,NA,,,,0,NA,,,,,,,NA,NA,NA,NA,NA,NA,NA,NA,NA,NA,NA,NA,NA,NA,0,
3396,01/12/2016 07:01:00 PM,"514 Medford St, Somerville, MA",-71.1038803,42.3965029,"3, 4",23,1,1,2,4,2,2,1,NA,1,99,,NA,NA,NA,NA,NA,NA,NA,NA,NA,NA,NA,NA,NA,NA,NA,0,0,0,NA,,,,0,NA,,,,,,,NA,NA,NA,NA,NA,NA,NA,NA,NA,NA,NA,NA,NA,NA,1,
3397,01/12/2016 07:44:00 PM,"School St and Central St, Somerville, MA",-71.1028442,42.3892476,4,2,3,2,4,1,1,2,1,NA,,,,NA,NA,NA,NA,NA,NA,NA,NA,NA,NA,NA,NA,NA,NA,NA,0,1,0,1,1,,1,1,NA,0,15,3,1,,,NA,NA,NA,NA,NA,NA,NA,NA,NA,NA,NA,NA,NA,NA,0,
3398,01/14/2016 08:00:00 AM,"206 Lowell St, Somerville, MA",-71.1075319,42.3911671,unk,unk,unk,unk,unk,unk,2,2,99,NA,1,99,,NA,NA,NA,NA,NA,NA,NA,NA,NA,NA,NA,NA,NA,NA,NA,0,0,0,NA,,,,0,NA,,,,,,,NA,NA,NA,NA,NA,NA,NA,NA,NA,NA,NA,NA,NA,NA,0,
3399,01/16/2016 12:21:00 AM,"Summer St and Lowell St, Somerville, MA",-71.1096232,42.3877952,1,2,2,2,1,99,2,2,99,NA,1,99,,NA,NA,NA,NA,NA,NA,NA,NA,NA,NA,NA,NA,NA,NA,NA,0,0,0,NA,,,,0,NA,,,,,,,NA,NA,NA,NA,NA,NA,NA,NA,NA,NA,NA,NA,NA,NA,0,
3400,01/16/2016 02:45:00 PM,"304 Somerville Ave, Somerville, MA",-71.09752,42.3800979,2,2,1,1,4,3,1,1,99,NA,,99,,NA,NA,NA,NA,NA,NA,NA,NA,NA,NA,NA,NA,NA,NA,NA,0,0,1,4,97,Scooter,7,1,NA,0,38,3,1,,,NA,NA,NA,NA,NA,NA,NA,NA,NA,NA,NA,NA,NA,NA,0,
3401,01/16/2016 05:16:00 PM,"14 Broadway, Somerville, MA",-71.0783752,42.3860643,1,1,3,2,4,2,2,1,1,NA,1,1,,NA,NA,NA,NA,NA,NA,NA,NA,NA,NA,NA,NA,NA,NA,NA,0,0,0,NA,,,,0,NA,,,,,,,NA,NA,NA,NA,NA,NA,NA,NA,NA,NA,NA,NA,NA,NA,0,
3402,01/16/2016 10:50:00 PM,"257 Highland Ave, Somerville, MA",-71.1103983,42.3915026,1,2,1,1,1,2,2,2,1,NA,1,1,,NA,NA,NA,NA,NA,NA,NA,NA,NA,NA,NA,NA,NA,NA,NA,0,0,0,NA,,,,0,NA,,,,,,,NA,NA,NA,NA,NA,NA,NA,NA,NA,NA,NA,NA,NA,NA,0,
3403,01/16/2016 11:53:00 AM,"Somerville Ave and Properzi Way, Somerville, MA",-71.1050939,42.3829252,3,2,1,3,1,1,1,2,99,NA,,,,NA,NA,NA,NA,NA,NA,NA,NA,NA,NA,NA,NA,NA,NA,NA,0,1,0,1,1,,2,1,NA,0,38,3,1,,,NA,NA,NA,NA,NA,NA,NA,NA,NA,NA,NA,NA,NA,NA,0,
3404,01/17/2016 08:12:00 AM,"Broadway and Clarendon Ave, Somerville, MA",-71.1276129,42.4034575,1,1,1,3,1,2,2,1,1,NA,1,99,,NA,NA,NA,NA,NA,NA,NA,NA,NA,NA,NA,NA,NA,NA,NA,0,0,0,NA,,,,1,NA,1,42,4,0,,,NA,NA,NA,NA,NA,NA,NA,NA,NA,NA,NA,NA,NA,NA,0,
3405,01/17/2016 12:51:00 PM,"301 Washington St, Somerville, MA",-71.099743,42.379557,1,1,3,1,2,2,2,1,3,NA,2,1,,NA,NA,NA,NA,NA,NA,NA,NA,NA,NA,NA,NA,NA,NA,NA,0,0,0,NA,,,,1,NA,0,55,3,1,,,NA,NA,NA,NA,NA,NA,NA,NA,NA,NA,NA,NA,NA,NA,0,
3406,01/17/2016 03:41:00 PM,"Cedar Ave and Cedar St, Somerville, MA",-71.1132636,42.3909938,unk,unk,unk,unk,unk,unk,2,1,3,NA,1,1,,NA,NA,NA,NA,NA,NA,NA,NA,NA,NA,NA,NA,NA,NA,NA,0,0,0,NA,,,,0,NA,,,,,,,NA,NA,NA,NA,NA,NA,NA,NA,NA,NA,NA,NA,NA,NA,0,
3407,01/17/2016 04:00:00 PM,"Grand Union Blvd, Somerville, MA",-71.0811238,42.3948591,1,1,1,1,1,5,2,2,4,NA,1,1,,NA,NA,NA,NA,NA,NA,NA,NA,NA,NA,NA,NA,NA,NA,NA,0,0,0,NA,,,,1,NA,unk,unk,unk,,,,NA,NA,NA,NA,NA,NA,NA,NA,NA,NA,NA,NA,NA,NA,0,
3408,01/18/2016 01:36:00 AM,"25 Kidder Ave, Somerville, MA",-71.1179443,42.398883,48,2,1,1,1,3,4,2,21,NA,1,1,,NA,NA,NA,NA,NA,NA,NA,NA,NA,NA,NA,NA,NA,NA,NA,0,0,0,NA,,,,0,NA,,,,,,,NA,NA,NA,NA,NA,NA,NA,NA,NA,NA,NA,NA,NA,NA,0,
3409,01/18/2016 01:40:00 AM,"Elm St and Dover St, Somerville, MA",-71.1225638,42.3965069,48,2,3,4,4,3,2,NA,1,NA,,1,,NA,NA,NA,NA,NA,NA,NA,NA,NA,NA,NA,NA,NA,NA,NA,0,0,0,NA,,,,1,2,0,51,3,1,1,47,3,1,NA,NA,NA,NA,NA,NA,NA,NA,NA,NA,NA,NA,0,
3410,01/18/2016 02:30:00 PM,"116 Sycamore St, Somerville, MA",-71.0989799,42.392302,1,2,1,1,4,8,3,1,14,15,1,unk,,NA,NA,NA,NA,NA,NA,NA,NA,NA,NA,NA,NA,NA,NA,NA,0,0,0,NA,,,,1,NA,0,36,2,1,,,NA,NA,NA,NA,NA,NA,NA,NA,NA,NA,NA,NA,NA,NA,0,
3411,01/19/2016 07:20:00 PM,"70 Porter St, Somerville, MA",-71.111584,42.3895839,1,1,1,1,1,3,3,2,1,NA,2,unk,,NA,NA,NA,NA,NA,NA,NA,NA,NA,NA,NA,NA,NA,NA,NA,0,0,0,NA,,,,0,NA,,,,,,,NA,NA,NA,NA,NA,NA,NA,NA,NA,NA,NA,NA,NA,NA,0,
3412,01/20/2016 11:34:00 AM,"225 Elm St, Somerville, MA",-71.1211381,42.3946432,1,1,1,1,4,1,1,6,1,NA,,,,NA,NA,NA,NA,NA,NA,NA,NA,NA,NA,NA,NA,NA,NA,NA,0,0,1,9,97,Lamp post,,0,NA,,,,,,,NA,NA,NA,NA,NA,NA,NA,NA,NA,NA,NA,NA,NA,NA,1,
3413,01/20/2016 11:46:00 AM,"Medford St and Lowell St, Somerville, MA",-71.1036591,42.396406,unk,unk,unk,unk,unk,unk,2,2,1,NA,10,6,,NA,NA,NA,NA,NA,NA,NA,NA,NA,NA,NA,NA,NA,NA,NA,0,0,0,NA,,,,0,NA,,,,,,,NA,NA,NA,NA,NA,NA,NA,NA,NA,NA,NA,NA,NA,NA,0,
3414,01/20/2016 01:40:00 PM,"Temple St and Sewall St, Somerville, MA",-71.0925535,42.3936272,1,1,1,2,1,3,2,1,1,NA,1,99,,NA,NA,NA,NA,NA,NA,NA,NA,NA,NA,NA,NA,NA,NA,NA,0,0,0,NA,,,,0,NA,,,,,,,NA,NA,NA,NA,NA,NA,NA,NA,NA,NA,NA,NA,NA,NA,0,
3415,01/21/2016 04:30:00 PM,"Summer St and Banks St, Somerville, MA",-71.1169599,42.3925135,1,1,1,3,1,3,2,4,99,NA,1,unk,,NA,NA,NA,NA,NA,NA,NA,NA,NA,NA,NA,NA,NA,NA,NA,0,0,0,NA,,,,0,NA,,,,,,,NA,NA,NA,NA,NA,NA,NA,NA,NA,NA,NA,NA,NA,NA,0,
3416,01/22/2016 07:09:00 AM,"50 Webster Ave, Somerville, MA",-71.094918,42.3769195,1,1,1,1,4,8,2,1,1,NA,8,1,,NA,NA,NA,NA,NA,NA,NA,NA,NA,NA,NA,NA,NA,NA,NA,0,0,0,NA,,,,0,NA,,,,,,,NA,NA,NA,NA,NA,NA,NA,NA,NA,NA,NA,NA,NA,NA,0,V1 and V2 refused medical
3417,01/22/2016 05:21:00 PM,"Broadway and Warner St, Somerville, MA",-71.116275,42.401082,1,1,4,7,4,3,2,1,99,NA,1,99,,NA,NA,NA,NA,NA,NA,NA,NA,NA,NA,NA,NA,NA,NA,NA,0,0,0,NA,,,,0,NA,,,,,,,NA,NA,NA,NA,NA,NA,NA,NA,NA,NA,NA,NA,NA,NA,0,
3418,01/22/2016 06:51:00 PM,"College Ave and Summit St, Somerville, MA",-71.1189036,42.3994436,1,1,1,2,1,1,1,1,4,NA,,,,NA,NA,NA,NA,NA,NA,NA,NA,NA,NA,NA,NA,NA,NA,NA,0,1,0,1,2,,5,1,NA,0,57,2,1,,,NA,NA,NA,NA,NA,NA,NA,NA,NA,NA,NA,NA,NA,NA,0,
3419,01/23/2016 06:46:00 PM,"75 Union Sq, Somerville, MA",-71.0947869,42.3798306,4,3,1,1,1,7,2,2,18,NA,1,1,,NA,NA,NA,NA,NA,NA,NA,NA,NA,NA,NA,NA,NA,NA,NA,0,0,0,NA,,,,0,NA,,,,,,,NA,NA,NA,NA,NA,NA,NA,NA,NA,NA,NA,NA,NA,NA,1,
3420,01/24/2016 02:54:00 PM,"Medford St and Walnut St, Somerville, MA",-71.0937489,42.3857992,197,2,3,3,1,9,2,1,3,NA,1,1,,NA,NA,NA,NA,NA,NA,NA,NA,NA,NA,NA,NA,NA,NA,NA,0,0,0,NA,,,,0,NA,,,,,,,NA,NA,NA,NA,NA,NA,NA,NA,NA,NA,NA,NA,NA,NA,0,
3421,01/25/2016 12:24:00 PM,"60 Highland Rd, Somerville, MA",-71.112723,42.396695,1,1,1,1,1,8,2,2,20,NA,1,1,,NA,NA,NA,NA,NA,NA,NA,NA,NA,NA,NA,NA,NA,NA,NA,0,0,0,NA,,,,0,NA,,,,,,,NA,NA,NA,NA,NA,NA,NA,NA,NA,NA,NA,NA,NA,NA,0,
3422,01/25/2016 06:50:00 PM,"Broadway and Michigan St, Somerville, MA",-71.08417,42.3878167,1,2,1,3,3,4,2,2,1,NA,1,99,,NA,NA,NA,NA,NA,NA,NA,NA,NA,NA,NA,NA,NA,NA,NA,0,0,0,NA,,,,0,NA,,,,,,,NA,NA,NA,NA,NA,NA,NA,NA,NA,NA,NA,NA,NA,NA,0,
3423,01/25/2016 03:49:00 PM,"Washington St and Joy St, Somerville, MA",-71.0885832,42.3806671,1,2,1,3,1,1,1,2,4,97,,,,NA,NA,NA,NA,NA,NA,NA,NA,NA,NA,NA,NA,NA,NA,NA,0,1,0,1,1,,2,1,NA,1,72,3,1,,,NA,NA,NA,NA,NA,NA,NA,NA,NA,NA,NA,NA,NA,NA,0,
3424,01/26/2016 03:03:00 PM,"191 Morrison Ave, Somerville, MA",-71.119192,42.397304,2,2,1,9,1,3,2,1,4,NA,1,1,,NA,NA,NA,NA,NA,NA,NA,NA,NA,NA,NA,NA,NA,NA,NA,0,0,0,NA,,,,1,NA,0,22,4,,,,NA,NA,NA,NA,NA,NA,NA,NA,NA,NA,NA,NA,NA,NA,0,
3425,01/26/2016 07:41:00 PM,"Broadway and Warner St, Somerville, MA",-71.116275,42.401082,1,1,2,7,unk,4,2,1,99,NA,1,99,,NA,NA,NA,NA,NA,NA,NA,NA,NA,NA,NA,NA,NA,NA,NA,0,0,0,NA,,,,0,NA,,,,,,,NA,NA,NA,NA,NA,NA,NA,NA,NA,NA,NA,NA,NA,NA,0,
3426,01/26/2016 07:53:00 AM,"151 Linwood St, Somerville, MA",-71.0884809,42.3794582,1,1,unk,unk,unk,unk,1,1,99,NA,,,,NA,NA,NA,NA,NA,NA,NA,NA,NA,NA,NA,NA,NA,NA,NA,1,0,0,99,1,,5a,1,NA,1,30,4,1,,,NA,NA,NA,NA,NA,NA,NA,NA,NA,NA,NA,NA,NA,NA,0,
3427,01/28/2016 11:09:00 AM,"Broadway and Willow Ave, Somerville, MA",-71.1127004,42.4001,1,1,3,2,1,1,1,1,99,NA,,,,NA,NA,NA,NA,NA,NA,NA,NA,NA,NA,NA,NA,NA,NA,NA,0,1,0,1,2,,5,1,NA,1,,unk,,,,NA,NA,NA,NA,NA,NA,NA,NA,NA,NA,NA,NA,NA,NA,0,pedestrian refused medical
3428,01/29/2016 04:03:00 PM,"35 Temple St, Somerville, MA",-71.0923192,42.3936529,2,1,1,1,1,1,1,2,4,NA,,,,NA,NA,NA,NA,NA,NA,NA,NA,NA,NA,NA,NA,NA,NA,NA,0,1,0,4,2,,2,1,NA,1,16,3,1,,,NA,NA,NA,NA,NA,NA,NA,NA,NA,NA,NA,NA,NA,NA,0,
3429,01/30/2016 01:09:00 PM,"2 North St, Somerville, MA",-71.1313595,42.4062069,1,1,3,1,1,2,2,1,1,NA,1,99,,NA,NA,NA,NA,NA,NA,NA,NA,NA,NA,NA,NA,NA,NA,NA,0,0,0,NA,,,,0,NA,,,,,,,NA,NA,NA,NA,NA,NA,NA,NA,NA,NA,NA,NA,NA,NA,0,
3430,01/31/2016 11:29:00 PM,"Franklin St and Arlington St, Somerville, MA",-71.0829807,42.3862516,1,1,1,3,4,3,2,1,2,10,2,1,,NA,NA,NA,NA,NA,NA,NA,NA,NA,NA,NA,NA,NA,NA,NA,0,0,0,NA,,,,0,NA,,,,,,,NA,NA,NA,NA,NA,NA,NA,NA,NA,NA,NA,NA,NA,NA,0,
3431,02/01/2016 01:20:00 PM,"Broadway and Ryan Rd, Somerville, MA",-71.1056987,42.3977741,1,1,99,99,2,4,2,13,99,0,0,99,0,NA,NA,NA,NA,NA,NA,NA,NA,NA,NA,NA,NA,NA,NA,NA,0,0,0,0,0,,,0,NA,,,,,,,NA,NA,NA,NA,NA,NA,NA,NA,NA,NA,NA,NA,NA,NA,1,
3432,02/01/2016 06:07:00 PM,"Summer St and School St, Somerville, MA",-71.1003999,42.3843689,1,1,3,2,1,1,1,1,4,19,0,1,0,NA,NA,NA,NA,NA,NA,NA,NA,NA,NA,NA,NA,NA,NA,NA,1,0,0,4,2,,2,1,NA,0,22,4,0,,,NA,NA,NA,NA,NA,NA,NA,NA,NA,NA,NA,NA,NA,NA,0,
3433,02/01/2016 06:20:00 PM,"45 Beacon St, Somerville, MA",-71.1029087,42.376014,1,1,1,1,1,3,1,1,99,0,0,99,0,NA,NA,NA,NA,NA,NA,NA,NA,NA,NA,NA,NA,NA,NA,NA,1,0,0,4,2,,1,0,NA,,,,,,,NA,NA,NA,NA,NA,NA,NA,NA,NA,NA,NA,NA,NA,NA,0,cyclist refused medical attention
3434,02/02/2016 01:30:00 AM,"83 Flint St, Somerville, MA",-71.0895092,42.385405,1,1,1,1,1,4,2,1,99,0,0,0,0,NA,NA,NA,NA,NA,NA,NA,NA,NA,NA,NA,NA,NA,NA,NA,0,0,0,0,0,,,0,NA,,,,,,,NA,NA,NA,NA,NA,NA,NA,NA,NA,NA,NA,NA,NA,NA,0,