id,date_time,address,lon,lat,Weather,road_surface,traffic_control_device,intersection_type,traffic_way_desc,collision_manner,num_involved_vehicles,vehicle1_configuration,driver1_contrib1,driver1_contrib2,vehicle2_configuration,driver2_contrib1,driver2_contrib2,vehicle3_configuration,driver3_contrib1,driver3_contrib2,vehicle4_configuration,driver4_contrib1,driver4_contrib2,vehicle5_configuration,driver5_contrib1,driver5_contrib2,vehicle6_configuration,driver6_contrib1,driver6_contrib2,vehicle7_configuration,driver7_contrib1,driver7_contrib2,Bicycle,Pedestrian,non_mv,non_motorist_location,non_motorist_action,non_motorist_type,manner_of_non_motorist_collision,Injury,Multiple,Gender1,Age1,Severity1,Hospital1,Gender2,Age2,Severity2,Hospital2,Gender3,Age3,Severity3,Hospital3,Gender4,Age4,Severity4,Hospital4,Gender5,Age5,Severity5,Hospital5,city_vehicle,Notes
3506,03/09/2016 05:31:00 PM,"Broadway and Paulina St, Somerville, MA",-71.1237159,42.4018427,1,1,2,3,1,3,2,2,97,NA,1,4,,NA,NA,NA,NA,NA,NA,NA,NA,NA,NA,NA,NA,NA,NA,NA,0,0,0,NA,,,,0,NA,,,,,,,NA,NA,NA,NA,NA,NA,NA,NA,NA,NA,NA,NA,NA,NA,0,
3507,03/10/2016 08:40:00 AM,"Monmouth St and Central St, Somerville, MA",-71.1056142,42.3852716,2,1,2,3,4,1,1,2,1,NA,,,,NA,NA,NA,NA,NA,NA,NA,NA,NA,NA,NA,NA,NA,NA,NA,0,1,0,1,1,,2,1,NA,0,23,4,1,,,NA,NA,NA,NA,NA,NA,NA,NA,NA,NA,NA,NA,NA,NA,0,
3508,03/10/2016 08:58:00 AM,"Pearl St and Marshall St, Somerville, MA",-71.0957494,42.3881671,2,1,2,3,1,3,2,2,4,NA,,1,,NA,NA,NA,NA,NA,NA,NA,NA,NA,NA,NA,NA,NA,NA,NA,0,0,0,NA,,,,0,NA,,,,,,,NA,NA,NA,NA,NA,NA,NA,NA,NA,NA,NA,NA,NA,NA,0,
3509,03/10/2016 02:20:00 PM,"Webster Ave and Prospect St, Somerville, MA",-71.0955943,42.376968,32,2,3,4,1,1,1,1,4,NA,,1,,NA,NA,NA,NA,NA,NA,NA,NA,NA,NA,NA,NA,NA,NA,NA,1,0,0,4,2,,5,1,NA,0,32,3,0,,,NA,NA,NA,NA,NA,NA,NA,NA,NA,NA,NA,NA,NA,NA,0,
3510,03/11/2016 09:50:00 AM,"264 Washington St, Somerville, MA",-71.0970194,42.379345,2,1,1,1,2,2,3,2,97,NA,1,1,,2,1,NA,NA,NA,NA,NA,NA,NA,NA,NA,NA,NA,NA,NA,0,0,0,NA,,,,1,NA,1,81,4,1,,,NA,NA,NA,NA,NA,NA,NA,NA,NA,NA,NA,NA,NA,NA,0,
3511,03/11/2016 10:13:00 AM,"Beacon St and Oxford St, Somerville, MA",-71.1161841,42.3860143,1,1,2,3,1,1,1,1,1,NA,,1,,NA,NA,NA,NA,NA,NA,NA,NA,NA,NA,NA,NA,NA,NA,NA,1,0,0,4,2,,5,1,NA,1,29,3,1,,,NA,NA,NA,NA,NA,NA,NA,NA,NA,NA,NA,NA,NA,NA,0,
3512,03/11/2016 11:31:00 AM,"180 Somerville Ave, Somerville, MA",-71.0904322,42.3764299,2,1,1,1,1,2,2,1,1,NA,1,1,,NA,NA,NA,NA,NA,NA,NA,NA,NA,NA,NA,NA,NA,NA,NA,0,0,0,NA,,,,1,4,0,28,3,0,1,25,4,0,1,18,4,0,1,28,4,0,NA,NA,NA,NA,0,
3513,03/11/2016 12:24:00 PM,"Washington St and Tufts St, Somerville, MA",-71.0875544,42.3809863,2,1,1,3,1,1,1,2,99,NA,,,,NA,NA,NA,NA,NA,NA,NA,NA,NA,NA,NA,NA,NA,NA,NA,0,1,0,1,1,,2,1,NA,0,,3,1,,,NA,NA,NA,NA,NA,NA,NA,NA,NA,NA,NA,NA,NA,NA,0,
3514,03/11/2016 09:15:00 PM,"Broadway and Temple St, Somerville, MA",-71.0934064,42.3925566,1,1,3,3,3,2,3,2,14,NA,1,1,,2,1,NA,NA,NA,NA,NA,NA,NA,NA,NA,NA,NA,NA,NA,0,0,0,NA,,,,0,NA,,,,,,,NA,NA,NA,NA,NA,NA,NA,NA,NA,NA,NA,NA,NA,NA,0,
3515,03/12/2016 06:48:00 PM,"191 Highland Ave, Somerville, MA",-71.1059923,42.3896882,1,1,1,1,1,2,3,2,1,NA,2,1,,2,1,NA,NA,NA,NA,NA,NA,NA,NA,NA,NA,NA,NA,NA,0,0,0,NA,,,,0,NA,,,,,,,NA,NA,NA,NA,NA,NA,NA,NA,NA,NA,NA,NA,NA,NA,0,
3516,03/13/2016 10:33:00 PM,"243 Central St, Somerville, MA",-71.0988168,42.3949725,1,1,1,1,1,1,1,1,10,NA,,,,NA,NA,NA,NA,NA,NA,NA,NA,NA,NA,NA,NA,NA,NA,NA,0,0,1,NA,,"Utility pole, fire hydrant",,0,NA,,,,,,,NA,NA,NA,NA,NA,NA,NA,NA,NA,NA,NA,NA,NA,NA,0,
3517,03/14/2016 06:15:00 PM,"239 Holland St, Somerville, MA",-71.1267484,42.4027726,2,1,3,1,2,4,2,1,11,NA,1,,,NA,NA,NA,NA,NA,NA,NA,NA,NA,NA,NA,NA,NA,NA,NA,0,0,0,NA,,,,0,NA,,,,,,,NA,NA,NA,NA,NA,NA,NA,NA,NA,NA,NA,NA,NA,NA,0,
3518,03/15/2016 09:50:00 AM,"Myrtle St and Pearl St, Somerville, MA",-71.0834084,42.3843479,32,2,1,1,1,4,2,1,1,NA,97,1,,NA,NA,NA,NA,NA,NA,NA,NA,NA,NA,NA,NA,NA,NA,NA,0,0,0,NA,,,,0,NA,,,,,,,NA,NA,NA,NA,NA,NA,NA,NA,NA,NA,NA,NA,NA,NA,0,
3519,03/16/2016 11:59:00 AM,"703 Broadway, Somerville, MA",-71.1121123,42.400082,2,1,1,1,2,2,2,2,19,NA,1,,,NA,NA,NA,NA,NA,NA,NA,NA,NA,NA,NA,NA,NA,NA,NA,0,0,0,NA,,,,0,NA,,,,,,,NA,NA,NA,NA,NA,NA,NA,NA,NA,NA,NA,NA,NA,NA,1,
3520,03/16/2016 04:47:00 PM,"Central St and Cleveland St, Somerville, MA",-71.1059628,42.3847586,1,1,1,3,4,1,1,NA,10,NA,,,,NA,NA,NA,NA,NA,NA,NA,NA,NA,NA,NA,NA,NA,NA,NA,0,1,0,4,97,,2,1,NA,0,24,4,0,,,NA,NA,NA,NA,NA,NA,NA,NA,NA,NA,NA,NA,NA,NA,0,
3521,03/17/2016 07:53:00 AM,"Cedar St and Morrison Ave, Somerville, MA",-71.1107807,42.3944455,2,2,1,3,1,2,3,2,1,NA,1,1,,1,19,NA,NA,NA,NA,NA,NA,NA,NA,NA,NA,NA,NA,NA,0,0,0,NA,,,,1,NA,0,56,4,0,,,NA,NA,NA,NA,NA,NA,NA,NA,NA,NA,NA,NA,NA,NA,0,
3522,03/18/2016 01:26:00 AM,"Central St and Hudson St, Somerville, MA",-71.1028442,42.3892476,2,2,1,3,1,1,1,NA,NA,NA,,,,NA,NA,NA,NA,NA,NA,NA,NA,NA,NA,NA,NA,NA,NA,NA,0,0,1,NA,,Tree,,0,NA,,,,,,,NA,NA,NA,NA,NA,NA,NA,NA,NA,NA,NA,NA,NA,NA,0,
3523,03/18/2016 08:09:00 AM,"Cedar St and Summer St, Somerville, MA",-71.1136266,42.3904869,1,1,3,3,1,6,2,1,19,NA,1,1,,NA,NA,NA,NA,NA,NA,NA,NA,NA,NA,NA,NA,NA,NA,NA,0,0,0,NA,,,,0,NA,,,,,,,NA,NA,NA,NA,NA,NA,NA,NA,NA,NA,NA,NA,NA,NA,0,
3524,03/18/2016 04:00:00 PM,"93 Highland Ave, Somerville, MA",-71.0986037,42.386813,2,1,1,1,1,4,2,2,1,NA,1,1,,NA,NA,NA,NA,NA,NA,NA,NA,NA,NA,NA,NA,NA,NA,NA,0,0,0,NA,,,,0,NA,,,,,,,NA,NA,NA,NA,NA,NA,NA,NA,NA,NA,NA,NA,NA,NA,1,
3525,03/19/2016 02:30:00 AM,"196 Pearl St, Somerville, MA",-71.092003,42.386811,1,1,1,1,1,4,2,2,99,NA,2,1,,NA,NA,NA,NA,NA,NA,NA,NA,NA,NA,NA,NA,NA,NA,NA,0,0,0,NA,,,,0,NA,,,,,,,NA,NA,NA,NA,NA,NA,NA,NA,NA,NA,NA,NA,NA,NA,0,
3526,03/20/2016 01:53:00 PM,"Highland Ave and Grove St, Somerville, MA",-71.1204966,42.3957061,1,1,1,2,1,4,2,1,4,NA,1,1,,NA,NA,NA,NA,NA,NA,NA,NA,NA,NA,NA,NA,NA,NA,NA,0,0,0,NA,,,,0,NA,,,,,,,NA,NA,NA,NA,NA,NA,NA,NA,NA,NA,NA,NA,NA,NA,0,
3527,03/22/2016 09:15:00 AM,"Beacon St and Cooney St, Somerville, MA",-71.1038984,42.3762451,1,1,3,2,1,2,2,2,1,NA,2,97,,NA,NA,NA,NA,NA,NA,NA,NA,NA,NA,NA,NA,NA,NA,NA,0,0,0,NA,,,,0,NA,,,,,,,NA,NA,NA,NA,NA,NA,NA,NA,NA,NA,NA,NA,NA,NA,0,
3528,03/22/2016 09:22:00 PM,"Medford St (Somerville Ave 30 ft south), Somerville, MA",-71.0984882,42.3904373,1,1,3,3,2,3,2,2,1,NA,1,4,,NA,NA,NA,NA,NA,NA,NA,NA,NA,NA,NA,NA,NA,NA,NA,0,0,0,NA,,,,0,NA,,,,,,,NA,NA,NA,NA,NA,NA,NA,NA,NA,NA,NA,NA,NA,NA,0,
3529,03/24/2016 07:23:00 AM,"62 Gordon St, Somerville, MA",-71.1297452,42.4129494,1,1,1,1,4,4,3,2,3,NA,2,1,,1,1,NA,NA,NA,NA,NA,NA,NA,NA,NA,NA,NA,NA,NA,0,0,0,NA,,,,0,NA,,,,,,,NA,NA,NA,NA,NA,NA,NA,NA,NA,NA,NA,NA,NA,NA,0,
3531,03/25/2016 08:58:00 AM,"15 Wesley Park, Somerville, MA",-71.0971797,42.3823412,3,2,1,1,1,4,2,6,1,NA,1,1,,NA,NA,NA,NA,NA,NA,NA,NA,NA,NA,NA,NA,NA,NA,NA,0,0,0,NA,,,,0,NA,,,,,,,NA,NA,NA,NA,NA,NA,NA,NA,NA,NA,NA,NA,NA,NA,0,
3532,03/26/2016 04:41:00 PM,"Somerville Ave (rite aid), Somerville, MA",-71.0994968,42.3875968,1,1,3,3,1,3,2,1,10,97,6,,,NA,NA,NA,NA,NA,NA,NA,NA,NA,NA,NA,NA,NA,NA,NA,0,0,0,NA,,,,1,NA,0,48,3,1,,,NA,NA,NA,NA,NA,NA,NA,NA,NA,NA,NA,NA,NA,NA,0,
3533,03/27/2016 01:54:00 PM,"981 Broadway, Somerville, MA",-71.1219334,42.4014024,1,1,1,3,1,2,2,2,19,NA,2,1,,NA,NA,NA,NA,NA,NA,NA,NA,NA,NA,NA,NA,NA,NA,NA,0,0,0,NA,,,,0,NA,,,,,,,NA,NA,NA,NA,NA,NA,NA,NA,NA,NA,NA,NA,NA,NA,0,
3534,03/27/2016 03:05:00 AM,"123 Central St, Somerville, MA",-71.1013422,42.3913611,1,1,1,1,1,8,4,1,99,NA,1,1,,2,1,NA,2,1,NA,NA,NA,NA,NA,NA,NA,NA,NA,NA,0,0,0,NA,,,,0,NA,,,,,,,NA,NA,NA,NA,NA,NA,NA,NA,NA,NA,NA,NA,NA,NA,0,
3535,03/27/2016 05:02:00 PM,"Pennsylvania Ave and Minnesota Ave, Somerville, MA",-71.0840263,42.3897294,1,1,1,3,4,5,2,1,1,NA,6,1,,NA,NA,NA,NA,NA,NA,NA,NA,NA,NA,NA,NA,NA,NA,NA,0,0,0,NA,,,,0,NA,,,,,,,NA,NA,NA,NA,NA,NA,NA,NA,NA,NA,NA,NA,NA,NA,1,
3536,03/28/2016 08:45:00 AM,"Cedar St and Franey Rd, Somerville, MA",-71.1085009,42.3977226,23,2,1,1,1,5,2,NA,1,NA,,1,,NA,NA,NA,NA,NA,NA,NA,NA,NA,NA,NA,NA,NA,NA,NA,0,0,0,NA,,,,0,NA,,,,,,,NA,NA,NA,NA,NA,NA,NA,NA,NA,NA,NA,NA,NA,NA,1,
3537,03/28/2016 04:47:00 PM,"Westwood Rd and Central St, Somerville, MA",-71.1045789,42.3867708,23,2,1,3,4,1,1,4,1,NA,,,,NA,NA,NA,NA,NA,NA,NA,NA,NA,NA,NA,NA,NA,NA,NA,0,0,1,NA,,Cement pillars,,0,NA,,,,,,,NA,NA,NA,NA,NA,NA,NA,NA,NA,NA,NA,NA,NA,NA,0,
3538,03/28/2016 10:07:00 PM,"Sargent Ave and Broadway, Somerville, MA",-71.091949,42.3916851,1,1,1,3,3,4,2,1,1,NA,1,1,,NA,NA,NA,NA,NA,NA,NA,NA,NA,NA,NA,NA,NA,NA,NA,0,0,0,NA,,,,0,NA,,,,,,,NA,NA,NA,NA,NA,NA,NA,NA,NA,NA,NA,NA,NA,NA,0,
3539,03/29/2016 06:45:00 AM,"541 Broadway, Somerville, MA",-71.1062464,42.3982057,1,1,1,1,1,3,2,NA,NA,NA,,,,NA,NA,NA,NA,NA,NA,NA,NA,NA,NA,NA,NA,NA,NA,NA,0,0,0,NA,,,,0,NA,,,,,,,NA,NA,NA,NA,NA,NA,NA,NA,NA,NA,NA,NA,NA,NA,0,
3540,03/29/2016 03:36:00 PM,"299 Broadway, Somerville, MA",-71.0925583,42.3930263,1,1,1,1,3,2,2,2,1,NA,2,1,,NA,NA,NA,NA,NA,NA,NA,NA,NA,NA,NA,NA,NA,NA,NA,0,0,0,NA,,,,1,NA,1,53,4,0,,,NA,NA,NA,NA,NA,NA,NA,NA,NA,NA,NA,NA,NA,NA,1,
3541,03/30/2016 07:15:00 PM,"Temple St (75 ft from Mystic Ave), Somerville, MA",-71.0870163,42.394168,1,1,1,1,1,3,2,1,99,NA,1,99,,NA,NA,NA,NA,NA,NA,NA,NA,NA,NA,NA,NA,NA,NA,NA,0,0,0,NA,,,,0,NA,,,,,,,NA,NA,NA,NA,NA,NA,NA,NA,NA,NA,NA,NA,NA,NA,0,
3542,03/30/2016 04:11:00 PM,"Washington St and McGrath Hwy, Somerville, MA",-71.0893942,42.3804355,1,1,3,2,3,3,2,1,8,10,1,1,,NA,NA,NA,NA,NA,NA,NA,NA,NA,NA,NA,NA,NA,NA,NA,0,0,0,NA,,,,0,NA,,,,,,,NA,NA,NA,NA,NA,NA,NA,NA,NA,NA,NA,NA,NA,NA,0,
3543,03/31/2016 05:44:00 PM,"Broadway and Chandler St, Somerville, MA",-71.1199068,42.4009035,1,1,2,3,2,3,2,1,19,4,2,1,,NA,NA,NA,NA,NA,NA,NA,NA,NA,NA,NA,NA,NA,NA,NA,0,0,0,NA,,,,0,NA,,,,,,,NA,NA,NA,NA,NA,NA,NA,NA,NA,NA,NA,NA,NA,NA,1,
3544,04/02/2016 02:44:00 AM,"Summer St and Benton Rd, Somerville, MA",-71.106865,42.3866442,1,1,1,1,1,5,5,2,10,14,1,1,,1,1,NA,1,1,NA,1,1,NA,1,1,NA,NA,NA,NA,0,0,0,NA,,,,1,NA,1,63,99,1,,,NA,NA,NA,NA,NA,NA,NA,NA,NA,NA,NA,NA,NA,NA,0,
3545,04/02/2016 06:54:00 PM,"66 Franklin St, Somerville, MA",-71.0853099,42.382739,2,1,1,1,4,6,1,2,1,NA,,,,NA,NA,NA,NA,NA,NA,NA,NA,NA,NA,NA,NA,NA,NA,NA,1,0,0,4,1,,5a,1,NA,1,14,3,1,,,NA,NA,NA,NA,NA,NA,NA,NA,NA,NA,NA,NA,NA,NA,0,
3546,04/03/2016 02:27:00 AM,"301 Great River Rd, Somerville, MA",-71.081044,42.395754,1,1,5,7,4,1,1,1,2,10,,,,NA,NA,NA,NA,NA,NA,NA,NA,NA,NA,NA,NA,NA,NA,NA,0,0,1,NA,,Utility pole,,0,NA,,,,,,,NA,NA,NA,NA,NA,NA,NA,NA,NA,NA,NA,NA,NA,NA,0,
3547,04/03/2016 01:02:00 PM,"80 Prospect St, Somerville, MA",-71.0958881,42.376081,1,1,1,1,1,2,4,2,1,NA,2,19,,2,19,NA,2,99,NA,NA,NA,NA,NA,NA,NA,NA,NA,NA,0,0,0,NA,,,,0,NA,,,,,,,NA,NA,NA,NA,NA,NA,NA,NA,NA,NA,NA,NA,NA,NA,0,
3548,04/03/2016 04:31:00 PM,"114 Temple St, Somerville, MA",-71.0900588,42.3956935,1,1,1,1,1,3,4,2,99,NA,1,1,,1,1,NA,1,1,NA,NA,NA,NA,NA,NA,NA,NA,NA,NA,0,0,0,NA,,,,0,NA,,,,,,,NA,NA,NA,NA,NA,NA,NA,NA,NA,NA,NA,NA,NA,NA,0,
3549,04/04/2016 05:22:00 PM,"Beacon St and Properzi Way, Somerville, MA",-71.1079565,42.3795578,42,3,1,3,2,3,2,1,1,NA,2,4,,NA,NA,NA,NA,NA,NA,NA,NA,NA,NA,NA,NA,NA,NA,NA,0,0,0,NA,,,,0,NA,,,,,,,NA,NA,NA,NA,NA,NA,NA,NA,NA,NA,NA,NA,NA,NA,0,
3550,04/04/2016 09:02:00 PM,"6 Jerome St, Somerville, MA",-71.1003048,42.3893239,4,8 (or 2?),1,1,4,2,2,13,1,NA,1,,,NA,NA,NA,NA,NA,NA,NA,NA,NA,NA,NA,NA,NA,NA,NA,0,0,0,NA,,,,0,NA,,,,,,,NA,NA,NA,NA,NA,NA,NA,NA,NA,NA,NA,NA,NA,NA,1,
3551,04/04/2016 08:56:00 PM,"Washington St and Webster Ave, Somerville, MA",-71.0964021,42.3796323,4,4,1,1,4,1,1,1,99,NA,,,,NA,NA,NA,NA,NA,NA,NA,NA,NA,NA,NA,NA,NA,NA,NA,0,0,1,NA,,Bollard,,0,NA,,,,,,,NA,NA,NA,NA,NA,NA,NA,NA,NA,NA,NA,NA,NA,NA,0,
3552,04/05/2016 07:56:00 AM,"Myrtle St and Washington St, Somerville, MA",-71.083928,42.3816588,1,2,1,3,2,4,2,NA,1,NA,,99,,NA,NA,NA,NA,NA,NA,NA,NA,NA,NA,NA,NA,NA,NA,NA,0,0,0,NA,,,,0,NA,,,,,,,NA,NA,NA,NA,NA,NA,NA,NA,NA,NA,NA,NA,NA,NA,0,
3553,04/05/2016 11:56:00 AM,"Temple St (200 ft from Broadway), Somerville, MA",-71.1075914,42.3983788,1,1,1,1,1,99,2,1,99,NA,1,99,,NA,NA,NA,NA,NA,NA,NA,NA,NA,NA,NA,NA,NA,NA,NA,0,0,0,NA,,,,0,NA,,,,,,,NA,NA,NA,NA,NA,NA,NA,NA,NA,NA,NA,NA,NA,NA,0,
3554,04/05/2016 03:25:00 PM,"50 Washington St, Somerville, MA",-71.0835404,42.3817027,2,1,1,1,1,2,3,2,5,19,2,1,,1,1,NA,NA,NA,NA,NA,NA,NA,NA,NA,NA,NA,NA,NA,0,0,0,NA,,,,1,NA,0,61,4,0,,,NA,NA,NA,NA,NA,NA,NA,NA,NA,NA,NA,NA,NA,NA,0,
3555,04/06/2016 08:11:00 AM,"Wheatland St and Broadway, Somerville, MA",-71.0911431,42.3911131,1,1,2,3,2,3,2,2,3,NA,1,1,,NA,NA,NA,NA,NA,NA,NA,NA,NA,NA,NA,NA,NA,NA,NA,0,0,0,NA,,,,0,NA,,,,,,,NA,NA,NA,NA,NA,NA,NA,NA,NA,NA,NA,NA,NA,NA,0,
3556,04/06/2016 08:26:00 AM,"Temple St and Derby St, Somerville, MA",-71.0915388,42.3950558,1,1,1,1,1,2,3,1,19,10,,1,,1,1,NA,NA,NA,NA,NA,NA,NA,NA,NA,NA,NA,NA,NA,0,0,0,NA,,,,1,NA,1,40,4,1,,,NA,NA,NA,NA,NA,NA,NA,NA,NA,NA,NA,NA,NA,NA,0,
3557,04/06/2016 03:09:00 AM,"Willow Ave and Broadway, Somerville, MA",-71.1127004,42.4001,2,1,3,2,2,3,2,2,99,NA,2,99,,NA,NA,NA,NA,NA,NA,NA,NA,NA,NA,NA,NA,NA,NA,NA,0,0,0,NA,,,,0,NA,,,,,,,NA,NA,NA,NA,NA,NA,NA,NA,NA,NA,NA,NA,NA,NA,0,
3558,04/06/2016 09:17:00 AM,"Hanson St and Washington St, Somerville, MA",-71.1051932,42.378545,1,1,2,3,1,99,2,7,97,NA,2,1,,NA,NA,NA,NA,NA,NA,NA,NA,NA,NA,NA,NA,NA,NA,NA,0,0,0,NA,,,,0,NA,,,,,,,NA,NA,NA,NA,NA,NA,NA,NA,NA,NA,NA,NA,NA,NA,0,
3559,04/06/2016 03:30:00 PM,"87 Temple St, Somerville, MA",-71.091045,42.395059,2,1,1,4,2,2,2,1,5,19,2,,,NA,NA,NA,NA,NA,NA,NA,NA,NA,NA,NA,NA,NA,NA,NA,0,0,0,NA,,,,0,NA,,,,,,,NA,NA,NA,NA,NA,NA,NA,NA,NA,NA,NA,NA,NA,NA,0,
3560,04/07/2016 02:39:00 PM,"Medford St and Walnut St, Somerville, MA",-71.0937489,42.3857992,3,2,1,1,4,2,2,1,5,NA,2,1,,NA,NA,NA,NA,NA,NA,NA,NA,NA,NA,NA,NA,NA,NA,NA,0,0,0,NA,,,,1,NA,1,24,3,1,,,NA,NA,NA,NA,NA,NA,NA,NA,NA,NA,NA,NA,NA,NA,0,
3561,04/08/2016 07:35:00 AM,"Cedar St and Highland Ave, Somerville, MA",-71.1124128,42.3922125,1,1,3,2,2,1,1,2,1,NA,,,,NA,NA,NA,NA,NA,NA,NA,NA,NA,NA,NA,NA,NA,NA,NA,0,1,0,1,1,,1,1,NA,1,77,3,0,,,NA,NA,NA,NA,NA,NA,NA,NA,NA,NA,NA,NA,NA,NA,0,
3562,4/10/2016 unk,"301 Great River Rd, Somerville, MA",-71.081044,42.395754,1,1,1,7,3,1,1,1,2,10,,,,NA,NA,NA,NA,NA,NA,NA,NA,NA,NA,NA,NA,NA,NA,NA,0,0,1,NA,,"Curb, flower bed",,0,NA,,,,,,,NA,NA,NA,NA,NA,NA,NA,NA,NA,NA,NA,NA,NA,NA,0,
3563,04/11/2016 08:26:00 AM,"Lowell St and Medford St, Somerville, MA",-71.1036591,42.396406,1,1,3,3,1,1,1,7,12,NA,,,,NA,NA,NA,NA,NA,NA,NA,NA,NA,NA,NA,NA,NA,NA,NA,0,0,1,NA,,Traffic signal,,0,NA,,,,,,,NA,NA,NA,NA,NA,NA,NA,NA,NA,NA,NA,NA,NA,NA,0,
3564,04/12/2016 11:00:00 AM,"Packard Ave, Somerville, MA",-71.1232672,42.4047614,3,2,1,1,1,3,2,1,1,NA,11,1,,NA,NA,NA,NA,NA,NA,NA,NA,NA,NA,NA,NA,NA,NA,NA,0,0,0,NA,,,,0,NA,,,,,,,NA,NA,NA,NA,NA,NA,NA,NA,NA,NA,NA,NA,NA,NA,1,
3565,04/13/2016 11:27:00 AM,"Broadway and Main St, Somerville, MA",-71.0975984,42.3947314,1,1,3,3,2,2,2,2,1,NA,2,3,,NA,NA,NA,NA,NA,NA,NA,NA,NA,NA,NA,NA,NA,NA,NA,0,0,0,NA,,,,0,NA,,,,,,,NA,NA,NA,NA,NA,NA,NA,NA,NA,NA,NA,NA,NA,NA,1,
3566,04/13/2016 06:31:00 PM,"Medford St and Partridge Ave, Somerville, MA",-71.1027047,42.3951947,1,1,1,3,1,3,2,2,4,NA,2,1,,NA,NA,NA,NA,NA,NA,NA,NA,NA,NA,NA,NA,NA,NA,NA,0,0,0,NA,,,,1,NA,0,26,4,0,,,NA,NA,NA,NA,NA,NA,NA,NA,NA,NA,NA,NA,NA,NA,0,
3567,04/13/2016 06:30:00 PM,"320 Canal St, Somerville, MA",-71.0804747,42.3940229,1,1,1,1,1,4,2,1,1,NA,1,1,,NA,NA,NA,NA,NA,NA,NA,NA,NA,NA,NA,NA,NA,NA,NA,0,0,0,NA,,,,0,NA,,,,,,,NA,NA,NA,NA,NA,NA,NA,NA,NA,NA,NA,NA,NA,NA,0,
3568,04/14/2016 09:10:00 AM,"Temple St and Sewall St, Somerville, MA",-71.0925535,42.3936272,1,1,1,3,1,4,2,2,1,NA,1,4,,NA,NA,NA,NA,NA,NA,NA,NA,NA,NA,NA,NA,NA,NA,NA,0,0,0,NA,,,,0,NA,,,,,,,NA,NA,NA,NA,NA,NA,NA,NA,NA,NA,NA,NA,NA,NA,0,
3569,04/14/2016 11:17:00 AM,"Sewall St and Grant St, Somerville, MA",-71.0907762,42.3923482,1,1,1,3,3,4,2,1,10,NA,6,1,,NA,NA,NA,NA,NA,NA,NA,NA,NA,NA,NA,NA,NA,NA,NA,0,0,0,NA,,,,0,NA,,,,,,,NA,NA,NA,NA,NA,NA,NA,NA,NA,NA,NA,NA,NA,NA,0,
3570,04/14/2016 09:22:00 PM,"Broadway and Main St, Somerville, MA",-71.0975984,42.3947314,1,1,3,2,2,1,1,1,11,NA,,,,NA,NA,NA,NA,NA,NA,NA,NA,NA,NA,NA,NA,NA,NA,NA,0,0,1,NA,,Median,,0,NA,,,,,,,NA,NA,NA,NA,NA,NA,NA,NA,NA,NA,NA,NA,NA,NA,0,
3571,04/17/2016 01:27:00 AM,"Bleachery Court, Somerville, MA",-71.1089648,42.3833915,1,1,1,1,1,3,4,2,1,NA,2,10,,2,1,NA,NA,NA,NA,NA,NA,NA,NA,NA,NA,NA,NA,NA,0,1,0,NA,,,8,1,3,1,,99,1,0,,99,1,1,34,99,1,NA,NA,NA,NA,NA,NA,NA,NA,NA,
3572,04/17/2016 02:45:00 PM,"12 Highland Ave, Somerville, MA",-71.0931744,42.3845097,1,1,1,1,1,3,2,1,99,NA,1,4,,NA,NA,NA,NA,NA,NA,NA,NA,NA,NA,NA,NA,NA,NA,NA,0,0,0,NA,,,,0,NA,,,,,,,NA,NA,NA,NA,NA,NA,NA,NA,NA,NA,NA,NA,NA,NA,0,
3573,04/17/2016 03:12:00 PM,"175 Elm St, Somerville, MA",-71.1197895,42.392657,1,1,1,1,1,4,2,1,11,NA,1,,,NA,NA,NA,NA,NA,NA,NA,NA,NA,NA,NA,NA,NA,NA,NA,0,1,0,4,7,,8,1,2,0,,3,0,0,30,4,0,NA,NA,NA,NA,NA,NA,NA,NA,NA,NA,NA,NA,0,
3575,04/19/2016 06:15:00 PM,"Kidder Ave and Bay State Ave, Somerville, MA",-71.1159261,42.3982838,1,1,2,3,2,8,2,1,99,NA,1,99,,NA,NA,NA,NA,NA,NA,NA,NA,NA,NA,NA,NA,NA,NA,NA,0,0,0,NA,,,,0,NA,,,,,,,NA,NA,NA,NA,NA,NA,NA,NA,NA,NA,NA,NA,NA,NA,0,
3576,04/19/2016 10:30:00 AM,"Holland St and Paulina St, Somerville, MA",-71.1252368,42.3998502,2,1,1,2,1,4,2,6,1,NA,2,,,NA,NA,NA,NA,NA,NA,NA,NA,NA,NA,NA,NA,NA,NA,NA,0,0,0,NA,,,,0,NA,,,,,,,NA,NA,NA,NA,NA,NA,NA,NA,NA,NA,NA,NA,NA,NA,0,
3577,04/19/2016 03:52:00 PM,"114 Temple St, Somerville, MA",-71.0900588,42.3956935,1,1,1,1,2,4,3,6,19,20,1,,,1,NA,NA,NA,NA,NA,NA,NA,NA,NA,NA,NA,NA,NA,NA,0,0,0,NA,,,,1,NA,1,26,4,1,,,NA,NA,NA,NA,NA,NA,NA,NA,NA,NA,NA,NA,NA,NA,0,
3578,04/21/2016 06:54:00 PM,"74 Simpson Ave, Somerville, MA",-71.122727,42.401206,1,1,1,1,4,2,3,2,7,NA,2,,,2,NA,NA,NA,NA,NA,NA,NA,NA,NA,NA,NA,NA,NA,NA,0,0,0,NA,,,,0,NA,,,,,,,NA,NA,NA,NA,NA,NA,NA,NA,NA,NA,NA,NA,NA,NA,0,